# Blender 5.0.1
# www.blender.org
mtllib Untitled.mtl
o bunny
v -0.003410 0.130320 0.021754
v -0.081719 0.152501 0.029656
v -0.030543 0.124779 0.001098
v -0.024902 0.112111 0.037560
v -0.018406 0.178431 -0.024220
v 0.019068 0.121449 0.031968
v 0.006041 0.124944 0.032653
v -0.013469 0.162994 -0.012000
v -0.034393 0.172367 -0.000982
v -0.084314 0.109573 0.003710
v -0.042234 0.172116 -0.004180
v -0.063308 0.156606 -0.013839
v -0.076904 0.167080 -0.026931
v -0.072254 0.115396 0.051670
v 0.012981 0.113664 0.038303
v -0.037857 0.170101 0.001424
v 0.004869 0.037962 0.045868
v -0.057181 0.040919 0.046301
v -0.045209 0.038839 0.044504
v -0.033761 0.126179 0.001713
v -0.050242 0.157737 0.009394
v -0.021217 0.158879 -0.004692
v -0.056473 0.157784 0.008179
v -0.052802 0.041320 0.046170
v -0.049960 0.043102 0.044463
v -0.029749 0.036540 0.052493
v -0.003544 0.042660 0.047542
v 0.004930 0.041983 0.045723
v -0.039088 0.168720 -0.011925
v -0.056901 0.045437 0.043237
v -0.041245 0.043099 0.042130
v -0.026472 0.045035 0.051219
v -0.021867 0.044023 0.053244
v -0.036996 0.168993 0.001326
v -0.067217 0.161713 -0.013734
v 0.049760 0.070235 0.023732
v -0.049187 0.046411 0.041170
v -0.044590 0.043798 0.042685
v -0.043686 0.047155 0.040286
v -0.022492 0.046514 0.051885
v -0.006517 0.045036 0.047503
v 0.000377 0.044936 0.046520
v 0.034024 0.113539 0.024595
v -0.026468 0.181043 -0.008081
v -0.017533 0.047964 0.048830
v -0.007001 0.046417 0.047486
v 0.005986 0.046689 0.049074
v 0.009101 0.048474 0.049353
v -0.035454 0.112448 0.035055
v -0.075983 0.138208 0.049217
v 0.034838 0.043153 0.028954
v -0.052656 0.048494 0.038731
v -0.047379 0.048457 0.039127
v -0.038934 0.046364 0.040365
v -0.026469 0.047816 0.049323
v -0.022366 0.048074 0.050126
v -0.013373 0.047892 0.047884
v -0.012193 0.049470 0.049484
v -0.000634 0.047193 0.049137
v 0.002066 0.050105 0.052290
v -0.022749 0.049884 0.046606
v -0.018002 0.049918 0.046948
v -0.007804 0.050169 0.050989
v -0.002684 0.051247 0.053187
v -0.063876 0.161401 -0.020064
v 0.032434 0.045334 0.030317
v -0.088065 0.124968 0.000574
v -0.041504 0.167485 0.003277
v -0.064457 0.153429 -0.005118
v -0.034303 0.050520 0.038286
v -0.022949 0.051021 0.043926
v -0.014355 0.054428 0.050710
v 0.001377 0.052303 0.053149
v 0.003629 0.053199 0.053423
v 0.008072 0.051574 0.051774
v -0.072666 0.130056 0.051668
v 0.037993 0.049793 0.031902
v 0.038497 0.048062 0.031737
v 0.021504 0.125640 0.021253
v -0.076481 0.148274 -0.008938
v -0.087240 0.119672 -0.000178
v -0.043720 0.168227 0.002342
v -0.040652 0.122665 0.026290
v -0.046686 0.054571 0.037587
v -0.044072 0.051058 0.038978
v -0.038144 0.050600 0.039302
v -0.019876 0.051608 0.046142
v -0.016911 0.051844 0.048459
v -0.016249 0.054292 0.050307
v -0.010447 0.053686 0.051959
v -0.004309 0.054468 0.053908
v 0.007815 0.055051 0.052750
v 0.037955 0.104887 -0.003203
v -0.079004 0.128505 0.053149
v -0.079779 0.134489 0.050990
v -0.059130 0.150397 0.034490
v -0.065692 0.149618 0.038161
v -0.031952 0.125184 0.019401
v -0.069373 0.160618 -0.009191
v -0.045226 0.129355 0.020378
v -0.041879 0.056164 0.039797
v -0.030615 0.054413 0.036694
v -0.024788 0.052606 0.040840
v -0.021589 0.056837 0.045467
v -0.000243 0.054536 0.054641
v -0.080901 0.125587 0.052155
v -0.029996 0.178111 -0.005236
v 0.035515 0.050450 0.031440
v 0.043316 0.052146 0.032492
v -0.063939 0.152627 0.034481
v -0.044489 0.061078 0.039545
v -0.038980 0.057996 0.040151
v -0.079088 0.170445 -0.041373
v -0.004625 0.057760 0.053991
v -0.001499 0.055925 0.054631
v 0.005198 0.057018 0.053424
v 0.000031 0.123157 0.034750
v 0.033568 0.115237 0.021798
v 0.038686 0.056451 0.031189
v -0.034386 0.054096 0.038060
v -0.008531 0.060159 0.055309
v -0.000440 0.058343 0.054483
v -0.091079 0.115060 0.040142
v 0.040775 0.054557 0.032015
v 0.045637 0.057403 0.031992
v 0.020359 0.124487 0.025906
v -0.014170 0.127679 0.001308
v -0.011988 0.057493 0.052752
v 0.003251 0.059829 0.055464
v -0.012395 0.122647 0.033588
v 0.013814 0.123222 0.032503
v -0.077004 0.155213 0.024535
v -0.028001 0.061075 0.037471
v -0.000855 0.060594 0.055825
v -0.038050 0.115271 0.033179
v -0.016231 0.123829 0.029577
v -0.025374 0.158400 -0.001480
v -0.067819 0.154544 0.030234
v -0.004308 0.061419 0.055688
v -0.003196 0.119125 0.038350
v -0.006429 0.122011 0.035741
v 0.042313 0.059099 0.030848
v 0.048510 0.061781 0.030347
v 0.050412 0.060313 0.030245
v -0.039186 0.063075 0.041383
v -0.034449 0.060781 0.039544
v -0.014746 0.065584 0.053731
v 0.002665 0.062700 0.056525
v -0.013992 0.119626 0.036252
v 0.019659 0.112362 0.037545
v -0.032597 0.174987 -0.002595
v -0.002151 0.099437 0.049850
v -0.056001 0.061831 0.027931
v -0.054707 0.063462 0.031671
v -0.051308 0.060522 0.031435
v -0.041979 0.069630 0.041825
v -0.030272 0.062475 0.037982
v -0.011388 0.064742 0.054918
v 0.006954 0.064700 0.055599
v 0.043015 0.097691 0.001026
v 0.040636 0.061575 0.029841
v 0.046184 0.061910 0.030223
v 0.037553 0.106853 0.026303
v -0.078641 0.163872 -0.028388
v -0.061996 0.147615 -0.004326
v -0.005750 0.065489 0.056173
v 0.000254 0.065741 0.056569
v -0.020543 0.119795 0.033004
v 0.004316 0.127826 0.028647
v -0.046550 0.067652 0.039636
v -0.017421 0.069659 0.054090
v -0.015242 0.070910 0.055005
v -0.010283 0.068926 0.055290
v -0.000113 0.069288 0.056580
v -0.036309 0.118769 0.030674
v -0.070326 0.063368 0.019809
v 0.043023 0.063796 0.028039
v 0.042831 0.085556 0.027874
v 0.016982 0.127150 0.022931
v -0.042121 0.128251 0.001075
v 0.016329 0.122519 0.031375
v -0.081264 0.153812 0.025898
v -0.032258 0.088193 -0.025131
v -0.013775 0.070888 0.054696
v 0.005293 0.068006 0.055670
v 0.007696 0.072376 0.056062
v 0.003483 0.120026 0.036912
v 0.006653 0.116736 0.038716
v 0.046087 0.066474 0.026809
v 0.052327 0.064327 0.028282
v -0.061898 0.122971 -0.008773
v -0.006393 0.105245 -0.022842
v -0.035218 0.068560 0.041381
v -0.032690 0.067730 0.040124
v -0.029245 0.069552 0.039369
v -0.005002 0.069655 0.056893
v 0.016574 0.118902 0.035042
v -0.089385 0.099024 0.017522
v 0.045719 0.069489 0.023549
v 0.054537 0.068797 0.024518
v -0.044989 0.071577 0.041929
v -0.004244 0.129149 0.025829
v -0.073880 0.120916 0.053396
v -0.074034 0.144069 0.044995
v 0.050400 0.067292 0.026851
v -0.054057 0.156716 -0.002487
v 0.026148 0.120147 0.027308
v -0.010736 0.129903 0.010994
v -0.045079 0.087261 -0.021866
v -0.038341 0.068844 0.041846
v -0.029256 0.075169 0.041186
v -0.047311 0.162960 0.006074
v -0.011866 0.073184 0.056250
v -0.006373 0.072184 0.057973
v -0.002994 0.072186 0.058167
v -0.025781 0.093778 -0.028388
v -0.016693 0.115686 0.037853
v -0.084123 0.108320 0.024731
v -0.074294 0.163568 -0.015534
v -0.094297 0.126177 0.019225
v -0.035207 0.125052 0.021636
v -0.049496 0.073436 0.041674
v -0.033064 0.076655 0.041278
v -0.007316 0.073920 0.057972
v 0.000022 0.073496 0.057697
v 0.004193 0.072915 0.056299
v -0.077256 0.145659 0.043123
v 0.041073 0.088724 -0.009788
v 0.037419 0.108508 0.000340
v -0.055111 0.074688 0.041940
v -0.042740 0.076995 0.042804
v -0.068531 0.156300 0.020998
v -0.009944 0.076343 0.057389
v -0.003248 0.075711 0.058715
v 0.013414 0.093074 0.051468
v -0.073504 0.093883 -0.014752
v -0.074472 0.135075 0.050689
v -0.025851 0.121829 0.026080
v -0.034023 0.175971 -0.003727
v -0.075406 0.168391 -0.026793
v -0.036658 0.075087 0.042007
v -0.017795 0.077486 0.056087
v -0.011379 0.079877 0.057699
v -0.000104 0.076882 0.058191
v 0.002738 0.079106 0.056719
v 0.005568 0.076397 0.056327
v -0.061896 0.154242 -0.019019
v -0.072647 0.140989 0.046977
v 0.015800 0.129014 0.013237
v -0.011703 0.097356 0.051592
v -0.058922 0.077545 0.042961
v -0.053121 0.077912 0.043335
v -0.050746 0.076148 0.043138
v -0.047402 0.075550 0.042630
v -0.045056 0.078796 0.042341
v -0.039518 0.078128 0.042919
v -0.015246 0.082941 0.056935
v -0.014558 0.076582 0.056493
v -0.005941 0.079038 0.057970
v 0.037177 0.110644 0.018811
v 0.002393 0.131627 0.011955
v -0.093644 0.117894 0.018662
v -0.063940 0.078622 0.042084
v -0.045376 0.082384 0.043282
v -0.036505 0.081152 0.043162
v -0.033244 0.082267 0.041852
v -0.030801 0.080068 0.041798
v -0.002058 0.080998 0.057554
v 0.008185 0.080756 0.055375
v -0.012953 0.115936 0.038920
v -0.078081 0.123519 0.052137
v -0.026581 0.155677 -0.004196
v -0.082472 0.116241 -0.002324
v -0.027538 0.079965 0.047697
v 0.001256 0.083846 0.057446
v 0.006151 0.083406 0.056463
v -0.062433 0.084035 0.044203
v -0.059867 0.080541 0.043277
v -0.055238 0.081999 0.044985
v -0.054000 0.080568 0.044601
v -0.050027 0.081311 0.044264
v -0.041996 0.081084 0.042456
v -0.039358 0.083631 0.043502
v -0.086161 0.108386 0.018245
v -0.086723 0.099917 0.003554
v -0.022414 0.083284 0.055591
v -0.016993 0.082556 0.057524
v -0.012406 0.085223 0.057268
v -0.007444 0.116934 0.039284
v -0.002145 0.111433 0.042437
v -0.075718 0.125227 0.053087
v -0.077057 0.131935 0.052462
v -0.061121 0.155697 0.022517
v -0.037539 0.127441 0.015321
v -0.002052 0.100935 0.045626
v -0.064992 0.084551 0.044120
v -0.057862 0.083944 0.044186
v -0.045681 0.084988 0.044159
v -0.035023 0.082888 0.042913
v -0.029982 0.085402 0.043745
v -0.088892 0.099209 0.009570
v -0.019135 0.083475 0.057217
v -0.083490 0.107247 0.000758
v -0.070113 0.117904 0.052714
v -0.035526 0.175956 -0.004868
v -0.070831 0.122544 0.053275
v 0.045134 0.093631 0.006234
v -0.053617 0.085347 0.045332
v -0.049001 0.086222 0.045352
v -0.036745 0.086084 0.043613
v -0.010873 0.088827 0.056665
v -0.003845 0.084788 0.057198
v -0.049020 0.117713 0.031581
v -0.042914 0.118360 0.030645
v -0.057685 0.155617 0.012983
v -0.025412 0.124725 0.000129
v 0.019012 0.127362 0.017787
v -0.059499 0.088845 0.045109
v -0.056931 0.088101 0.044693
v 0.003577 0.131390 0.007209
v -0.016683 0.087267 0.056741
v -0.008498 0.083990 0.057605
v 0.003508 0.086340 0.057048
v -0.028399 0.180707 -0.007847
v -0.076566 0.116740 0.051489
v 0.017869 0.090899 0.048713
v -0.040342 0.116696 0.032460
v 0.005911 0.131409 0.016824
v -0.085778 0.091701 -0.000047
v -0.050372 0.088845 0.045188
v -0.044434 0.087655 0.043478
v -0.042056 0.086712 0.042535
v -0.033058 0.086186 0.042560
v -0.029242 0.090453 0.044237
v -0.006896 0.084433 0.057169
v -0.006621 0.090415 0.056880
v -0.001244 0.089093 0.056552
v 0.009408 0.090328 0.054214
v 0.040195 0.102316 -0.002005
v -0.086227 0.114668 0.002210
v -0.089495 0.095632 0.014235
v -0.067132 0.157094 -0.006203
v -0.052936 0.090914 0.044569
v -0.036745 0.088887 0.043312
v -0.013626 0.089788 0.056674
v 0.023337 0.123534 0.024874
v -0.037054 0.127151 0.000355
v -0.073697 0.156130 0.014360
v -0.065592 0.091042 0.044092
v -0.058997 0.092031 0.045335
v -0.033239 0.088574 0.043697
v -0.031835 0.090723 0.044173
v -0.020022 0.088032 0.055589
v -0.011214 0.092366 0.056105
v 0.039108 0.108291 0.013142
v 0.028676 0.119596 0.024546
v -0.068940 0.156528 -0.001972
v -0.062615 0.091127 0.045091
v 0.030445 0.118864 0.020822
v -0.015241 0.091822 0.055817
v -0.005622 0.093235 0.055894
v 0.004799 0.091655 0.054715
v -0.068282 0.092377 0.042389
v -0.055624 0.092187 0.045055
v -0.051901 0.095458 0.043938
v -0.048809 0.091084 0.044457
v -0.045412 0.091002 0.043253
v -0.044515 0.094860 0.042972
v -0.039430 0.089598 0.043178
v -0.035642 0.092617 0.044238
v -0.000122 0.093201 0.055398
v 0.009510 0.095484 0.050911
v 0.021442 0.091355 0.048043
v -0.008983 0.169264 -0.022683
v -0.073019 0.156021 0.022419
v -0.064760 0.153116 -0.002037
v -0.069369 0.095243 0.042129
v -0.060117 0.095553 0.044184
v -0.029242 0.094290 0.044821
v -0.026561 0.093290 0.044975
v -0.014394 0.094588 0.053993
v -0.008869 0.095400 0.054446
v -0.001219 0.096202 0.053816
v 0.004048 0.095817 0.052937
v -0.004602 0.124285 0.033472
v -0.078436 0.139280 0.048329
v 0.010775 0.130792 0.014342
v -0.056624 0.096322 0.043668
v -0.036299 0.095696 0.043580
v -0.024380 0.095866 0.044435
v 0.010916 0.126336 0.029857
v -0.005862 0.097350 0.052744
v 0.016973 0.097107 0.047441
v -0.067232 0.099174 0.041594
v -0.054994 0.099641 0.042955
v -0.048618 0.096453 0.044183
v -0.055369 0.154425 0.016161
v -0.094244 0.122074 0.023568
v 0.013243 0.096738 0.048750
v 0.020639 0.096602 0.046971
v 0.007343 0.120982 0.035973
v -0.013494 0.128824 0.005969
v -0.020111 0.125045 0.023588
v -0.069438 0.164799 -0.017219
v -0.064028 0.097839 0.042565
v -0.051996 0.099708 0.042717
v -0.043991 0.099425 0.042383
v -0.039738 0.102154 0.040574
v -0.035931 0.099810 0.042336
v -0.030868 0.096915 0.044651
v -0.028342 0.097783 0.043761
v -0.025623 0.098713 0.044211
v -0.085237 0.110774 0.024538
v 0.007194 0.098859 0.048420
v 0.009651 0.101088 0.047373
v 0.013487 0.100764 0.047454
v 0.007739 0.131475 0.011683
v 0.000809 0.116333 0.040168
v -0.072653 0.165679 -0.018212
v -0.005601 0.130767 0.010516
v -0.026304 0.125189 0.017393
v -0.047590 0.100812 0.042349
v -0.041461 0.098545 0.041779
v -0.033582 0.103839 0.040738
v -0.022870 0.102847 0.043545
v -0.022362 0.098208 0.044766
v -0.018871 0.098973 0.044489
v -0.071434 0.077574 0.038061
v -0.073001 0.118267 0.053035
v -0.068466 0.134981 -0.008336
v -0.074684 0.107861 -0.009048
v -0.064959 0.158520 -0.012595
v -0.078932 0.150931 0.035152
v -0.074114 0.099443 0.038338
v -0.070457 0.100988 0.039794
v -0.059059 0.100413 0.042725
v -0.049187 0.104520 0.040301
v -0.029151 0.101974 0.042633
v -0.011600 0.101078 0.044192
v 0.005145 0.101639 0.045423
v -0.051496 0.104967 0.040347
v -0.020218 0.102144 0.043701
v 0.004252 0.105237 0.042564
v 0.016833 0.103375 0.045287
v -0.025661 0.125627 0.004554
v -0.072142 0.105367 0.037523
v -0.064985 0.103716 0.040648
v -0.060652 0.104672 0.040906
v -0.055309 0.103654 0.041517
v -0.044243 0.104317 0.041340
v -0.015513 0.104361 0.042919
v -0.007632 0.103045 0.043711
v -0.007805 0.105166 0.043825
v 0.009716 0.105235 0.043604
v 0.030300 0.115536 0.028685
v -0.047497 0.106357 0.040166
v -0.038979 0.106830 0.038248
v -0.025869 0.104267 0.042208
v -0.018058 0.105039 0.042803
v -0.015180 0.108077 0.042350
v -0.003898 0.105662 0.044047
v 0.000027 0.104467 0.043776
v 0.011978 0.104036 0.045396
v 0.015005 0.107269 0.041812
v 0.026488 0.122303 0.020398
v -0.036226 0.106342 0.038645
v -0.021127 0.109323 0.040715
v -0.012820 0.104571 0.043466
v 0.005285 0.109437 0.041675
v 0.008940 0.107106 0.041243
v -0.051840 0.160620 0.007142
v -0.054201 0.114517 0.034844
v 0.013226 0.129581 0.019690
v -0.069382 0.108658 0.037508
v -0.067691 0.107341 0.038018
v -0.063782 0.110373 0.037580
v -0.050749 0.109287 0.038298
v -0.009394 0.107428 0.043455
v 0.001176 0.109325 0.042663
v 0.009802 0.110040 0.039945
v 0.020131 0.107328 0.040324
v -0.002787 0.105775 -0.022459
v -0.054997 0.107742 0.039425
v -0.045967 0.109051 0.038754
v -0.042325 0.107373 0.039456
v -0.032161 0.108965 0.038103
v -0.030770 0.115973 0.032859
v -0.011609 0.109837 0.042475
v -0.029428 0.093167 -0.024932
v -0.080044 0.092080 -0.009420
v -0.049797 0.113421 0.035118
v -0.043724 0.161914 0.005771
v -0.057982 0.109432 0.037998
v -0.041491 0.112248 0.035873
v -0.024930 0.115928 0.034095
v -0.020882 0.114095 0.037873
v -0.007552 0.111838 0.042040
v 0.003767 0.112405 0.041495
v -0.062830 0.151895 -0.009237
v -0.059196 0.113208 0.036235
v -0.051079 0.093893 -0.021762
v -0.073945 0.084375 -0.015154
v -0.072146 0.134864 -0.007759
v -0.019409 0.170411 -0.020995
v -0.055530 0.149055 -0.001960
v 0.016688 0.036977 0.043001
v -0.052277 0.117751 0.033769
v -0.069201 0.093039 -0.016486
v 0.026579 0.117024 0.030868
v -0.023574 0.037037 0.054145
v -0.007378 0.038988 0.048929
v 0.013235 0.038453 0.044501
v 0.019487 0.040809 0.042641
v -0.063954 0.146947 0.038484
v -0.049579 0.036097 0.045955
v -0.043324 0.036286 0.044042
v -0.029047 0.125563 0.007762
v -0.001734 0.039477 0.047263
v -0.031358 0.153622 -0.004674
v 0.002582 0.107476 -0.020606
v -0.056802 0.145147 0.031740
v -0.056464 0.037683 0.046820
v -0.050965 0.038312 0.046286
v -0.050980 0.134866 0.027585
v -0.025647 0.038861 0.054161
v -0.022542 0.040616 0.053986
v -0.017618 0.038911 0.052403
v -0.019712 0.168291 -0.013021
v 0.023780 0.095223 0.046347
v 0.014744 0.042717 0.044510
v 0.021691 0.040162 0.040846
v -0.064067 0.090172 -0.018856
v 0.020319 0.100420 0.045761
v -0.036425 0.093631 -0.023535
v -0.014981 0.042571 0.051405
v -0.057335 0.123401 0.040231
v -0.054173 0.123379 0.037576
v 0.022625 0.043622 0.040905
v 0.028811 0.043352 0.032158
v -0.042764 0.157275 0.005202
v 0.009223 0.044125 0.045057
v 0.015048 0.045756 0.043794
v -0.063757 0.102511 -0.017484
v -0.034070 0.161490 -0.013787
v -0.082191 0.075610 0.016543
v -0.066299 0.123371 0.050616
v -0.015510 0.045283 0.050653
v 0.018928 0.044250 0.043010
v 0.025822 0.046327 0.038277
v 0.027269 0.044548 0.036153
v -0.045301 0.156951 0.007204
v 0.023856 0.106166 0.039378
v 0.021633 0.048127 0.040694
v 0.043785 0.048804 0.031343
v 0.048075 0.048970 0.028165
v 0.052663 0.047674 0.021201
v -0.052722 0.044723 0.044143
v -0.030072 0.172583 -0.006360
v -0.034508 0.154475 0.001650
v 0.010630 0.046712 0.046472
v 0.016743 0.048439 0.043679
v 0.028827 0.092133 0.043920
v -0.059937 0.127262 0.040771
v -0.036752 0.158021 0.004186
v -0.037885 0.161997 0.000247
v -0.022048 0.183486 -0.012095
v -0.024365 0.180968 -0.009831
v -0.044882 0.150530 0.007645
v 0.026997 0.051318 0.038752
v 0.047736 0.052751 0.030797
v 0.051704 0.048857 0.024148
v -0.067504 0.114241 0.048036
v -0.016258 0.160313 -0.009693
v -0.063926 0.167924 -0.040730
v -0.041665 0.149961 0.004540
v -0.035203 0.164936 -0.002681
v 0.041319 0.099497 0.024276
v 0.014055 0.052524 0.048594
v 0.019421 0.051321 0.044799
v 0.023678 0.051474 0.041053
v 0.034258 0.051931 0.032758
v 0.055957 0.053147 0.023198
v -0.039938 0.149228 0.001602
v -0.046989 0.126008 0.026985
v -0.027708 0.090081 -0.031911
v 0.019205 0.055167 0.047722
v 0.021886 0.053928 0.045102
v 0.031286 0.052864 0.036914
v 0.046661 0.054719 0.031977
v 0.051824 0.053277 0.027927
v -0.029265 0.161404 -0.002104
v -0.068701 0.144635 0.043042
v -0.056070 0.150007 0.029868
v 0.044718 0.094803 0.012025
v -0.041804 0.155821 0.006455
v -0.068369 0.122893 0.052438
v -0.064115 0.095510 -0.018115
v -0.018383 0.185437 -0.017136
v 0.011745 0.056678 0.051914
v -0.059375 0.119982 0.040548
v 0.059092 0.057957 0.020270
v 0.043548 0.097389 0.017315
v -0.026292 0.159634 -0.000518
v 0.014905 0.056350 0.049523
v 0.024286 0.054959 0.043087
v 0.028953 0.056125 0.040389
v -0.049508 0.129495 0.030259
v 0.040825 0.095170 0.028658
v 0.017775 0.058244 0.048865
v 0.033574 0.058515 0.038311
v 0.036385 0.056996 0.033601
v -0.064205 0.122439 0.048008
v -0.065425 0.140113 0.041309
v 0.050801 0.057308 0.030001
v 0.056672 0.056971 0.024292
v -0.049350 0.149135 0.011274
v -0.069761 0.134429 0.048265
v 0.019537 0.060004 0.048576
v 0.027014 0.059953 0.043454
v 0.057679 0.061393 0.024202
v -0.056917 0.126235 0.039427
v 0.023469 0.116563 0.033537
v -0.058299 0.138855 0.032937
v 0.006460 0.060297 0.054780
v 0.010406 0.059162 0.052484
v 0.023184 0.058654 0.045871
v 0.033040 0.061774 0.039781
v -0.064348 0.126281 0.046650
v -0.057031 0.115620 0.036495
v 0.054452 0.058343 0.027653
v -0.030134 0.170113 -0.007359
v -0.037077 0.159864 0.001610
v -0.056033 0.137311 0.031971
v -0.067676 0.141503 0.043868
v 0.009991 0.062735 0.054009
v 0.014522 0.061383 0.050501
v 0.030052 0.062170 0.041546
v 0.037519 0.061063 0.034366
v 0.053944 0.061392 0.028269
v 0.059120 0.063129 0.021562
v -0.024366 0.176933 -0.011720
v -0.013253 0.166272 -0.014120
v 0.039219 0.106693 0.020450
v -0.017969 0.180780 -0.018103
v 0.021902 0.060876 0.047282
v 0.035342 0.061630 0.037606
v -0.062146 0.135998 0.036701
v 0.056821 0.063691 0.025286
v -0.032800 0.159487 0.002196
v 0.011212 0.066584 0.053982
v 0.012920 0.064204 0.052441
v 0.020127 0.063851 0.047920
v 0.035972 0.066670 0.037781
v 0.039907 0.064361 0.031687
v -0.066702 0.132106 0.045481
v -0.041601 0.159780 0.003537
v 0.033045 0.107663 0.031916
v 0.024672 0.063694 0.045205
v 0.026109 0.068008 0.043903
v 0.033364 0.067055 0.039729
v 0.042916 0.066708 0.026995
v 0.054715 0.064697 0.026980
v -0.016531 0.163250 -0.009248
v -0.017892 0.161138 -0.006707
v 0.041118 0.097491 -0.003976
v 0.023387 0.070076 0.047013
v 0.038103 0.065678 0.035133
v 0.010145 0.122217 0.034719
v 0.058392 0.066741 0.021979
v 0.038302 0.084549 -0.014479
v 0.034126 0.097054 0.037590
v -0.031356 0.158099 0.001913
v -0.058260 0.140995 0.032441
v -0.066817 0.119515 0.051490
v -0.068090 0.116471 0.051151
v 0.016568 0.066270 0.051010
v 0.029363 0.066510 0.042289
v 0.037027 0.093950 -0.011674
v 0.056413 0.067660 0.023969
v -0.061296 0.145200 0.037138
v 0.008387 0.113362 0.039793
v 0.011807 0.070921 0.054240
v 0.029742 0.070647 0.041654
v 0.036294 0.071221 0.037115
v 0.039900 0.070295 0.032720
v -0.062763 0.137780 0.036679
v -0.015815 0.175049 -0.018654
v -0.092269 0.114752 0.017017
v -0.000950 0.101411 0.044290
v -0.063713 0.112742 0.038007
v -0.061096 0.117017 0.039654
v 0.020992 0.069335 0.049004
v 0.025659 0.070550 0.044540
v 0.032979 0.073501 0.040487
v 0.042156 0.069718 0.028318
v -0.055517 0.129561 0.036598
v -0.040802 0.164361 0.003745
v -0.006255 0.101217 0.044322
v -0.010987 0.166212 -0.016048
v -0.030351 0.164482 -0.005329
v 0.026111 0.100890 0.041733
v -0.065600 0.113295 0.042319
v 0.028815 0.096713 0.042258
v 0.015263 0.071572 0.052717
v 0.028982 0.074088 0.043447
v 0.044873 0.075517 0.023155
v -0.078225 0.149625 -0.002502
v -0.046095 0.152968 0.009003
v -0.052369 0.146829 0.018935
v -0.021592 0.157634 -0.006862
v 0.017177 0.073066 0.051827
v 0.022688 0.075149 0.049312
v 0.035472 0.073077 0.038482
v -0.089481 0.138400 0.025061
v -0.053217 0.132220 0.032978
v -0.037777 0.155519 0.004370
v -0.090549 0.135119 0.021681
v -0.063367 0.130371 0.041670
v 0.014074 0.076652 0.054221
v 0.018110 0.075807 0.052488
v 0.042210 0.078861 0.029187
v -0.052116 0.141799 0.020510
v 0.029063 0.111496 0.033806
v -0.054731 0.142672 0.028980
v 0.025904 0.075536 0.046417
v 0.031299 0.075907 0.042699
v 0.038446 0.075649 0.035051
v 0.046352 0.074080 0.018354
v -0.047657 0.130775 0.025524
v -0.011447 0.171311 -0.019603
v -0.036647 0.166401 -0.000282
v -0.046654 0.159178 0.007802
v -0.045570 0.146636 0.005651
v 0.041439 0.092365 -0.007459
v -0.064287 0.134636 0.039946
v -0.061129 0.131783 0.038916
v -0.047844 0.122151 0.028833
v -0.049537 0.124913 0.031778
v -0.071135 0.138177 0.047854
v 0.010114 0.076468 0.055257
v 0.017897 0.079517 0.052760
v 0.021741 0.080251 0.050425
v 0.025272 0.078725 0.048027
v 0.030885 0.078999 0.043389
v -0.062442 0.140848 0.036966
v -0.062165 0.156668 -0.017838
v 0.020657 0.104168 0.043005
v -0.063603 0.115715 0.042572
v 0.014424 0.080086 0.053756
v 0.028779 0.082553 0.044527
v 0.044450 0.081847 0.024553
v 0.045542 0.083338 0.019701
v -0.049666 0.120638 0.032163
v -0.029177 0.176200 -0.005624
v -0.058203 0.132710 0.036919
v 0.038997 0.097088 -0.007780
v -0.054726 0.120713 0.037451
v 0.013189 0.084211 0.053066
v -0.019926 0.164897 -0.009990
v 0.020153 0.118497 0.034271
v -0.055860 0.117743 0.037253
v 0.018045 0.083623 0.051286
v -0.063757 0.159122 -0.050156
v -0.018528 0.176532 -0.017044
v 0.028734 0.103601 0.038035
v 0.041414 0.102842 0.016579
v 0.024412 0.098017 0.044687
v 0.020925 0.086311 0.049433
v 0.030445 0.084960 0.043011
v 0.033030 0.083782 0.041637
v 0.036975 0.079876 0.037198
v -0.077721 0.113559 0.048156
v 0.029250 0.106519 0.036590
v -0.053078 0.137547 0.028266
v -0.062991 0.119995 0.045236
v -0.065398 0.117520 0.048736
v 0.033374 0.112279 0.027788
v 0.038414 0.087490 0.035186
v -0.061946 0.164792 -0.056648
v -0.022876 0.173928 -0.013431
v 0.043766 0.088390 -0.003571
v 0.039292 0.101260 0.027551
v 0.010936 0.086027 0.054733
v 0.024109 0.084493 0.048292
v 0.036758 0.099195 0.032838
v -0.051942 0.125660 0.034588
v -0.031582 0.166418 -0.005732
v 0.007641 0.086427 0.056118
v 0.016771 0.088645 0.050523
v 0.034405 0.086933 0.040574
v 0.036144 0.084439 0.037937
v 0.041259 0.103611 0.002676
v 0.024766 0.110811 0.036728
v -0.022602 0.162504 -0.006072
v -0.012894 0.178790 -0.022625
v -0.024939 0.170311 -0.011330
v -0.048469 0.145596 0.008366
v 0.012534 0.089594 0.053395
v 0.025873 0.088482 0.046655
v 0.032756 0.088969 0.042215
v -0.023344 0.161034 -0.003186
v -0.092595 0.119438 0.026803
v -0.074315 0.137617 -0.006670
v -0.092499 0.121315 0.029256
v -0.077378 0.157643 -0.014134
v -0.092907 0.123070 0.036523
v 0.028423 0.088011 0.044234
v 0.035252 0.090837 0.039184
v 0.015761 0.093204 0.049939
v 0.038786 0.094954 0.032520
v -0.061511 0.123736 0.043063
v -0.068145 0.127487 0.050149
v -0.020617 0.182376 -0.014299
v 0.015137 0.115715 0.037032
v -0.050718 0.152763 0.011817
v 0.030169 0.100487 0.039405
v -0.087426 0.095470 0.004031
v -0.060010 0.142845 0.035450
v -0.058603 0.146372 0.033809
v 0.032412 0.093736 0.040890
v -0.075918 0.149977 -0.016842
v 0.018597 0.035294 -0.008678
v 0.017210 0.035259 -0.014685
v 0.044327 0.090818 0.022098
v 0.038336 0.038831 0.003094
v 0.022193 0.036775 -0.002092
v 0.019636 0.038234 -0.012508
v 0.023682 0.039763 0.037149
v 0.046693 0.042465 0.006565
v 0.021621 0.037657 -0.004702
v 0.016639 0.038196 -0.019885
v -0.090254 0.113663 0.037720
v -0.090594 0.113731 0.010277
v -0.062542 0.176795 -0.057822
v -0.011092 0.179921 -0.025996
v -0.062263 0.152199 -0.022579
v -0.042277 0.094983 -0.022562
v 0.043293 0.041864 0.002063
v 0.043780 0.044531 -0.001262
v 0.021697 0.040427 -0.009463
v -0.011184 0.164500 -0.016152
v -0.062373 0.153130 -0.028997
v -0.009249 0.177259 -0.028270
v 0.041477 0.085509 -0.009158
v -0.081269 0.108794 0.029441
v 0.049576 0.043816 0.014583
v 0.052988 0.047748 0.005042
v 0.021978 0.042855 -0.014536
v 0.018506 0.038294 -0.017137
v -0.035101 0.152034 -0.000133
v 0.048749 0.045265 0.002302
v 0.031913 0.099870 -0.014621
v -0.014223 0.161674 -0.013349
v -0.048664 0.136385 0.006806
v -0.009584 0.174261 -0.028391
v 0.052802 0.046540 0.010428
v 0.051434 0.048485 0.001040
v 0.023911 0.098022 -0.020807
v 0.024567 0.044130 -0.010821
v 0.020357 0.043662 -0.020456
v -0.021882 0.110874 -0.019695
v -0.053832 0.149817 0.025067
v 0.054114 0.047773 0.017484
v 0.056731 0.050516 0.010627
v 0.045942 0.048139 -0.003872
v -0.083818 0.111091 0.028524
v 0.029208 0.047450 -0.008508
v 0.028455 0.048067 -0.012847
v 0.026637 0.047607 -0.016428
v 0.022040 0.044992 -0.017529
v 0.019120 0.047168 -0.022115
v -0.015782 0.100730 -0.023724
v -0.062514 0.172131 -0.052788
v -0.062346 0.147455 -0.007660
v 0.045598 0.088152 0.013124
v -0.049423 0.142835 0.008973
v -0.082762 0.111623 0.044221
v -0.052166 0.150137 0.017449
v -0.063617 0.148014 -0.020170
v -0.051493 0.137964 0.023662
v -0.061518 0.175174 -0.060632
v 0.056525 0.050126 0.015564
v 0.055258 0.051416 0.003206
v 0.050318 0.052786 -0.003417
v -0.062682 0.167441 -0.045714
v 0.056520 0.051180 0.019941
v 0.056908 0.051578 0.007254
v 0.052854 0.051899 -0.000621
v -0.038921 0.033767 -0.029043
v 0.029741 0.050325 -0.013991
v -0.068796 0.035118 -0.005207
v 0.058826 0.055504 0.018648
v -0.026161 0.123100 -0.004474
v -0.053342 0.144012 0.024261
v 0.058177 0.052821 0.015182
v 0.059798 0.056840 0.013343
v 0.054550 0.056045 -0.000662
v 0.026775 0.051423 -0.020234
v -0.008696 0.172916 -0.026709
v -0.077040 0.071967 0.026405
v -0.063070 0.158975 -0.042952
v 0.035707 0.056083 -0.008999
v 0.032600 0.053708 -0.011006
v 0.029740 0.052538 -0.016225
v 0.059239 0.056363 0.009453
v 0.057422 0.056012 0.004025
v 0.029063 0.055211 -0.018042
v -0.017224 0.095214 -0.032085
v -0.085911 0.109688 0.007658
v 0.060595 0.061677 0.015592
v 0.059532 0.060505 0.005840
v 0.057306 0.059945 0.001889
v 0.038829 0.059840 -0.006425
v 0.030663 0.057300 -0.016518
v -0.027762 0.120685 -0.009015
v -0.088195 0.103146 0.017509
v 0.060779 0.061647 0.010464
v 0.035915 0.059916 -0.011967
v 0.024252 0.056457 -0.024255
v -0.061954 0.168653 -0.052621
v -0.090558 0.112760 0.016141
v -0.088469 0.111243 0.012679
v 0.059558 0.063099 0.005947
v 0.030940 0.060518 -0.018133
v -0.093576 0.124746 0.026213
v -0.093190 0.120199 0.037914
v -0.009230 0.173145 -0.024198
v -0.081739 0.076861 0.023314
v -0.036993 0.150639 -0.002037
v 0.060094 0.065693 0.018533
v 0.059837 0.066423 0.008514
v 0.040706 0.064475 -0.005592
v 0.034746 0.063261 -0.014647
v -0.061880 0.160004 -0.025806
v -0.076538 0.153449 -0.012899
v 0.038111 0.064812 -0.011142
v 0.031909 0.064657 -0.018473
v -0.083159 0.146743 0.003076
v -0.087056 0.105628 0.009765
v -0.071448 0.181053 -0.055479
v -0.085632 0.124611 -0.002734
v 0.060729 0.065807 0.013975
v 0.039910 0.068172 -0.009570
v 0.034982 0.067741 -0.015683
v -0.091822 0.127473 0.036459
v -0.062425 0.163666 -0.049667
v -0.071169 0.147402 -0.027591
v -0.050365 0.137158 0.001953
v -0.050493 0.141599 0.016292
v 0.059887 0.068513 0.016172
v -0.061407 0.172688 -0.058266
v 0.024991 0.065897 -0.023568
v -0.074853 0.149931 -0.027753
v -0.062226 0.060265 0.020449
v -0.062002 0.036435 0.043919
v 0.058375 0.071186 0.013073
v -0.036125 0.122867 -0.008293
v 0.029217 0.067850 -0.020419
v -0.041682 0.125751 -0.007019
v -0.074227 0.164370 -0.038240
v -0.009785 0.169285 -0.024757
v -0.089578 0.120783 0.003523
v -0.062312 0.163711 -0.040624
v 0.043515 0.091520 -0.002647
v -0.048434 0.137550 0.013245
v -0.089313 0.136530 0.030459
v -0.074230 0.156527 -0.025167
v 0.037379 0.073093 -0.012635
v 0.026322 0.070241 -0.023879
v -0.048024 0.144266 0.004250
v -0.092020 0.116115 0.035843
v -0.071306 0.073899 0.035970
v -0.062059 0.156978 -0.033785
v -0.009702 0.167389 -0.019360
v 0.043342 0.071676 -0.002230
v 0.041772 0.069568 -0.006160
v 0.033505 0.072810 -0.017035
v 0.029665 0.071507 -0.021282
v -0.029460 0.155503 -0.001191
v -0.086396 0.104794 0.005982
v -0.054911 0.146623 0.028439
v 0.044204 0.085204 -0.002117
v 0.043264 0.075811 -0.003884
v 0.013097 0.091126 -0.029270
v -0.067069 0.091145 -0.017426
v -0.090822 0.122769 0.006100
v 0.045620 0.074684 0.002607
v -0.093040 0.120264 0.011217
v 0.044636 0.092794 0.017832
v -0.011243 0.164575 -0.018241
v 0.045511 0.086953 0.003887
v 0.046253 0.077374 0.006914
v 0.040282 0.072637 -0.009288
v 0.043218 0.099487 0.005015
v -0.051108 0.145202 0.014279
v 0.044693 0.092689 0.002247
v 0.043423 0.091860 0.024538
v 0.040751 0.105547 0.007507
v -0.085613 0.096277 -0.000665
v 0.040721 0.078476 -0.008213
v 0.035538 0.076063 -0.014435
v -0.092737 0.120731 0.032693
v -0.062279 0.151666 -0.014673
v 0.044960 0.080943 0.000611
v 0.037815 0.079698 -0.013290
v 0.033864 0.078657 -0.017632
v -0.091044 0.141999 0.021730
v -0.074004 0.178185 -0.053916
v -0.061769 0.160680 -0.034046
v -0.049747 0.141125 0.005294
v 0.041065 0.090461 0.029889
v -0.072916 0.065057 0.018795
v -0.090950 0.138954 0.017371
v 0.042879 0.100938 0.009475
v -0.072455 0.176107 -0.053535
v -0.075863 0.150713 -0.009021
v -0.085270 0.102678 0.001394
v -0.077026 0.113968 -0.004617
v 0.046281 0.078702 0.014786
v 0.042107 0.081533 -0.006669
v 0.036524 0.081992 -0.016230
v -0.037420 0.045428 -0.024227
v -0.085149 0.139655 0.002481
v -0.063313 0.165033 -0.032895
v -0.061591 0.156816 -0.025946
v 0.045919 0.087036 0.008424
v 0.044631 0.084178 0.000827
v -0.044843 0.146294 0.001711
v -0.064124 0.179536 -0.058730
v -0.067070 0.180727 -0.056619
v -0.064794 0.178853 -0.055883
v -0.064371 0.172962 -0.049226
v -0.070382 0.180712 -0.053173
v -0.075269 0.152329 0.034374
v -0.016273 0.128445 0.016684
v -0.062116 0.156008 0.018034
v -0.056011 0.153817 0.025369
v -0.037278 0.172891 -0.000866
v -0.074159 0.179873 -0.050795
v -0.079040 0.155374 0.015142
v -0.072506 0.154595 0.029589
v -0.067738 0.177289 -0.050376
v -0.007535 0.100213 0.047489
v -0.059576 0.154724 0.026373
v -0.077383 0.153466 0.030895
v -0.081497 0.154731 0.019697
v -0.072223 0.158967 -0.005424
v -0.013709 0.184912 -0.025550
v -0.043465 0.124511 0.022519
v -0.069104 0.155595 0.001637
v -0.073748 0.155393 0.002349
v -0.068192 0.174398 -0.045366
v -0.060053 0.152803 0.032888
v -0.023459 0.126154 0.016614
v -0.072777 0.178545 -0.048209
v -0.076596 0.177532 -0.047118
v 0.013906 0.127908 0.025110
v -0.086368 0.109065 0.011981
v -0.031359 0.121410 0.025971
v -0.049105 0.136669 0.019314
v -0.042931 0.129284 0.009270
v -0.065320 0.153903 0.000914
v -0.037606 0.124226 0.024314
v 0.009508 0.130419 0.020715
v -0.001798 0.131173 0.016361
v 0.003623 0.130768 0.021169
v -0.092675 0.117019 0.011890
v -0.065740 0.155653 0.026018
v -0.086562 0.142492 0.008433
v -0.070732 0.155700 0.006906
v -0.008084 0.130305 0.016872
v -0.044286 0.126066 0.020795
v -0.070222 0.151435 0.036719
v -0.015211 0.184636 -0.022057
v -0.017271 0.186996 -0.019978
v -0.083561 0.152559 0.007681
v -0.088130 0.097541 0.005679
v -0.088399 0.138990 0.010641
v -0.067781 0.156145 0.014276
v -0.006586 0.126417 0.030226
v -0.088746 0.136256 0.007148
v -0.077207 0.156400 -0.018973
v -0.093176 0.118210 0.023362
v -0.023507 0.126720 0.010997
v -0.066547 0.171711 -0.042128
v -0.069136 0.172478 -0.039013
v 0.057180 0.071108 0.008031
v -0.075391 0.179528 -0.052402
v -0.031829 0.126391 0.010013
v -0.008989 0.129523 0.022027
v 0.034326 0.111933 -0.002241
v -0.081415 0.097100 -0.006875
v -0.023299 0.183243 -0.017923
v -0.061642 0.155820 0.011100
v -0.088826 0.090483 0.021205
v 0.058373 0.068068 0.005725
v -0.043046 0.127851 0.016842
v 0.030836 0.115542 -0.003179
v -0.088631 0.094881 0.007934
v -0.091715 0.117100 0.030809
v -0.072084 0.174998 -0.041930
v -0.069541 0.153085 0.033866
v 0.060079 0.068129 0.011454
v -0.040081 0.126284 0.019607
v 0.032820 0.116556 0.004446
v -0.072823 0.145106 -0.015655
v -0.085270 0.105518 0.023291
v -0.076051 0.111038 -0.006272
v -0.086538 0.151548 0.025875
v 0.055888 0.072579 0.010670
v -0.054642 0.155230 0.012612
v 0.036730 0.111168 0.003867
v 0.031502 0.117252 0.001686
v -0.078752 0.095240 -0.010601
v -0.089408 0.143528 0.030925
v -0.020891 0.185953 -0.015037
v -0.070864 0.161365 -0.009732
v -0.070920 0.171367 -0.032764
v -0.030771 0.125641 0.016595
v -0.054454 0.152977 0.022505
v -0.001554 0.127547 0.029233
v 0.029131 0.120274 0.006112
v 0.025726 0.121227 -0.000036
v -0.089319 0.099547 0.013418
v -0.075429 0.170956 -0.032880
v -0.028596 0.119012 0.029888
v 0.021070 0.124978 0.001100
v -0.092241 0.118168 0.041202
v 0.002409 0.100168 0.046938
v -0.056628 0.152706 0.029629
v -0.057265 0.155062 0.019322
v -0.036452 0.121999 0.027671
v -0.074108 0.173557 -0.037987
v 0.051537 0.073497 0.012699
v -0.066096 0.155325 0.007156
v 0.036102 0.112661 0.010492
v 0.016715 0.126899 0.000223
v -0.080768 0.143014 -0.001531
v -0.091758 0.143346 0.017791
v -0.086825 0.152808 0.015521
v -0.065808 0.167643 -0.030559
v -0.078217 0.168740 -0.033564
v -0.072567 0.147532 0.041714
v 0.058440 0.070201 0.017780
v 0.056848 0.072017 0.017139
v 0.054919 0.073162 0.015224
v 0.047447 0.073691 0.012430
v 0.012319 0.129038 0.001334
v -0.079791 0.103517 -0.006628
v -0.076655 0.155098 0.007969
v 0.021747 0.121185 0.030879
v -0.075260 0.149386 0.039176
v -0.025920 0.182728 -0.013541
v -0.067984 0.169748 -0.031628
v 0.016831 0.124871 0.028426
v 0.054016 0.072884 0.018678
v 0.050523 0.073398 0.016167
v -0.059582 0.156233 0.007921
v 0.025344 0.123747 0.009982
v 0.019263 0.126894 0.005555
v -0.090759 0.142234 0.026008
v -0.046548 0.133208 0.016890
v -0.024107 0.183809 -0.011545
v 0.008678 0.128946 0.026157
v 0.002492 0.129836 0.024847
v 0.057345 0.069483 0.021154
v -0.085330 0.153399 0.020378
v 0.032877 0.116915 0.009296
v 0.024247 0.123778 0.004876
v -0.047766 0.133020 0.022874
v -0.063542 0.163321 -0.025913
v -0.066605 0.164774 -0.020671
v -0.068504 0.167320 -0.023960
v -0.072759 0.169659 -0.027013
v 0.048207 0.072699 0.016995
v -0.027383 0.123243 0.021659
v -0.045077 0.131244 0.011146
v 0.029253 0.120577 0.012299
v 0.013678 0.129673 0.006933
v 0.008421 0.130910 0.006275
v 0.000968 0.130643 0.002587
v 0.003080 0.098307 0.050536
v -0.052420 0.153101 0.012927
v -0.070360 0.169070 -0.026144
v 0.054359 0.071467 0.021381
v 0.045161 0.071030 0.022531
v 0.019320 0.127383 0.011296
v -0.093281 0.126911 0.013505
v -0.087405 0.105940 0.013646
v -0.022852 0.090635 0.052280
v -0.062099 0.154067 0.030837
v -0.045852 0.120730 0.027665
v 0.050782 0.072155 0.020680
v -0.089607 0.139711 0.029309
v -0.053323 0.152735 0.016214
v -0.015227 0.127849 0.021545
v 0.033664 0.115742 0.017181
v 0.024000 0.124688 0.015518
v -0.084167 0.097757 -0.003276
v -0.036224 0.127775 0.009850
v -0.039190 0.128282 0.005035
v -0.033674 0.177744 -0.008180
v -0.074489 0.156494 -0.002595
v -0.046756 0.132843 0.008121
v -0.084970 0.153223 0.012654
v -0.010866 0.126917 0.027575
v -0.003107 0.130729 0.005643
v -0.088761 0.097037 0.021079
v -0.064811 0.034531 0.015508
v -0.064300 0.035086 0.024272
v -0.066727 0.035896 0.033849
v 0.019839 0.096519 -0.022786
v -0.038671 0.160702 -0.012358
v -0.076890 0.130419 -0.006957
v -0.072540 0.035399 0.007030
v -0.069209 0.035455 0.012042
v -0.064161 0.035901 0.017688
v -0.066804 0.037378 0.033296
v -0.062928 0.039062 0.042708
v -0.071752 0.036789 0.008697
v -0.065171 0.037290 0.025954
v -0.066392 0.037712 0.029622
v -0.064559 0.039640 0.039412
v -0.060146 0.041202 0.044294
v -0.060318 0.038443 0.045246
v -0.036756 0.088663 -0.023869
v -0.039495 0.037552 0.042871
v -0.072016 0.037573 0.003979
v -0.071694 0.039461 0.006014
v -0.071166 0.039366 0.008114
v -0.069000 0.038468 0.010769
v -0.067253 0.038142 0.013534
v -0.061126 0.037790 0.019711
v -0.039180 0.042407 0.041476
v -0.035146 0.038586 0.047733
v -0.028951 0.039286 0.053309
v -0.018224 0.097495 0.046848
v -0.066916 0.122789 -0.008908
v -0.063755 0.038250 0.016593
v -0.064416 0.041284 0.028243
v -0.085856 0.097025 0.027415
v -0.037501 0.040222 0.044297
v -0.034334 0.040924 0.048426
v -0.031173 0.040294 0.051312
v -0.069997 0.042073 0.006690
v -0.080379 0.097801 0.033646
v -0.026273 0.077631 0.048356
v -0.037501 0.042737 0.042988
v -0.026177 0.042499 0.053315
v -0.069637 0.041881 0.003183
v -0.067157 0.041973 0.010241
v -0.087406 0.102052 0.022020
v -0.023944 0.078800 0.053535
v -0.060902 0.043430 0.042679
v -0.031218 0.043848 0.049781
v -0.075729 0.103540 0.036071
v -0.062425 0.041886 0.014647
v -0.061052 0.044392 0.012422
v 0.025855 0.089611 -0.022702
v -0.077645 0.082215 0.035798
v -0.060381 0.045921 0.040089
v -0.024982 0.081778 0.053421
v -0.034454 0.044564 0.045423
v -0.029843 0.046782 0.047747
v -0.015120 0.099930 0.044500
v -0.067306 0.044177 0.007596
v -0.057853 0.046445 0.011063
v -0.051815 0.163926 0.001749
v -0.055174 0.048384 0.038518
v -0.078849 0.118674 0.050623
v -0.027229 0.087991 0.047910
v -0.075537 0.159771 -0.010439
v -0.036151 0.046505 0.040741
v -0.025439 0.090678 0.048852
v -0.080050 0.116704 0.048762
v -0.052514 0.047578 0.014858
v -0.032044 0.050462 0.039342
v -0.031488 0.046930 0.045253
v -0.020321 0.094000 0.051589
v -0.072145 0.091556 0.041495
v -0.053644 0.049358 0.012202
v -0.082404 0.121866 0.049365
v -0.049754 0.049738 0.037037
v -0.032332 0.048673 0.042524
v -0.023123 0.094516 0.047359
v -0.086347 0.091722 0.026811
v -0.057713 0.048718 0.007277
v -0.086970 0.088912 0.024880
v -0.092238 0.124885 0.040787
v -0.015863 0.097022 0.050139
v -0.027720 0.050502 0.043341
v -0.085919 0.142634 0.039850
v -0.075097 0.090074 0.039581
v -0.089431 0.147306 0.027695
v -0.053288 0.051926 0.011730
v -0.050169 0.053462 0.016255
v -0.085986 0.146709 0.034827
v -0.069937 0.086077 0.042176
v -0.050399 0.051831 0.034037
v -0.083299 0.149608 0.033741
v -0.029175 0.052265 0.037637
v -0.088764 0.119449 0.046560
v -0.077693 0.173680 -0.041479
v -0.083418 0.094127 0.030898
v -0.056068 0.053471 0.007372
v -0.078936 0.148172 0.039463
v -0.067903 0.087817 0.043527
v -0.044111 0.092884 -0.022373
v -0.086605 0.132268 0.046783
v -0.092654 0.120840 0.041630
v -0.050887 0.052728 0.014456
v -0.049763 0.056241 0.033624
v -0.089771 0.129049 0.043023
v -0.028054 0.054551 0.036787
v -0.025867 0.056689 0.039182
v -0.083702 0.122264 -0.003730
v -0.081455 0.130122 0.052118
v -0.051459 0.055878 0.015900
v -0.078598 0.174416 -0.046608
v -0.052910 0.057043 0.020988
v -0.052979 0.059554 0.026212
v -0.052131 0.056303 0.026672
v -0.047715 0.061945 0.036706
v -0.083540 0.081170 0.027014
v -0.018340 0.057490 0.049763
v -0.080070 0.090586 0.034593
v -0.083812 0.086338 0.029223
v -0.055437 0.059420 0.023019
v -0.082228 0.145138 0.040600
v -0.024188 0.072269 0.047681
v -0.025353 0.062567 0.040642
v -0.091132 0.122821 0.044115
v -0.046076 0.168197 0.000737
v -0.087829 0.143515 0.035708
v -0.086991 0.138123 0.042317
v -0.015716 0.060823 0.052365
v -0.083804 0.125611 0.050440
v -0.062787 0.112742 -0.013605
v -0.081034 0.084698 0.033106
v -0.088564 0.116245 0.045393
v -0.020268 0.062267 0.048212
v -0.012620 0.061635 0.054424
v -0.070491 0.081818 0.040610
v -0.083883 0.133315 0.049114
v -0.056560 0.048356 0.036607
v 0.009944 0.109197 -0.019473
v -0.055928 0.035917 0.046376
v -0.076003 0.163613 -0.018021
v -0.083799 0.102907 0.028038
v -0.088252 0.126927 0.046141
v -0.079127 0.106199 0.032051
v -0.088206 0.094486 0.023744
v -0.089110 0.138514 0.037659
v -0.019321 0.092124 0.053821
v -0.058266 0.090926 -0.020949
v -0.027046 0.067014 0.039672
v -0.021416 0.179777 -0.021733
v -0.007824 0.109241 -0.022186
v -0.023988 0.085996 0.053716
v -0.060484 0.155680 0.004334
v -0.086389 0.121685 0.048412
v -0.074084 0.149877 -0.032610
v -0.020581 0.079573 0.056014
v -0.083838 0.139279 0.044894
v -0.022934 0.035633 0.052865
v -0.086154 0.127356 0.048564
v -0.065729 0.107098 -0.014318
v -0.021481 0.074194 0.052858
v -0.076424 0.157363 -0.009035
v -0.077216 0.085595 0.037421
v -0.084151 0.129550 0.050484
v -0.081221 0.081003 0.031256
v -0.081704 0.101672 0.030940
v -0.086253 0.101068 0.025414
v -0.080945 0.139036 0.047359
v -0.078908 0.094831 0.035435
v -0.073440 0.095413 0.040211
v -0.052676 0.088221 -0.021886
v -0.076441 0.077511 0.033748
v -0.021791 0.106580 -0.022327
v -0.088361 0.149967 0.026044
v -0.024079 0.067907 0.045178
v -0.020018 0.067569 0.051565
v -0.083578 0.120526 0.049177
v -0.014656 0.174565 -0.025973
v -0.027396 0.084108 0.048746
v -0.041934 0.088463 -0.022126
v -0.031694 0.102613 -0.022352
v -0.027890 0.104407 -0.022831
v -0.073790 0.120167 -0.007885
v -0.046124 0.105064 -0.020458
v -0.027413 0.073269 0.042641
v -0.045533 0.034736 -0.021363
v -0.044993 0.039017 -0.021098
v -0.046463 0.036800 -0.017779
v -0.088366 0.113619 0.005823
v 0.051746 0.072897 0.009065
v -0.070385 0.037450 -0.000932
v -0.060923 0.038622 0.022469
v -0.077697 0.170279 -0.043118
v -0.043793 0.169555 -0.007303
v -0.077587 0.177179 -0.050221
v -0.040542 0.038886 -0.027365
v -0.044216 0.036131 -0.024252
v -0.066635 0.040430 -0.005018
v -0.069242 0.041474 0.000193
v -0.075641 0.159304 -0.026908
v -0.063087 0.039614 0.025182
v -0.072303 0.151867 -0.041544
v -0.041051 0.041529 -0.024061
v -0.046991 0.038892 -0.014017
v -0.089560 0.128517 0.004546
v -0.076987 0.153694 -0.002297
v -0.070122 0.168826 -0.051174
v -0.064793 0.041725 0.031617
v -0.042148 0.124096 -0.009560
v -0.048070 0.124930 -0.008408
v -0.042150 0.043344 -0.021509
v -0.067315 0.044034 0.001574
v -0.073387 0.154634 -0.029944
v -0.055353 0.042936 0.019135
v -0.060068 0.041419 0.022953
v -0.065488 0.040938 0.035315
v -0.080066 0.150396 0.000605
v -0.044031 0.041949 -0.017994
v -0.045187 0.042453 -0.014194
v -0.083109 0.102654 -0.003293
v -0.065473 0.045628 0.004558
v -0.075428 0.152012 -0.014394
v -0.054473 0.045938 0.023613
v -0.062464 0.043722 0.028493
v -0.062833 0.045183 0.034623
v -0.063538 0.043524 0.037974
v -0.060255 0.044750 -0.004132
v -0.063242 0.045550 0.000484
v -0.062249 0.046540 0.007190
v -0.091004 0.148857 0.021507
v -0.057094 0.045997 0.026865
v -0.057276 0.047300 0.029890
v -0.039520 0.173859 -0.007575
v -0.089641 0.138419 0.034142
v -0.092601 0.130187 0.025184
v -0.092281 0.127621 0.029752
v -0.033957 0.041025 -0.029660
v -0.090200 0.116575 0.005675
v -0.058516 0.047731 0.000212
v -0.071724 0.146174 -0.021568
v -0.052390 0.045449 0.017686
v -0.059414 0.047278 0.034172
v -0.057521 0.158776 0.004162
v -0.080959 0.109267 -0.002019
v -0.051904 0.046100 0.019421
v -0.051830 0.048569 0.021647
v -0.077650 0.156580 -0.016599
v -0.037416 0.047682 -0.017147
v -0.078876 0.153470 0.003988
v -0.057635 0.050426 0.004611
v -0.052625 0.050435 0.029047
v -0.052999 0.049169 0.033968
v -0.073503 0.168719 -0.044792
v -0.054421 0.047837 -0.005919
v -0.052313 0.051085 0.024486
v -0.079130 0.167366 -0.035506
v 0.009412 0.123503 -0.009829
v -0.032716 0.108966 -0.018941
v -0.031133 0.049607 -0.019407
v 0.045997 0.069814 0.003014
v 0.033525 0.109662 -0.006989
v -0.055047 0.052768 -0.003946
v -0.056898 0.049656 -0.001532
v -0.050290 0.049099 0.017165
v -0.050595 0.049923 0.019174
v -0.051887 0.053325 0.028706
v -0.067684 0.165336 -0.055466
v -0.030271 0.052106 -0.017676
v -0.009109 0.111417 -0.020543
v -0.057069 0.054424 0.002340
v -0.032748 0.177599 -0.011627
v -0.029010 0.051265 -0.022176
v -0.031383 0.051791 -0.013887
v -0.055674 0.056984 -0.003351
v -0.050916 0.053814 0.019753
v -0.088875 0.151694 0.020087
v -0.077153 0.173787 -0.047868
v -0.078578 0.164206 -0.031826
v -0.027546 0.054022 -0.025147
v -0.054464 0.055357 0.010327
v -0.087041 0.130589 0.000912
v -0.090009 0.132781 0.005922
v -0.092233 0.131954 0.015431
v -0.048640 0.164725 -0.005059
v -0.054066 0.059959 -0.007599
v -0.057434 0.057684 0.008726
v -0.086795 0.138507 0.004558
v -0.092990 0.130923 0.019919
v -0.091282 0.133119 0.024689
v 0.021815 0.117705 -0.010015
v -0.029647 0.058104 -0.021311
v -0.031290 0.055209 -0.014388
v -0.059002 0.059235 0.002614
v -0.090242 0.135760 0.014149
v -0.061569 0.170849 -0.061679
v -0.066070 0.165578 -0.058644
v -0.024540 0.180059 -0.018727
v -0.016132 0.182988 -0.026037
v -0.030809 0.056998 -0.017835
v 0.010464 0.096180 -0.025899
v -0.057492 0.059530 -0.001079
v -0.089146 0.136505 0.025953
v 0.004371 0.103919 -0.021515
v -0.090377 0.132525 0.031083
v -0.090795 0.138552 0.020563
v -0.094238 0.126154 0.022201
v -0.090337 0.131198 0.038139
v -0.045083 0.122184 -0.011569
v 0.011348 0.098244 -0.023024
v -0.039228 0.099185 -0.021913
v -0.065510 0.158573 -0.055600
v -0.077410 0.162605 -0.020755
v -0.048580 0.166892 -0.002526
v -0.076923 0.153514 -0.009079
v -0.067751 0.157348 -0.053982
v 0.052906 0.065230 -0.000511
v -0.029055 0.061084 -0.024918
v -0.031067 0.065059 -0.022751
v 0.024250 0.102662 -0.018314
v -0.055474 0.160502 0.001376
v -0.066643 0.160409 -0.056843
v -0.078200 0.160732 -0.024000
v -0.018321 0.119686 -0.011111
v 0.021713 0.109563 -0.015081
v -0.068383 0.159802 -0.054209
v -0.025446 0.060209 -0.030865
v -0.026540 0.065084 -0.031665
v -0.028426 0.062200 -0.027939
v -0.032606 0.061265 -0.015453
v -0.070872 0.116116 -0.007956
v -0.069781 0.159386 -0.049418
v -0.030325 0.067695 -0.027655
v -0.032977 0.066365 -0.018386
v 0.013533 0.102554 -0.021579
v 0.044409 0.069759 0.000948
v -0.002200 0.112159 -0.019659
v -0.072029 0.067047 -0.000723
v -0.078700 0.173139 -0.042720
v -0.083212 0.150721 0.004213
v -0.087439 0.133749 0.002397
v 0.026348 0.084562 -0.023152
v -0.074901 0.070419 -0.002285
v -0.054576 0.091563 -0.022099
v -0.073243 0.152313 -0.035704
v -0.074551 0.172187 -0.047551
v -0.028681 0.068283 -0.030610
v 0.017373 0.102460 -0.021488
v -0.081257 0.073025 0.007102
v -0.074982 0.154078 -0.018974
v -0.091556 0.131963 0.010638
v -0.000824 0.095165 -0.032056
v -0.077619 0.073999 -0.005326
v -0.079859 0.072755 0.003042
v -0.081627 0.073471 0.011162
v -0.073679 0.147860 -0.020236
v -0.091310 0.148486 0.016270
v -0.090850 0.146256 0.014809
v -0.068544 0.175130 -0.057188
v -0.027254 0.107475 -0.021280
v 0.021444 0.122738 -0.002932
v -0.079061 0.073724 -0.000845
v -0.082064 0.075994 0.001762
v -0.083737 0.076772 0.008959
v -0.090206 0.149478 0.013035
v 0.000848 0.116700 -0.017337
v -0.074578 0.151640 -0.028648
v -0.029087 0.072925 -0.033354
v -0.031184 0.073990 -0.030340
v -0.032607 0.071956 -0.024867
v -0.080576 0.076608 -0.002988
v -0.089491 0.143926 0.012488
v -0.077388 0.146564 -0.004354
v -0.072896 0.158350 -0.034109
v 0.007135 0.114682 -0.018346
v -0.034503 0.076130 -0.022373
v -0.083891 0.080790 0.002295
v -0.083740 0.077240 0.004667
v -0.086205 0.080931 0.010535
v -0.086062 0.079931 0.014441
v -0.081543 0.077951 0.026727
v 0.026666 0.112686 -0.010510
v -0.076041 0.156631 -0.021420
v -0.090012 0.150833 0.015753
v -0.071157 0.163351 -0.045361
v -0.033211 0.076873 -0.027708
v -0.073263 0.079984 -0.013750
v -0.079286 0.080049 -0.007013
v -0.086035 0.082646 0.019543
v -0.084335 0.080730 0.022180
v -0.071351 0.157271 -0.042183
v -0.073548 0.161208 -0.035288
v 0.016733 0.109912 -0.017020
v -0.030979 0.077021 -0.032816
v -0.062359 0.175448 -0.061486
v -0.017588 0.114913 -0.017205
v -0.082354 0.080876 -0.002404
v -0.078579 0.140501 -0.004603
v -0.028931 0.079248 -0.035050
v -0.031226 0.080413 -0.032182
v -0.033259 0.079622 -0.027146
v -0.044697 0.117915 -0.014726
v -0.079724 0.084227 -0.008761
v -0.085042 0.083818 -0.000078
v -0.086776 0.084345 0.012419
v -0.086675 0.082665 0.015174
v -0.085106 0.085177 0.025679
v -0.076976 0.082936 -0.011451
v -0.082776 0.083431 -0.004369
v -0.086180 0.082572 0.006364
v -0.091161 0.141444 0.015674
v -0.074639 0.143985 -0.007150
v -0.083448 0.133933 -0.001687
v -0.075805 0.151345 -0.019881
v -0.074924 0.152730 -0.019397
v -0.052314 0.121596 -0.010798
v -0.030734 0.085428 -0.030507
v -0.032591 0.081943 -0.029100
v -0.086455 0.086940 0.000917
v -0.012502 0.106344 -0.022360
v -0.088586 0.146059 0.009878
v -0.085610 0.147125 0.006598
v -0.087511 0.150615 0.010152
v -0.060114 0.035550 0.044908
v -0.088284 0.086869 0.008103
v -0.088813 0.087765 0.014227
v -0.088001 0.086626 0.015467
v -0.086991 0.086445 0.022421
v -0.074610 0.147278 -0.014172
v -0.034708 0.084036 -0.024302
v -0.084965 0.089963 -0.003007
v -0.088091 0.087742 0.004849
v -0.091490 0.145432 0.022277
v -0.094380 0.121839 0.017904
v -0.029165 0.085393 -0.033667
v -0.030558 0.088626 -0.027551
v -0.077771 0.087845 -0.011695
v -0.080728 0.088204 -0.007800
v -0.083273 0.089477 -0.005650
v -0.089399 0.089539 0.011646
v -0.089698 0.139713 0.013775
v -0.077135 0.151512 -0.005582
v -0.051121 0.163741 -0.002664
v -0.086443 0.127674 -0.001486
v -0.069606 0.154908 -0.050189
v -0.087265 0.092110 0.004206
v -0.089086 0.092377 0.010570
v -0.089612 0.091600 0.017812
v -0.082732 0.141969 0.001253
v -0.072618 0.143681 -0.010987
v -0.077677 0.166110 -0.036777
v -0.015078 0.093863 -0.034317
v -0.071057 0.154769 -0.045779
v -0.092332 0.125239 0.009159
v -0.076047 0.091037 -0.013643
v -0.082943 0.093292 -0.006186
v -0.010411 0.094592 -0.033785
v -0.029331 0.114762 -0.015845
v -0.037218 0.115942 -0.015173
v -0.012430 0.102860 -0.023822
v 0.006651 0.088145 -0.032946
v -0.006412 0.092876 -0.034818
v 0.015800 0.119966 -0.011416
v 0.029103 0.102475 -0.015768
v 0.042081 0.063481 -0.002541
v 0.028723 0.097943 -0.017497
v -0.019988 0.102783 -0.023393
v 0.033748 0.083644 -0.018630
v -0.018686 0.186896 -0.020249
v 0.006415 0.117902 -0.016283
v 0.056305 0.067770 0.002652
v -0.005361 0.112894 -0.019613
v 0.045769 0.064629 -0.001217
v -0.010091 0.098230 -0.027731
v -0.060459 0.117556 -0.011355
v 0.012934 0.118873 -0.013979
v 0.015236 0.094978 -0.024437
v -0.030893 0.047409 -0.024954
v -0.017766 0.185723 -0.023049
v -0.013035 0.110029 -0.020161
v -0.071207 0.038609 0.000772
v 0.017905 0.106277 -0.017729
v -0.033623 0.118404 -0.011927
v -0.049907 0.117883 -0.014402
v -0.006688 0.117472 -0.015359
v -0.015451 0.185976 -0.024796
v -0.030604 0.038038 -0.030124
v -0.013220 0.183972 -0.027519
v -0.047859 0.111627 -0.017482
v -0.013099 0.090776 -0.036659
v -0.063117 0.154254 0.002973
v -0.055140 0.110516 -0.017673
v -0.011097 0.182023 -0.028042
v -0.026569 0.034696 -0.029114
v -0.006640 0.102222 -0.023519
v -0.056996 0.157417 0.000602
v 0.019077 0.091871 -0.024890
v 0.013473 0.124299 -0.006836
v -0.021730 0.098411 -0.024307
v -0.017142 0.098057 -0.024924
v -0.058698 0.151373 -0.000658
v 0.003564 0.127649 -0.004467
v -0.008537 0.099921 -0.024351
v -0.012172 0.181251 -0.029061
v -0.061114 0.153052 0.001000
v -0.029571 0.117139 -0.013676
v 0.030530 0.112212 -0.008186
v -0.031714 0.035112 -0.030659
v -0.013691 0.179147 -0.028126
v 0.011621 0.115490 -0.016386
v -0.061994 0.150281 -0.001630
v 0.036684 0.100996 -0.009849
v 0.048513 0.071798 0.006000
v -0.000466 0.119837 -0.013611
v 0.016747 0.090114 -0.027127
v 0.006983 0.097730 -0.024800
v -0.043227 0.046264 -0.011772
v -0.008356 0.113736 -0.018240
v -0.012354 0.115568 -0.016487
v 0.046834 0.074354 0.010139
v 0.025319 0.109317 -0.013580
v -0.042459 0.113925 -0.016188
v 0.057745 0.064158 0.002628
v -0.059711 0.036536 -0.009495
v -0.003208 0.109621 -0.021524
v 0.027021 0.061346 -0.022292
v 0.007103 0.101912 -0.021231
v -0.038226 0.124655 -0.007326
v 0.025942 0.115764 -0.008219
v -0.061298 0.033900 -0.009322
v -0.059467 0.147440 -0.001889
v 0.010507 0.100877 -0.022110
v 0.033081 0.102734 -0.012787
v 0.012518 0.104754 -0.019916
v 0.023088 0.093999 -0.022211
v 0.031555 0.092485 -0.018204
v 0.006272 0.099910 -0.022297
v -0.040917 0.046122 -0.017943
v 0.035407 0.098189 -0.012009
v 0.009414 0.121219 -0.012938
v 0.053735 0.072027 0.006801
v 0.025620 0.118807 -0.005033
v -0.038150 0.042467 -0.026894
v -0.028212 0.111169 -0.018002
v -0.060254 0.143391 -0.003791
v 0.019017 0.104015 -0.019333
v 0.007545 0.091682 -0.031643
v -0.007076 0.122401 -0.011364
v -0.019048 0.096562 -0.027580
v -0.016953 0.106693 -0.022003
v -0.000673 0.101199 -0.022858
v -0.009018 0.125280 -0.007791
v -0.068136 0.180061 -0.058816
v -0.023600 0.115138 -0.015577
v -0.059831 0.042842 -0.006647
v 0.053124 0.059012 -0.002885
v -0.036932 0.037107 -0.029714
v -0.056215 0.141392 -0.002803
v 0.036696 0.103728 -0.007962
v -0.035885 0.120400 -0.010640
v -0.009357 0.085424 -0.038113
v -0.060127 0.120414 -0.009379
v -0.039843 0.121561 -0.011570
v 0.028322 0.108480 -0.012623
v -0.001873 0.115939 -0.017169
v 0.038648 0.090153 -0.012550
v -0.001736 0.092244 -0.034310
v 0.050001 0.061612 -0.003465
v 0.055859 0.062910 0.000690
v 0.020462 0.115154 -0.013104
v -0.015166 0.117981 -0.014466
v -0.070860 0.071510 0.033895
v 0.022674 0.086606 -0.024925
v 0.035359 0.087439 -0.017109
v 0.018401 0.121455 -0.007680
v -0.025426 0.041421 -0.029205
v -0.008209 0.096777 -0.030810
v -0.056811 0.033874 -0.011166
v -0.034589 0.044745 -0.027123
v -0.040252 0.118275 -0.013674
v 0.016387 0.114023 -0.015497
v 0.042635 0.060797 -0.003458
v -0.050687 0.035936 -0.012381
v 0.007345 0.094510 -0.029683
v -0.019707 0.092917 -0.034637
v -0.012083 0.122192 -0.009712
v 0.048806 0.068458 0.001695
v -0.003087 0.098403 -0.027403
v -0.053199 0.136729 -0.001658
v -0.047290 0.130554 0.001691
v 0.004465 0.120440 -0.013931
v -0.002385 0.122905 -0.010382
v -0.024833 0.095858 -0.025162
v -0.042297 0.036292 -0.027254
v -0.054388 0.134049 -0.003992
v -0.050539 0.133367 -0.001087
v 0.002604 0.096943 -0.028407
v -0.007816 0.128212 -0.001943
v 0.006511 0.130025 0.000929
v 0.034743 0.092274 -0.015655
v -0.067788 0.180889 -0.058191
v -0.033715 0.111516 -0.018078
v 0.004463 0.124273 -0.009429
v -0.023370 0.093393 -0.032032
v -0.048982 0.129806 -0.001323
v -0.000782 0.128229 -0.003249
v 0.002496 0.089858 -0.033628
v 0.007455 0.111968 -0.019554
v 0.028791 0.091157 -0.020370
v -0.053590 0.124375 -0.007347
v -0.047744 0.120644 -0.012813
v -0.019616 0.121092 -0.009549
v -0.065047 0.179991 -0.059759
v -0.051704 0.037620 -0.011763
v -0.052124 0.129298 -0.004119
v -0.045334 0.128915 0.001582
v -0.003047 0.129195 -0.001069
v 0.007213 0.127220 -0.005207
v 0.011669 0.127202 -0.003185
v 0.053056 0.069709 0.003129
v -0.063021 0.178110 -0.060394
v 0.028205 0.064391 -0.020698
v 0.034400 0.105030 -0.010225
v 0.030975 0.107902 -0.011058
v -0.048984 0.114805 -0.015967
v -0.032822 0.123005 -0.005909
v -0.050793 0.127165 -0.004818
v -0.035302 0.125478 -0.003154
v 0.056455 0.069951 0.004919
v -0.016240 0.125122 -0.003650
v -0.016970 0.111198 -0.019586
v -0.054088 0.039781 -0.010545
v -0.034190 0.047514 -0.022302
v 0.013699 0.093914 -0.026428
v 0.000880 0.099235 -0.024356
v -0.046459 0.127240 -0.004884
v -0.041736 0.126876 -0.004174
v -0.021000 0.123136 -0.006119
v -0.012130 0.125726 -0.005201
v -0.004382 0.126408 -0.006950
v 0.001409 0.034782 -0.023265
v -0.014846 0.035071 -0.026072
v -0.021399 0.034795 -0.027959
v 0.012009 0.035962 -0.021736
v 0.003825 0.036129 -0.023878
v -0.051140 0.096618 -0.022095
v -0.054813 0.098102 -0.021425
v -0.027597 0.169798 -0.018170
v 0.013360 0.039377 -0.022496
v 0.004392 0.038674 -0.024170
v -0.006848 0.036445 -0.025177
v -0.013280 0.037700 -0.026392
v -0.047673 0.036117 -0.013301
v -0.045590 0.108538 -0.018797
v -0.050096 0.109909 -0.018505
v -0.065767 0.036470 -0.007207
v -0.023456 0.168247 -0.018823
v -0.004592 0.038405 -0.025413
v -0.024954 0.037441 -0.029153
v 0.029008 0.037358 -0.000275
v -0.007947 0.041490 -0.025911
v -0.016804 0.039754 -0.027565
v -0.065156 0.140345 -0.007685
v -0.047080 0.040701 -0.011870
v -0.068471 0.037478 -0.004956
v 0.037327 0.040210 -0.000859
v 0.035350 0.041257 -0.002808
v 0.005182 0.041536 -0.024066
v 0.018661 0.100308 -0.022127
v -0.060511 0.107484 -0.017042
v -0.062374 0.040146 -0.007404
v 0.025457 0.039484 -0.004025
v -0.000228 0.043395 -0.025124
v -0.008109 0.043439 -0.026140
v -0.017362 0.043237 -0.027665
v -0.026417 0.044674 -0.028210
v 0.003806 0.109443 -0.020204
v -0.058232 0.095690 -0.020616
v -0.066122 0.042341 -0.002754
v -0.060960 0.094173 -0.019016
v 0.031352 0.042649 -0.004675
v -0.033541 0.036343 0.049090
v 0.017253 0.044336 -0.023067
v 0.010638 0.044162 -0.024926
v 0.004384 0.045807 -0.026789
v -0.008251 0.045149 -0.028441
v -0.015748 0.045044 -0.027878
v 0.028990 0.044698 -0.006186
v 0.008169 0.045053 -0.025179
v -0.000963 0.045378 -0.027308
v -0.001703 0.047819 -0.029929
v -0.031536 0.044740 -0.028079
v -0.033620 0.156915 -0.011025
v -0.050751 0.043110 -0.010019
v 0.036891 0.047353 -0.006106
v 0.024976 0.042645 -0.007017
v 0.024562 0.048370 -0.019673
v 0.013964 0.045579 -0.024707
v 0.013376 0.048630 -0.026552
v 0.003731 0.048128 -0.029026
v -0.008795 0.047057 -0.029882
v -0.013754 0.051865 -0.032243
v -0.021201 0.046657 -0.027951
v 0.039694 0.045659 -0.004527
v 0.033627 0.048718 -0.006390
v -0.065352 0.099295 -0.016820
v 0.001287 0.050384 -0.030357
v -0.008180 0.049846 -0.031071
v -0.017184 0.048210 -0.029742
v -0.026049 0.047692 -0.026150
v -0.084747 0.110784 0.039488
v -0.051317 0.048271 -0.007931
v -0.082507 0.127655 -0.004680
v 0.038664 0.051697 -0.006691
v -0.075643 0.099440 -0.011928
v 0.020284 0.051349 -0.024895
v 0.005944 0.050977 -0.029119
v -0.025528 0.051473 -0.026885
v -0.035563 0.049400 -0.012865
v -0.042819 0.162202 -0.010338
v -0.065594 0.176657 -0.060505
v -0.034151 0.174428 -0.013313
v 0.043673 0.050162 -0.005984
v -0.050342 0.155462 -0.005193
v 0.025464 0.054030 -0.021691
v 0.010150 0.049259 -0.027751
v -0.022043 0.053612 -0.030136
v -0.032876 0.051678 -0.010889
v -0.037614 0.049535 -0.011626
v -0.040751 0.049285 -0.011286
v -0.046385 0.047491 -0.010086
v 0.044473 0.053293 -0.006333
v 0.033206 0.051021 -0.007238
v 0.015678 0.051169 -0.026398
v 0.006834 0.055010 -0.030561
v 0.002142 0.055503 -0.031334
v 0.000593 0.052868 -0.030514
v -0.003648 0.051869 -0.031458
v -0.009425 0.055399 -0.033654
v -0.019302 0.058225 -0.033920
v -0.061084 0.133862 -0.007225
v -0.043310 0.055657 -0.011402
v -0.061081 0.168338 -0.059192
v 0.047575 0.052944 -0.005130
v -0.037403 0.111508 -0.018243
v 0.019972 0.054410 -0.027108
v 0.005397 0.058383 -0.030904
v -0.010604 0.053603 -0.033403
v -0.034998 0.052332 -0.010347
v -0.046471 0.051304 -0.009830
v -0.067945 0.114936 -0.009511
v -0.071048 0.151611 -0.044679
v -0.005890 0.034791 -0.024224
v 0.016842 0.055556 -0.028285
v 0.010711 0.054688 -0.029768
v -0.001183 0.059492 -0.033361
v -0.005233 0.055689 -0.032840
v -0.051706 0.052471 -0.007405
v -0.052626 0.060044 -0.008957
v -0.072599 0.097763 -0.014435
v 0.044331 0.055818 -0.006036
v 0.038463 0.054935 -0.006182
v 0.038839 0.057808 -0.005258
v -0.009202 0.059510 -0.034437
v -0.035263 0.055285 -0.010545
v -0.038336 0.054504 -0.010905
v -0.017728 0.036290 0.052222
v 0.050006 0.058096 -0.004621
v 0.046134 0.059279 -0.004777
v 0.015110 0.059820 -0.028646
v 0.010312 0.057587 -0.029995
v -0.006135 0.060257 -0.034696
v -0.012318 0.059396 -0.035269
v -0.014467 0.063136 -0.036866
v -0.046650 0.059841 -0.012136
v -0.056572 0.124803 -0.007189
v -0.079237 0.120554 -0.005674
v -0.079335 0.125607 -0.006118
v 0.022340 0.058492 -0.026014
v 0.007627 0.062098 -0.031136
v 0.003310 0.060457 -0.032481
v -0.016812 0.061275 -0.035929
v -0.032492 0.057196 -0.012105
v -0.034108 0.061467 -0.013053
v -0.033897 0.057025 -0.011048
v -0.038624 0.058303 -0.011506
v -0.045008 0.062724 -0.013390
v -0.056896 0.133987 -0.005627
v -0.044854 0.157460 -0.008673
v -0.078610 0.069657 0.011811
v -0.023730 0.101862 -0.023836
v -0.028123 0.099322 -0.023580
v -0.050077 0.149977 -0.003642
v -0.033048 0.095959 -0.023426
v 0.019520 0.062065 -0.027292
v -0.038865 0.103340 -0.020641
v -0.048953 0.056281 -0.010221
v -0.053993 0.144987 -0.001109
v -0.045531 0.098511 -0.021730
v -0.050911 0.100746 -0.021619
v 0.023246 0.062793 -0.025048
v 0.009741 0.063181 -0.031141
v -0.000866 0.064560 -0.034491
v -0.008526 0.064002 -0.035850
v -0.048451 0.064794 -0.013030
v -0.052325 0.106148 -0.019271
v -0.055265 0.102167 -0.019897
v -0.059042 0.099032 -0.019223
v -0.057847 0.104335 -0.018526
v -0.027113 0.173322 -0.018539
v 0.022832 0.067083 -0.026298
v 0.014519 0.064596 -0.029856
v 0.011471 0.067581 -0.030901
v -0.017739 0.066261 -0.037657
v -0.065060 0.134521 -0.008090
v -0.075829 0.142446 -0.005809
v -0.041362 0.061637 -0.012814
v -0.056148 0.061922 -0.005754
v -0.062126 0.062845 -0.004520
v -0.037292 0.164491 -0.013627
v -0.019819 0.165095 -0.017609
v 0.006288 0.065416 -0.032563
v -0.005925 0.069516 -0.035933
v -0.010539 0.067999 -0.036517
v -0.035386 0.066817 -0.015435
v -0.053994 0.064639 -0.009325
v -0.063852 0.065572 -0.006939
v -0.063921 0.127742 -0.008549
v -0.026941 0.036184 0.053352
v 0.019619 0.067007 -0.028356
v 0.012275 0.069934 -0.031553
v 0.005427 0.068248 -0.032731
v -0.004408 0.066619 -0.034870
v -0.021911 0.067145 -0.036536
v -0.045643 0.154669 -0.007297
v -0.051673 0.066851 -0.012120
v -0.058105 0.066466 -0.010044
v -0.056992 0.143119 -0.002240
v -0.080651 0.131199 -0.004440
v -0.056544 0.128509 -0.006201
v 0.017758 0.070139 -0.029405
v 0.006498 0.070792 -0.033525
v 0.000758 0.070434 -0.034463
v -0.013236 0.069293 -0.037917
v -0.067391 0.118897 -0.008730
v -0.038120 0.064162 -0.013829
v 0.001853 0.113034 -0.019794
v -0.075951 0.068171 0.018118
v -0.010002 0.072671 -0.037661
v -0.017976 0.070614 -0.038444
v -0.023036 0.072778 -0.038073
v -0.026120 0.071177 -0.035452
v -0.068535 0.139294 -0.007805
v -0.035263 0.071068 -0.018012
v -0.041558 0.069774 -0.016774
v -0.052832 0.070299 -0.014865
v -0.066979 0.067639 -0.006809
v -0.010244 0.178958 -0.029539
v -0.075273 0.126801 -0.008024
v -0.087360 0.112483 0.042049
v 0.008750 0.074302 -0.033398
v -0.064250 0.160450 -0.057041
v -0.044354 0.073372 -0.017874
v -0.045763 0.069445 -0.015929
v -0.047957 0.072543 -0.016107
v -0.057823 0.069538 -0.014416
v -0.072072 0.071538 -0.007471
v 0.025473 0.074094 -0.024939
v 0.015720 0.073756 -0.029748
v 0.004821 0.073764 -0.034552
v -0.002253 0.073921 -0.035887
v -0.007383 0.074800 -0.037224
v -0.020225 0.077095 -0.039044
v -0.034016 0.072101 -0.020823
v -0.038493 0.072840 -0.017502
v -0.064393 0.073116 -0.015335
v -0.064481 0.070187 -0.012262
v -0.023854 0.161645 -0.014504
v 0.022104 0.072693 -0.026900
v 0.015532 0.076587 -0.029607
v 0.011574 0.074861 -0.031384
v -0.014732 0.077641 -0.038491
v -0.016019 0.074289 -0.038864
v -0.051104 0.073072 -0.016243
v -0.057990 0.074018 -0.017522
v -0.069608 0.072323 -0.010934
v -0.075996 0.117141 -0.006558
v -0.037988 0.107515 -0.019976
v 0.010696 0.079889 -0.032010
v -0.005343 0.078265 -0.037477
v -0.026082 0.076191 -0.036780
v -0.039161 0.157189 -0.010581
v -0.065610 0.075860 -0.016750
v -0.070178 0.075663 -0.013839
v -0.074291 0.074808 -0.009354
v -0.063429 0.171854 -0.061412
v 0.030685 0.075727 -0.020778
v 0.019305 0.079018 -0.027744
v -0.008599 0.079339 -0.037905
v -0.023200 0.076568 -0.038387
v -0.038118 0.076390 -0.018644
v -0.044231 0.077664 -0.019027
v -0.051025 0.075705 -0.018187
v -0.070595 0.129948 -0.008763
v 0.028148 0.078785 -0.022432
v 0.007602 0.079436 -0.033715
v 0.004950 0.078027 -0.034410
v -0.015858 0.081166 -0.039186
v -0.018502 0.083344 -0.039011
v -0.079739 0.136069 -0.004148
v -0.030980 0.166347 -0.016241
v -0.035750 0.077248 -0.019374
v -0.048945 0.079086 -0.019576
v -0.055066 0.078089 -0.019755
v 0.023706 0.080240 -0.025450
v 0.012254 0.083457 -0.030772
v 0.001855 0.084693 -0.034839
v -0.000209 0.078941 -0.035782
v -0.000427 0.082947 -0.036381
v -0.004410 0.082795 -0.037467
v -0.033202 0.105783 -0.020648
v -0.039207 0.081536 -0.020571
v -0.060355 0.079767 -0.019376
v -0.041772 0.103967 -0.020833
v -0.011204 0.082713 -0.038490
v -0.023181 0.081687 -0.038329
v -0.027233 0.080571 -0.036621
v -0.035470 0.080196 -0.022326
v -0.044864 0.081998 -0.020474
v -0.050648 0.082309 -0.021366
v -0.055523 0.081928 -0.021354
v -0.088090 0.111355 0.018516
v -0.072036 0.111079 0.045361
v -0.033360 0.169864 -0.015449
v -0.066839 0.062171 0.021577
v 0.030731 0.081969 -0.020040
v 0.016224 0.086480 -0.028952
v -0.069856 0.100279 -0.014848
v -0.063836 0.081705 -0.018909
v -0.067915 0.080136 -0.017128
v -0.045752 0.163408 -0.008178
v 0.011728 0.088011 -0.030860
v 0.007333 0.085270 -0.032829
v -0.003436 0.087018 -0.036461
v -0.026964 0.084513 -0.036362
v -0.036553 0.085316 -0.022576
v -0.038791 0.085233 -0.021918
v -0.057677 0.086258 -0.021098
v -0.062582 0.086395 -0.019169
v -0.071395 0.124688 -0.008594
v 0.014802 0.099041 -0.022843
v -0.021163 0.174919 -0.021977
v -0.014824 0.087289 -0.038317
v -0.023286 0.089468 -0.036027
v -0.051596 0.084422 -0.021601
v -0.069481 0.085656 -0.017198
v -0.070917 0.107548 -0.011497
v 0.030145 0.086284 -0.020408
v -0.055578 0.115677 -0.014646
v -0.008098 0.089070 -0.036552
v -0.081206 0.112051 -0.000883
v -0.018772 0.089838 -0.036992
v -0.021100 0.086588 -0.037849
v -0.025810 0.088890 -0.035082
v -0.048985 0.090732 -0.021817
v -0.035875 0.034776 -0.030845
v -0.033164 0.033607 -0.029722
v -0.025964 0.033487 -0.026321
v -0.016718 0.033612 -0.024625
v -0.005349 0.033829 -0.022600
v 0.006484 0.034293 -0.020855
v 0.013950 0.034880 -0.018613
v -0.042466 0.034189 -0.027261
v -0.033241 0.033579 -0.026719
v 0.006281 0.034166 -0.018764
v -0.044266 0.033664 -0.021914
v -0.023671 0.033631 -0.023218
v -0.011559 0.033895 -0.021054
v -0.002041 0.034054 -0.019331
v 0.001732 0.034460 -0.016608
v -0.027316 0.033910 -0.021354
v -0.013371 0.034362 -0.019024
v 0.009589 0.034207 -0.015424
v -0.014982 0.035878 -0.017992
v -0.002347 0.035903 -0.015930
v 0.002254 0.036412 -0.014784
v -0.035199 0.033835 -0.020508
v -0.026075 0.035919 -0.019405
v 0.008274 0.035645 -0.012649
v 0.010474 0.034743 -0.011263
v 0.014055 0.034483 -0.014496
v -0.036971 0.035680 -0.015008
v -0.002472 0.038409 -0.014159
v -0.039482 0.033618 -0.023612
v -0.041092 0.034006 -0.011998
v -0.031590 0.035592 -0.019204
v -0.020086 0.038064 -0.017221
v -0.011113 0.038290 -0.015646
v 0.004452 0.037705 -0.012958
v 0.015870 0.034416 -0.002967
v -0.047872 0.034136 -0.015418
v -0.047522 0.033623 -0.012805
v -0.033407 0.037577 -0.016158
v -0.027851 0.038404 -0.017210
v -0.008507 0.039029 -0.013001
v 0.006455 0.038165 -0.010165
v 0.007415 0.034659 -0.003012
v 0.011966 0.034335 -0.005957
v 0.020415 0.035568 -0.003781
v -0.019289 0.038763 -0.014203
v -0.001139 0.039177 -0.010381
v 0.003815 0.039024 -0.008083
v 0.007521 0.036733 -0.006761
v 0.019968 0.034844 -0.001898
v -0.045058 0.033600 -0.012528
v -0.030755 0.038640 -0.014051
v -0.051500 0.033729 -0.012083
v -0.023757 0.038586 -0.011093
v 0.003973 0.038209 -0.003796
v 0.009549 0.034233 0.001716
v 0.029087 0.035800 0.003563
v -0.055965 0.033530 -0.009125
v -0.019524 0.038505 -0.004543
v 0.016363 0.034395 0.002295
v 0.021325 0.034624 0.005644
v -0.039670 0.036174 -0.007340
v -0.014252 0.038648 -0.004303
v 0.002326 0.035348 0.002325
v 0.014014 0.035704 0.003888
v 0.015323 0.036240 0.003663
v 0.023753 0.034671 0.003989
v 0.032369 0.035816 0.007025
v -0.063716 0.033777 -0.008007
v -0.064267 0.033563 -0.005125
v -0.038067 0.038519 -0.007308
v -0.009431 0.038888 -0.007485
v 0.003968 0.034200 0.004975
v 0.009429 0.036030 0.004528
v 0.029859 0.034980 0.009835
v -0.052730 0.033498 -0.001812
v -0.041271 0.033855 -0.001880
v -0.003111 0.038946 -0.002779
v 0.006219 0.035134 0.006549
v 0.020898 0.035937 0.008785
v 0.035606 0.036527 0.009816
v -0.067078 0.033840 -0.006169
v -0.000811 0.037424 0.004772
v 0.003149 0.034125 0.011762
v 0.004917 0.033997 0.009167
v 0.025131 0.034547 0.011013
v 0.028249 0.035046 0.016017
v -0.067033 0.065146 0.027293
v -0.046380 0.033605 -0.000894
v -0.033163 0.038195 -0.000525
v -0.032074 0.038323 -0.000421
v -0.021693 0.038266 0.004510
v 0.023931 0.034817 0.017739
v 0.042719 0.039977 0.008932
v -0.058604 0.033462 -0.000217
v -0.037314 0.033633 0.004572
v -0.010424 0.038489 0.006229
v -0.001390 0.038651 0.002397
v -0.000308 0.035462 0.008261
v -0.001409 0.036193 0.012945
v 0.022253 0.036583 0.013980
v -0.070962 0.034346 -0.000784
v -0.069066 0.033718 -0.000198
v -0.064826 0.033506 0.002822
v -0.047060 0.033502 0.003565
v -0.003695 0.038173 0.013047
v 0.033476 0.036447 0.016267
v 0.037250 0.037510 0.014816
v -0.045676 0.033704 0.006430
v -0.038639 0.033937 0.008551
v -0.009506 0.038353 0.015571
v 0.021500 0.035807 0.018169
v 0.044876 0.041231 0.016008
v -0.072474 0.036256 0.001553
v -0.071498 0.034453 0.004203
v -0.027791 0.038063 0.007938
v -0.016556 0.038286 0.010216
v 0.008104 0.034843 0.018135
v 0.023589 0.035891 0.025338
v 0.041261 0.040585 0.020752
v -0.051351 0.033646 0.008033
v -0.047104 0.035549 0.008080
v -0.001410 0.037000 0.016982
v 0.000917 0.034803 0.015635
v 0.002889 0.034636 0.018850
v 0.013279 0.034380 0.021424
v 0.014323 0.034426 0.021593
v 0.017490 0.034646 0.022041
v 0.029868 0.036249 0.019872
v -0.039222 0.036326 0.010790
v -0.030307 0.033995 0.014706
v 0.020081 0.035173 0.028019
v 0.024989 0.038105 0.029430
v 0.033584 0.038304 0.022929
v 0.049016 0.044574 0.020659
v -0.058226 0.066607 0.035050
v -0.067331 0.033846 0.008727
v -0.034692 0.033829 0.012439
v -0.029803 0.034287 0.016353
v 0.001702 0.036311 0.021180
v 0.045137 0.044625 0.025517
v -0.068876 0.110222 0.039005
v -0.057681 0.033623 0.014040
v -0.053211 0.033585 0.013987
v -0.035712 0.035892 0.015503
v -0.028862 0.035397 0.017350
v -0.026580 0.037743 0.015705
v -0.001097 0.038148 0.020427
v 0.035048 0.040974 0.026970
v -0.069685 0.034479 0.009798
v -0.054019 0.033310 0.015848
v 0.004482 0.037118 0.024755
v 0.006661 0.035205 0.024316
v 0.008383 0.034749 0.024057
v 0.038883 0.041033 0.024977
v -0.002644 0.038727 0.025131
v 0.003222 0.038708 0.025899
v 0.009002 0.036891 0.028482
v 0.013197 0.034836 0.031631
v 0.022292 0.037053 0.033101
v 0.028948 0.039160 0.027235
v -0.087773 0.111814 0.037144
v -0.017870 0.038204 0.020243
v 0.010087 0.037048 0.030822
v 0.042297 0.045436 0.029041
v -0.084341 0.113880 0.046513
v -0.073796 0.108956 0.039217
v -0.051243 0.064239 0.034258
v -0.061777 0.034018 0.016901
v -0.036665 0.035304 0.023032
v -0.014930 0.038644 0.029378
v -0.080895 0.109672 0.037910
v -0.089823 0.113872 0.032845
v -0.069656 0.068728 0.031128
v -0.078450 0.109888 0.042518
v -0.075824 0.107949 0.037129
v -0.055741 0.034128 0.026674
v -0.038280 0.035429 0.024381
v -0.035283 0.034180 0.022745
v -0.025798 0.037865 0.019981
v 0.006906 0.039004 0.029549
v 0.015449 0.034852 0.036985
v 0.019128 0.035641 0.036642
v -0.063665 0.066048 0.031828
v 0.039605 0.044940 0.029992
v -0.080294 0.071702 0.015995
v -0.054185 0.067323 0.036936
v -0.073110 0.148472 -0.028748
v -0.059000 0.073752 0.041197
v -0.059521 0.061040 -0.002375
v -0.062792 0.034597 0.023506
v -0.041896 0.033668 0.026940
v 0.008981 0.037639 0.033901
v 0.008529 0.034888 0.036265
v -0.089804 0.114981 0.042772
v -0.065545 0.074430 0.039168
v -0.064644 0.061723 0.000226
v 0.005250 0.039507 0.033271
v 0.020250 0.037033 0.039327
v -0.067006 0.063293 -0.001749
v -0.064480 0.060651 0.004234
v -0.057220 0.057000 0.004918
v -0.074363 0.072437 0.031430
v -0.062019 0.034343 0.031883
v -0.046871 0.034444 0.030513
v -0.020814 0.038401 0.027868
v 0.016439 0.035635 0.041281
v -0.069087 0.112050 0.045320
v -0.071812 0.148613 -0.034640
v -0.069539 0.063075 0.003576
v -0.084864 0.078392 0.016462
v -0.091189 0.115889 0.024706
v -0.088828 0.113592 0.023874
v -0.071303 0.113254 0.049445
v -0.054877 0.070282 0.038828
v -0.077209 0.107159 0.034738
v -0.061242 0.059007 0.008092
v -0.065886 0.035025 0.029417
v -0.057889 0.034420 0.036266
v -0.051848 0.034470 0.034635
v -0.034835 0.034721 0.034578
v -0.030985 0.038192 0.032390
v -0.004961 0.039365 0.036702
v 0.012224 0.035177 0.042621
v -0.074898 0.114589 0.050776
v -0.080469 0.113580 0.046643
v -0.074108 0.069586 0.027264
v -0.079003 0.076339 0.029248
v -0.065297 0.034779 0.033744
v -0.033656 0.034344 0.036914
v 0.004932 0.034815 0.043462
v 0.011347 0.036213 0.044652
v -0.060569 0.071155 0.038654
v -0.088979 0.114509 0.028446
v -0.068544 0.061090 0.010558
v -0.082711 0.116490 0.048519
v -0.041913 0.034468 0.033200
v -0.011290 0.039529 0.038844
v -0.002826 0.034885 0.045611
v -0.064561 0.059484 0.013062
v -0.058581 0.057801 0.013430
v -0.023320 0.039170 0.038473
v -0.018160 0.039322 0.039403
v -0.016471 0.034813 0.043685
v 0.003291 0.035833 0.046025
v -0.085230 0.112007 0.030417
v -0.085645 0.111317 0.034235
v -0.074530 0.066681 0.004695
v -0.071113 0.062751 0.008800
v -0.061149 0.058834 0.016539
v -0.046912 0.034627 0.039740
v -0.040760 0.034668 0.040493
v -0.026323 0.034658 0.043473
v -0.003184 0.036230 0.047873
v -0.079940 0.109167 0.034120
v -0.059712 0.063165 0.028789
v -0.051177 0.068062 0.037398
v -0.050127 0.070933 0.039481
v -0.072790 0.064400 0.015206
v -0.068511 0.061215 0.015354
v -0.039343 0.035440 0.042493
v -0.008131 0.035008 0.047502
v -0.066081 0.070203 0.035553
v -0.068603 0.149923 -0.040051
v -0.071722 0.067023 0.024960
v -0.075115 0.066557 0.010244
v -0.065147 0.035946 0.039775
v -0.036899 0.035925 0.044794
v -0.009478 0.035978 0.049434
v -0.085176 0.117068 0.048139
v -0.063366 0.062790 0.025648
v -0.066633 0.061002 0.018101
v -0.058168 0.059985 0.022606
v -0.064212 0.034993 0.039402
v -0.053426 0.034560 0.042782
v -0.018031 0.034860 0.049265
v -0.011440 0.037641 0.050276
v -0.075165 0.111543 0.046707
v -0.077168 0.069826 0.005061
v -0.072801 0.064383 0.012089
v -0.078022 0.070995 0.021322
v -0.061263 0.034690 0.041995
v -0.054404 0.035007 0.044875
v -0.045754 0.035207 0.043518
v -0.033832 0.035169 0.046958
v -0.028658 0.035083 0.050549
v -0.015306 0.035246 0.050134
v -0.065284 0.155924 -0.049866
v -0.066468 0.148715 -0.031579
v -0.062096 0.163883 -0.058386
v -0.063275 0.152457 -0.032222
v -0.043756 0.147734 -0.002143
v -0.065697 0.145616 -0.018975
v -0.066714 0.153588 -0.049097
v -0.010483 0.166683 -0.021746
v -0.062745 0.163975 -0.059398
v -0.070413 0.141292 -0.008459
v -0.061530 0.140376 -0.006273
v -0.011452 0.172206 -0.026845
v -0.063731 0.165770 -0.060104
v -0.028219 0.157581 -0.011000
v -0.018471 0.159677 -0.011170
v -0.066701 0.152368 -0.045266
v -0.049896 0.146709 -0.001861
v -0.031450 0.154605 -0.007680
v -0.067448 0.155077 -0.051594
v -0.010907 0.176493 -0.029246
v -0.072084 0.149656 -0.039266
v -0.064231 0.148778 -0.025900
v -0.063057 0.143416 -0.007491
v -0.053043 0.140925 -0.000474
v -0.039269 0.152052 -0.006620
v -0.064797 0.152106 -0.036186
v -0.064400 0.158344 -0.054256
v -0.066178 0.142183 -0.009377
v -0.067751 0.146052 -0.023333
v -0.064732 0.154101 -0.040465
v -0.024266 0.156877 -0.007851
v -0.015723 0.163123 -0.016397
v -0.070888 0.144046 -0.014908
v -0.044342 0.151138 -0.005686
v -0.062897 0.146948 -0.013099
v -0.063755 0.144289 -0.011396
v -0.068215 0.143909 -0.014984
v -0.050271 0.143366 0.001515
v -0.028536 0.162085 -0.014786
v -0.065811 0.143591 -0.012585
v -0.056179 0.137744 -0.004067
v -0.068867 0.147233 -0.028740
v -0.060965 0.170021 -0.060839
v -0.013895 0.167872 -0.021897
v -0.069413 0.151218 -0.044539
v -0.055040 0.057310 0.016991
vn -0.8249 -0.1275 -0.5507
vn -0.9689 0.2378 -0.0680
vn -0.2070 0.9088 0.3622
vn 0.3857 0.8209 0.4211
vn -0.0740 0.8264 0.5582
vn -0.4285 0.6926 0.5802
vn -0.1263 0.9849 0.1180
vn 0.7836 0.5640 0.2605
vn -0.8632 -0.5044 -0.0208
vn 0.2977 -0.9015 -0.3141
vn -0.9675 -0.2480 0.0493
vn 0.8302 0.4256 0.3600
vn -0.5368 0.8306 0.1484
vn -0.1343 0.9829 0.1257
vn -0.8454 -0.5311 -0.0572
vn 0.0677 0.9027 0.4249
vn 0.8103 0.4977 0.3095
vn 0.7158 0.6164 0.3281
vn -0.6782 0.1525 -0.7189
vn 0.3808 0.8830 0.2742
vn 0.6377 0.7495 0.1776
vn 0.0669 0.6697 0.7396
vn 0.1217 0.9050 0.4078
vn -0.2006 0.2505 -0.9471
vn 0.1164 0.9413 0.3168
vn -0.3309 0.8598 0.3889
vn -0.8591 0.5111 -0.0275
vn -0.1828 0.9614 -0.2055
vn -0.8983 0.1471 -0.4141
vn -0.9702 -0.2188 -0.1042
vn -0.8701 -0.4229 0.2533
vn -0.1738 0.9800 -0.0965
vn -0.1826 0.9771 -0.1095
vn -0.1313 0.9384 -0.3196
vn -0.0782 0.9414 0.3280
vn -0.1522 0.9844 -0.0886
vn -0.3825 0.2299 -0.8949
vn -0.9512 0.2887 -0.1088
vn -0.1576 0.9623 -0.2214
vn -0.5751 0.7072 0.4113
vn 0.1654 0.7171 0.6770
vn 0.5379 0.8054 0.2488
vn -0.1617 0.9855 0.0520
vn -0.9504 0.2813 -0.1327
vn -0.0967 0.9937 -0.0572
vn -0.1071 0.9942 0.0006
vn 0.2718 0.8505 0.4503
vn -0.2438 0.9328 0.2653
vn -0.3815 0.8862 0.2628
vn -0.0696 0.9902 -0.1207
vn -0.8679 -0.4862 0.1023
vn 0.6898 0.6206 0.3729
vn 0.7816 0.6026 0.1612
vn 0.8084 0.4530 0.3759
vn -0.7786 0.4406 -0.4468
vn 0.0530 0.9807 -0.1883
vn 0.3646 0.6998 -0.6143
vn 0.1013 0.8554 0.5080
vn -0.8376 -0.5461 -0.0164
vn -0.2683 0.9037 0.3336
vn -0.5459 0.7967 0.2593
vn -0.0268 0.8962 0.4429
vn -0.9908 -0.0088 -0.1349
vn -0.3723 0.8440 0.3862
vn -0.6993 -0.7059 -0.1126
vn -0.0689 0.8140 0.5768
vn 0.5616 0.3182 0.7638
vn 0.5483 0.7156 0.4328
vn -0.9561 -0.2701 0.1133
vn -0.4113 -0.0428 0.9105
vn -0.1962 0.2985 0.9340
vn -0.2033 0.3172 0.9263
vn -0.0976 0.9770 0.1897
vn -0.3944 0.7742 0.4950
vn -0.1058 0.5751 0.8112
vn 0.5527 0.8314 0.0567
vn -0.7758 -0.6232 -0.0984
vn 0.5524 0.7620 0.3381
vn -0.1584 -0.2245 0.9615
vn -0.3322 0.6326 0.6996
vn 0.3016 0.9083 0.2899
vn -0.4150 0.8208 0.3925
vn -0.3527 0.3666 0.8609
vn -0.8887 0.4013 -0.2219
vn 0.0182 -0.5279 -0.8491
vn 0.0525 0.0623 -0.9967
vn 0.1660 0.8826 0.4399
vn -0.2138 -0.2322 0.9489
vn 0.1373 0.1190 0.9834
vn -0.0911 0.5029 0.8595
vn 0.8973 0.2851 -0.3370
vn -0.9893 -0.1335 -0.0583
vn -0.2444 0.9662 -0.0823
vn 0.7827 0.6011 0.1614
vn -0.9963 -0.0390 -0.0766
vn -0.9837 0.0694 -0.1658
vn 0.7177 0.6185 0.3199
vn 0.0296 0.9993 0.0233
vn -0.0421 0.4648 0.8844
vn -0.1237 0.6411 0.7574
vn -0.0330 0.5913 0.8057
vn -0.7774 0.2892 0.5586
vn -0.3486 0.8549 0.3842
vn 0.4113 0.7458 0.5241
vn 0.3104 0.9079 0.2817
vn 0.0803 0.9924 -0.0936
vn -0.0988 0.8680 0.4866
vn -0.3788 -0.1716 0.9094
vn 0.2324 0.1361 0.9630
vn 0.0648 0.4498 0.8908
vn 0.1571 0.3596 -0.9198
vn 0.5252 -0.8454 0.0974
vn -0.9162 -0.3711 -0.1513
vn -0.9645 0.2415 -0.1072
vn -0.9446 0.1706 -0.2803
vn -0.9125 0.3114 -0.2654
vn 0.1510 -0.1431 -0.9781
vn -0.2477 0.1836 -0.9513
vn -0.3039 -0.2270 0.9253
vn 0.2862 0.2817 0.9158
vn -0.1022 0.7485 0.6552
vn -0.8408 0.0839 -0.5348
vn -0.9798 0.0331 -0.1972
vn 0.3570 0.1589 -0.9205
vn 0.0012 0.0719 0.9974
vn 0.0885 0.2290 0.9694
vn 0.1710 0.4854 0.8574
vn -0.0668 0.7009 0.7101
vn -0.1566 -0.4568 0.8757
vn 0.8558 0.1120 -0.5051
vn -0.1249 0.9601 0.2502
vn -0.9568 -0.1095 -0.2692
vn -0.1990 -0.4170 -0.8869
vn 0.0806 0.5648 0.8213
vn 0.9242 0.3285 -0.1949
vn 0.5316 -0.5391 -0.6533
vn -0.1240 -0.3836 -0.9152
vn -0.2131 0.9101 0.3553
vn 0.6985 -0.6937 -0.1757
vn 0.0946 -0.1036 0.9901
vn 0.1880 0.4385 0.8788
vn 0.5951 -0.4987 -0.6302
vn 0.9158 0.3973 -0.0596
vn 0.6655 -0.2790 -0.6923
vn 0.6808 0.4389 -0.5865
vn -0.2221 0.9744 0.0335
vn -0.0513 0.9887 0.1411
vn -0.3997 0.2791 0.8731
vn 0.0479 -0.4184 0.9070
vn 0.0966 -0.1046 0.9898
vn 0.0282 -0.3561 0.9340
vn 0.2196 0.5960 0.7724
vn 0.5130 -0.8574 -0.0400
vn 0.8245 -0.2512 -0.5070
vn 0.9811 0.0151 -0.1927
vn -0.6039 0.6217 -0.4988
vn -0.8931 0.1968 -0.4045
vn -0.7358 -0.6550 -0.1720
vn -0.7682 -0.6332 -0.0950
vn -0.3300 0.3011 0.8947
vn -0.2608 0.3635 0.8944
vn -0.1756 0.1518 0.9727
vn 0.1283 0.2866 0.9494
vn 0.2063 0.5250 0.8257
vn 0.2402 -0.2929 0.9255
vn 0.2371 0.4239 0.8741
vn 0.9870 0.1579 -0.0302
vn -0.9370 0.3422 0.0697
vn -0.7139 -0.1260 -0.6888
vn 0.0201 0.9217 -0.3873
vn 0.0045 0.8848 0.4659
vn -0.3259 0.3834 0.8642
vn 0.9172 -0.3776 -0.1271
vn -0.0711 -0.7687 0.6356
vn 0.0251 0.6470 0.7621
vn 0.8836 -0.4092 0.2277
vn -0.9997 0.0131 0.0201
vn 0.0867 -0.7111 -0.6977
vn 0.9567 0.2908 0.0099
vn -0.9997 0.0094 0.0238
vn 0.9902 0.1325 0.0443
vn -0.7211 -0.6916 0.0410
vn -0.3349 0.8728 0.3550
vn -0.2270 0.9529 -0.2013
vn -0.8898 -0.4540 0.0453
vn 0.1785 0.9585 -0.2224
vn -0.3070 0.3373 0.8899
vn 0.0220 -0.9970 0.0746
vn 0.1786 -0.4165 0.8914
vn 0.0134 -0.8378 0.5457
vn -0.0522 -0.7661 0.6406
vn 0.1616 -0.0170 0.9867
vn 0.9793 0.1295 -0.1556
vn 0.8140 -0.2941 -0.5009
vn 0.8586 -0.4302 -0.2789
vn 0.6873 -0.5285 -0.4983
vn -0.0348 0.9970 0.0697
vn -0.4617 0.1785 0.8689
vn 0.0490 0.1085 0.9929
vn 0.2483 0.7073 0.6619
vn 0.2008 0.3524 0.9140
vn 0.1921 -0.0792 0.9782
vn 0.5642 0.3782 0.7339
vn 0.9885 0.1076 -0.1060
vn 0.9267 -0.0718 -0.3690
vn -0.3032 0.9479 0.0981
vn -0.2412 0.9676 -0.0753
vn 0.0171 0.9080 0.4186
vn -0.1459 0.9641 -0.2217
vn 0.4279 0.9002 -0.0811
vn -0.3684 -0.3598 0.8572
vn -0.4126 -0.2066 0.8872
vn -0.2167 -0.0158 0.9761
vn -0.4061 0.2883 0.8672
vn -0.2300 0.1480 0.9619
vn -0.1695 0.2807 0.9447
vn 0.3380 0.4207 0.8419
vn 0.2390 0.5205 0.8198
vn 0.9394 -0.0103 -0.3427
vn -0.1589 -0.5270 0.8349
vn -0.2461 0.6209 0.7442
vn 0.2579 -0.2436 0.9350
vn 0.0623 -0.0328 0.9975
vn 0.4193 0.4324 0.7983
vn 0.0278 0.9105 0.4126
vn -0.1120 -0.0356 0.9931
vn 0.2487 -0.4504 0.8575
vn 0.7591 -0.2606 0.5965
vn -0.8063 -0.3610 0.4685
vn 0.8628 0.4684 0.1902
vn -0.9897 0.0328 -0.1396
vn -0.4735 -0.2909 -0.8314
vn -0.0987 -0.3389 0.9356
vn -0.3173 -0.0252 0.9480
vn -0.1751 0.2795 0.9440
vn 0.3764 -0.2534 0.8911
vn -0.3639 -0.5142 -0.7766
vn -0.3424 0.2058 0.9167
vn 0.8634 -0.4738 0.1733
vn 0.7843 0.5058 0.3592
vn -0.2331 0.2639 0.9360
vn -0.3064 0.3540 0.8836
vn -0.1320 0.3471 0.9285
vn -0.1492 0.4360 0.8875
vn -0.2209 -0.1559 0.9627
vn 0.2021 -0.5384 0.8181
vn 0.5989 0.1968 -0.7763
vn -0.9594 0.0228 0.2811
vn -0.8856 0.4644 0.0034
vn -0.2568 0.8561 0.4484
vn 0.2327 -0.7350 -0.6369
vn -0.3045 -0.8781 -0.3692
vn -0.2044 -0.1662 0.9647
vn -0.1169 -0.3337 0.9354
vn -0.0619 -0.1482 0.9870
vn -0.0892 -0.1138 0.9895
vn -0.0517 -0.0626 0.9967
vn -0.1960 0.3208 0.9266
vn 0.2794 0.7206 0.6346
vn -0.2306 0.6564 0.7183
vn 0.9835 0.0480 -0.1745
vn 0.0213 0.5126 0.8584
vn 0.1981 0.3560 0.9133
vn -0.3194 0.8668 0.3829
vn -0.8756 -0.1571 -0.4568
vn -0.0015 -0.2572 0.9664
vn -0.0000 -0.1851 0.9827
vn -0.1319 0.2699 0.9538
vn 0.0822 0.2700 0.9593
vn 0.0035 0.4239 0.9057
vn 0.5523 -0.1476 0.8205
vn -0.0128 0.1559 0.9877
vn -0.6395 -0.2733 -0.7186
vn -0.1286 0.2977 0.9460
vn -0.1505 0.5919 0.7919
vn -0.5348 0.3159 -0.7837
vn 0.1170 -0.1460 0.9823
vn 0.3945 -0.5967 0.6989
vn -0.6773 -0.2219 0.7015
vn 0.3975 0.8839 0.2465
vn 0.5843 0.7253 0.3639
vn -0.3020 0.4367 -0.8474
vn -0.0719 -0.4194 0.9050
vn 0.0631 0.3282 0.9425
vn -0.0327 0.3821 0.9235
vn 0.0017 0.5208 0.8537
vn 0.0491 -0.1159 0.9920
vn 0.2274 0.1477 0.9625
vn 0.9798 -0.1765 -0.0942
vn 0.1101 0.6901 0.7153
vn -0.1647 -0.2941 0.9415
vn -0.1950 0.8559 0.4790
vn -0.1530 -0.8298 -0.5366
vn 0.0248 0.0572 -0.9981
vn -0.2867 -0.1895 0.9391
vn -0.3295 -0.0575 0.9424
vn 0.0660 0.3317 0.9411
vn -0.1578 0.4594 0.8741
vn -0.0832 -0.1865 0.9789
vn 0.0231 0.1636 0.9863
vn 0.9901 0.0221 0.1386
vn -0.1730 -0.1491 0.9736
vn -0.0267 0.5622 0.8265
vn 0.2818 0.7647 0.5795
vn 0.2234 0.0713 -0.9721
vn 0.1699 -0.9403 -0.2950
vn -0.0169 -0.5774 0.8163
vn -0.0571 -0.4027 0.9135
vn -0.1030 -0.3395 0.9349
vn -0.2701 0.0309 0.9623
vn -0.2403 -0.0643 0.9686
vn 0.1229 -0.1266 0.9843
vn 0.0864 -0.0840 0.9927
vn -0.0141 0.2166 0.9762
vn 0.0109 0.3382 0.9410
vn 0.1270 0.4528 0.8825
vn -0.0206 -0.5148 0.8571
vn -0.1706 0.2989 0.9389
vn 0.1538 0.2204 0.9632
vn -0.0979 0.5109 0.8540
vn 0.4394 -0.8977 0.0321
vn -0.2743 0.8576 0.4351
vn -0.3430 0.2683 -0.9002
vn 0.0423 -0.4186 0.9072
vn 0.1188 -0.1253 0.9850
vn 0.3327 0.3713 0.8669
vn -0.3056 -0.3524 0.8846
vn 0.2938 0.2767 0.9150
vn 0.0949 0.5610 0.8224
vn -0.2893 0.5695 0.7694
vn 0.1477 0.2487 0.9573
vn 0.0799 0.3392 0.9373
vn 0.0935 0.7361 0.6704
vn 0.7358 -0.6560 -0.1679
vn 0.3486 0.5345 0.7699
vn -0.5489 0.7408 -0.3872
vn 0.8041 0.4696 0.3647
vn -0.3285 -0.3962 0.8574
vn -0.6741 -0.0235 0.7383
vn 0.1138 -0.1640 0.9799
vn 0.1148 -0.1575 0.9808
vn -0.0707 0.1441 0.9870
vn -0.0301 0.1442 0.9891
vn -0.0159 0.2174 0.9759
vn 0.0701 0.2769 0.9583
vn 0.0670 0.3413 0.9376
vn -0.0199 0.6244 0.7809
vn 0.0977 0.5925 0.7996
vn -0.0241 0.5397 0.8415
vn -0.0605 -0.1119 0.9919
vn 0.0495 -0.1785 0.9827
vn 0.2649 0.4849 0.8335
vn -0.1320 -0.7332 0.6671
vn 0.1526 0.2195 0.9636
vn 0.8349 0.5136 0.1980
vn -0.1532 -0.3112 0.9379
vn 0.1189 0.4451 0.8875
vn 0.0896 0.4143 0.9057
vn 0.0279 0.5414 0.8403
vn 0.0943 -0.0454 0.9945
vn -0.0801 0.7681 0.6353
vn 0.1209 0.3742 0.9194
vn 0.0298 0.7806 0.6243
vn -0.0699 -0.2034 0.9766
vn 0.1493 -0.3849 0.9108
vn 0.0383 -0.2238 0.9739
vn -0.1169 0.1490 0.9819
vn 0.0215 0.1328 0.9909
vn 0.1422 0.3953 0.9075
vn 0.0451 0.4915 0.8697
vn 0.8723 -0.3499 -0.3416
vn 0.2000 0.2140 0.9562
vn 0.1076 0.2721 0.9562
vn 0.9916 0.0524 0.1184
vn 0.2928 0.6391 0.7112
vn 0.9042 0.1352 0.4052
vn 0.2679 -0.9282 -0.2581
vn -0.0146 0.0548 0.9984
vn 0.0134 0.3019 0.9532
vn 0.0980 0.4128 0.9056
vn 0.0852 0.3759 0.9227
vn -0.2318 0.1626 0.9591
vn -0.1643 0.0727 0.9837
vn 0.1215 0.0407 0.9918
vn 0.3771 -0.3159 0.8706
vn -0.1244 0.3755 0.9184
vn -0.2408 0.8699 0.4305
vn -0.0819 0.9942 -0.0701
vn 0.1728 -0.7095 -0.6832
vn -0.9413 -0.1769 -0.2876
vn -0.1528 0.2697 0.9507
vn -0.0215 0.3920 0.9197
vn 0.1172 0.5183 0.8471
vn -0.0275 0.4128 0.9104
vn -0.0476 -0.7132 0.6993
vn 0.0270 -0.5081 0.8608
vn 0.0813 0.4880 0.8690
vn -0.0519 -0.4160 0.9079
vn -0.2218 0.6577 0.7198
vn 0.2932 0.3812 0.8768
vn -0.1459 0.7607 0.6324
vn -0.7689 0.4348 0.4687
vn 0.0617 0.9809 -0.1843
vn 0.0535 -0.4552 0.8888
vn 0.1065 -0.2261 0.9683
vn 0.2083 0.1692 0.9633
vn -0.0907 0.0539 0.9944
vn -0.2549 0.3025 0.9184
vn -0.0448 0.6155 0.7869
vn 0.4915 -0.8271 -0.2727
vn 0.1569 0.5867 0.7944
vn -0.3817 0.5287 0.7582
vn -0.3444 0.1126 0.9320
vn -0.1351 0.9906 0.0191
vn 0.2396 -0.1623 0.9572
vn 0.2405 -0.2576 0.9359
vn 0.3338 -0.0091 0.9426
vn 0.2963 0.0381 0.9543
vn -0.9680 0.2445 -0.0560
vn 0.3490 -0.7055 0.6168
vn -0.1518 0.6382 0.7548
vn 0.1496 0.6796 0.7182
vn -0.1764 0.8755 0.4499
vn 0.2599 -0.2808 0.9239
vn 0.3600 0.0695 0.9303
vn 0.3321 0.1581 0.9299
vn 0.3331 0.1597 0.9293
vn 0.3711 0.2844 0.8840
vn -0.3123 0.3526 0.8821
vn 0.4040 0.5370 0.7405
vn 0.3884 0.4893 -0.7809
vn 0.2450 0.1611 0.9560
vn 0.2526 0.4183 0.8725
vn -0.0745 -0.8661 -0.4943
vn 0.1777 0.5091 0.8422
vn 0.2128 0.4364 0.8742
vn -0.7543 0.2153 -0.6202
vn -0.0457 0.5890 0.8068
vn 0.1194 0.6468 0.7532
vn -0.1900 0.2951 0.9364
vn 0.3685 0.8528 0.3700
vn 0.4894 -0.1601 -0.8572
vn 0.1954 -0.0541 0.9792
vn 0.3888 -0.2010 0.8991
vn 0.0381 0.1236 0.9916
vn -0.1044 0.3659 0.9248
vn -0.0212 0.4733 0.8806
vn -0.0590 0.4893 0.8701
vn -0.0899 0.7345 0.6727
vn -0.1488 -0.7236 -0.6740
vn 0.2504 -0.8291 -0.4999
vn 0.5142 0.0829 0.8536
vn 0.2403 0.4753 0.8464
vn -0.8687 0.2974 -0.3960
vn -0.2385 -0.0575 0.9694
vn 0.0722 0.2116 0.9747
vn 0.0230 0.6513 0.7584
vn 0.0134 0.6066 0.7949
vn -0.0446 0.7040 0.7088
vn 0.8953 -0.2248 0.3847
vn 0.6134 -0.7749 -0.1526
vn -0.0290 0.3682 0.9293
vn 0.0185 -0.3432 0.9391
vn -0.9085 -0.0469 -0.4153
vn 0.0262 0.9987 -0.0434
vn -0.0380 0.9913 0.1263
vn -0.2395 -0.4171 0.8767
vn -0.0544 -0.1371 0.9891
vn -0.1157 0.1051 0.9877
vn 0.1427 -0.2391 0.9604
vn 0.0613 0.4956 0.8664
vn 0.1095 0.5764 0.8098
vn 0.4424 -0.8475 -0.2933
vn 0.1514 0.0548 0.9870
vn 0.1777 0.3423 0.9226
vn 0.2012 0.4358 0.8773
vn -0.1157 0.6255 0.7716
vn -0.9373 0.0960 0.3351
vn -0.3558 -0.1418 0.9237
vn 0.2333 -0.0111 0.9723
vn 0.4863 -0.2273 0.8437
vn 0.3867 0.0546 0.9206
vn 0.4244 0.1835 0.8867
vn 0.2969 0.2138 0.9307
vn 0.4216 0.2690 0.8659
vn -0.9973 0.0394 -0.0622
vn 0.9355 -0.3534 0.0073
vn 0.2618 0.0782 0.9620
vn -0.1339 0.8208 0.5553
vn -0.0654 -0.0097 0.9978
vn 0.2446 0.5194 0.8188
vn 0.0293 -0.2345 0.9717
vn -0.1927 -0.1476 0.9701
vn 0.0107 -0.1307 0.9914
vn 0.3166 0.0446 0.9475
vn 0.2302 0.0172 0.9730
vn 0.2623 0.0938 0.9604
vn 0.9965 -0.0592 0.0589
vn -0.5084 0.8537 0.1127
vn -0.0706 0.1129 0.9911
vn -0.0952 0.4556 0.8851
vn 0.0587 0.4421 0.8950
vn 0.0377 0.3209 0.9464
vn -0.0643 -0.1311 0.9893
vn -0.0225 -0.0768 0.9968
vn -0.3545 -0.0168 0.9349
vn -0.2876 0.0485 0.9565
vn -0.3155 0.0763 0.9458
vn 0.1176 0.2634 0.9575
vn 0.9888 0.1365 -0.0599
vn -0.1818 -0.1052 0.9777
vn -0.1691 0.5871 0.7917
vn 0.7717 -0.5587 -0.3039
vn 0.5214 -0.8367 0.1677
vn -0.0337 0.2491 0.9679
vn 0.1359 -0.1651 0.9769
vn -0.0694 0.0971 0.9928
vn -0.2884 -0.0927 0.9530
vn -0.2866 0.0842 0.9543
vn -0.1204 0.3655 0.9230
vn 0.3681 0.3655 0.8549
vn 0.3659 0.2756 0.8889
vn 0.0905 0.5797 0.8098
vn 0.1131 0.5863 0.8021
vn -0.0478 0.7226 0.6896
vn -0.4348 0.9002 0.0242
vn 0.0219 -0.4634 0.8859
vn 0.3189 0.2101 0.9242
vn -0.0861 0.6427 0.7612
vn -0.0043 0.6679 0.7442
vn -0.9943 0.0856 -0.0630
vn 0.3630 0.2309 0.9027
vn -0.0461 -0.1191 0.9918
vn -0.0108 -0.0228 0.9997
vn 0.9654 0.0010 -0.2606
vn 0.3502 0.1911 0.9170
vn 0.1377 -0.0994 0.9855
vn 0.0262 -0.1062 0.9940
vn 0.0413 -0.0889 0.9952
vn -0.0918 0.0530 0.9944
vn -0.0214 0.1067 0.9941
vn -0.1043 -0.2106 0.9720
vn -0.3566 0.1220 0.9263
vn -0.2418 0.3007 0.9226
vn -0.1025 0.4858 0.8680
vn -0.0486 0.4512 0.8911
vn -0.0337 0.5097 0.8597
vn 0.0871 0.6059 0.7908
vn 0.2565 -0.2556 0.9321
vn 0.9232 0.3735 0.0903
vn 0.6425 -0.7539 -0.1373
vn -0.8577 0.4428 -0.2614
vn 0.2398 0.4237 0.8735
vn 0.3671 -0.0651 0.9279
vn 0.2598 -0.2176 0.9408
vn 0.2710 -0.1958 0.9424
vn 0.1105 -0.1887 0.9758
vn 0.2728 -0.1867 0.9438
vn -0.2218 0.5149 0.8281
vn 0.0834 0.5523 0.8295
vn 0.0398 0.0434 0.9983
vn 0.2940 0.1685 0.9408
vn 0.2099 -0.1353 0.9683
vn 0.7355 -0.2828 0.6157
vn -0.1423 0.2658 0.9535
vn 0.2565 0.0668 0.9642
vn 0.1413 -0.0635 0.9879
vn 0.2513 -0.0760 0.9649
vn 0.2705 0.1027 0.9572
vn -0.1249 -0.2042 0.9709
vn -0.2285 0.4711 0.8520
vn 0.0295 0.5721 0.8197
vn -0.0566 -0.1572 0.9859
vn 0.2412 -0.5463 0.8021
vn 0.1241 0.4932 0.8610
vn 0.6158 0.4196 0.6669
vn -0.3269 -0.0720 0.9423
vn 0.7483 -0.3049 0.5891
vn 0.6332 0.7694 0.0843
vn 0.2540 -0.2073 0.9447
vn 0.3918 -0.1746 0.9033
vn 0.3953 -0.0809 0.9150
vn 0.4322 -0.2444 0.8680
vn 0.2756 -0.0616 0.9593
vn -0.1366 -0.4342 0.8904
vn -0.0081 0.6647 0.7471
vn 0.0057 0.3061 0.9520
vn 0.4570 -0.1791 0.8712
vn -0.0691 -0.1726 0.9826
vn -0.2044 0.4918 0.8464
vn -0.0394 0.5656 0.8237
vn 0.0838 0.6271 0.7744
vn 0.1986 0.7825 0.5901
vn 0.1417 0.0620 0.9880
vn -0.0289 0.4760 0.8790
vn 0.3064 -0.9067 -0.2899
vn 0.1938 0.6652 0.7211
vn -0.8675 -0.4946 -0.0532
vn -0.0425 0.9715 0.2331
vn -0.0596 0.9626 0.2643
vn 0.3348 0.0671 0.9399
vn 0.4116 -0.1938 0.8905
vn 0.4167 -0.0993 0.9036
vn 0.2176 -0.0454 0.9750
vn -0.0532 -0.1408 0.9886
vn -0.1356 0.1794 0.9744
vn -0.2491 0.3007 0.9206
vn -0.8595 -0.4056 -0.3109
vn -0.9549 0.2326 -0.1847
vn 0.4072 -0.1779 0.8959
vn -0.0714 -0.1038 0.9920
vn -0.1315 -0.1702 0.9766
vn -0.1825 -0.0496 0.9820
vn -0.1715 0.4147 0.8936
vn -0.1827 0.4527 0.8728
vn 0.1311 0.4985 0.8569
vn 0.0884 0.2469 0.9650
vn 0.7325 -0.5800 -0.3564
vn -0.9630 -0.2407 -0.1216
vn 0.3481 -0.1623 0.9233
vn 0.3216 -0.2268 0.9193
vn 0.2692 -0.1123 0.9565
vn -0.0968 -0.3065 0.9469
vn -0.0279 -0.1325 0.9908
vn -0.4037 -0.2584 0.8776
vn -0.0951 -0.0826 0.9920
vn -0.4171 -0.4161 0.8080
vn -0.0435 -0.1890 0.9810
vn 0.2264 0.2937 0.9287
vn -0.1624 0.4864 0.8585
vn -0.0874 0.6079 0.7892
vn 0.9880 0.1412 0.0628
vn 0.3821 -0.4118 0.8273
vn 0.5204 -0.1043 0.8475
vn -0.0153 0.0489 0.9987
vn 0.6349 0.1169 0.7637
vn -0.8937 -0.0809 0.4413
vn -0.0397 -0.1505 0.9878
vn 0.8857 0.1923 -0.4225
vn 0.2675 0.2701 0.9249
vn -0.0857 0.7748 0.6264
vn 0.0739 0.3560 0.9316
vn 0.0169 0.4004 0.9162
vn -0.8869 0.2039 -0.4146
vn -0.6886 -0.7134 -0.1298
vn 0.1606 0.9846 0.0697
vn 0.1208 -0.1616 0.9794
vn -0.0303 -0.1040 0.9941
vn 0.0933 -0.2045 0.9744
vn 0.3971 0.8962 -0.1979
vn -0.3004 0.9418 0.1509
vn 0.2563 0.2197 0.9413
vn 0.8137 0.4857 -0.3193
vn 0.1630 0.7399 0.6527
vn 0.1434 -0.0940 0.9852
vn -0.0492 0.2823 0.9581
vn -0.3536 -0.4830 -0.8011
vn -0.3693 0.8738 0.3162
vn 0.9941 0.0756 0.0782
vn 0.7232 -0.6548 -0.2197
vn -0.4453 0.7784 0.4426
vn -0.4161 -0.2564 0.8724
vn -0.4379 -0.2774 0.8551
vn -0.2294 0.2115 0.9501
vn -0.1490 0.4917 0.8579
vn -0.2545 0.5160 0.8179
vn -0.2083 0.6121 0.7628
vn -0.2373 0.7004 -0.6732
vn 0.1276 -0.1113 0.9856
vn 0.0137 0.0696 -0.9975
vn 0.2505 0.5842 0.7720
vn 0.0625 -0.4421 0.8948
vn 0.9121 -0.3815 -0.1504
vn -0.7057 -0.0683 0.7053
vn -0.8448 -0.2147 0.4901
vn -0.9693 -0.1773 0.1703
vn -0.0139 0.7805 0.6250
vn 0.7110 -0.0870 0.6978
vn -0.1124 -0.1497 0.9823
vn 0.0488 0.2785 0.9592
vn -0.2941 0.5138 0.8059
vn -0.1499 0.6641 0.7325
vn -0.1337 0.7401 0.6591
vn 0.2434 0.3117 0.9185
vn 0.2258 0.1736 0.9586
vn -0.1435 0.0588 0.9879
vn -0.0040 0.3070 0.9517
vn 0.1441 0.1338 0.9805
vn -0.1747 0.8841 0.4335
vn -0.1841 -0.4781 -0.8588
vn -0.2078 -0.4768 -0.8541
vn -0.1627 0.7151 0.6798
vn 0.0315 0.8897 0.4555
vn 0.3309 0.9436 -0.0128
vn -0.0470 0.2432 0.9688
vn -0.1649 0.0055 0.9863
vn -0.1112 0.3328 0.9364
vn -0.3402 0.5921 0.7306
vn 0.3037 0.3095 0.9011
vn 0.1960 0.0508 0.9793
vn 0.0829 0.6246 0.7766
vn 0.1692 0.0146 0.9855
vn -0.0630 -0.0643 0.9959
vn 0.2111 0.1524 0.9655
vn -0.3284 0.5324 0.7802
vn -0.1471 0.9065 0.3957
vn -0.1553 0.8381 0.5230
vn 0.4458 0.8442 0.2975
vn 0.4960 0.4151 0.7627
vn -0.2565 0.3179 0.9128
vn 0.9682 0.0967 -0.2306
vn 0.1553 -0.8603 -0.4856
vn 0.7713 -0.2700 0.5763
vn 0.6014 0.3720 0.7071
vn -0.1217 0.7579 0.6409
vn -0.3385 0.5758 0.7442
vn -0.1430 0.4460 0.8835
vn -0.1732 0.7429 0.6465
vn -0.1458 0.8733 0.4649
vn -0.0263 0.3338 0.9423
vn 0.2370 0.9689 -0.0714
vn -0.9799 0.0161 -0.1988
vn -0.9593 0.2613 -0.1073
vn 0.2566 0.8400 0.4780
vn 0.8245 0.2934 0.4838
vn -0.1267 0.2395 0.9626
vn 0.2219 -0.2075 0.9527
vn 0.0616 0.2652 0.9622
vn 0.3191 0.0106 0.9477
vn 0.4779 0.7468 0.4624
vn 0.9887 -0.1490 -0.0165
vn 0.0191 0.8155 0.5785
vn -0.9688 0.1238 -0.2146
vn -0.1867 0.4351 0.8808
vn -0.3090 0.4983 0.8101
vn 0.7877 0.1570 -0.5957
vn -0.0817 0.4589 0.8847
vn 0.6353 0.2711 0.7231
vn 0.1972 0.4811 0.8542
vn 0.7736 0.2451 -0.5843
vn -0.5519 0.5612 0.6169
vn -0.7391 -0.1576 0.6550
vn 0.2457 0.9547 -0.1679
vn 0.2569 0.9654 -0.0452
vn -0.3836 -0.4707 -0.7946
vn 0.5931 0.7551 0.2793
vn 0.4547 0.6490 0.6099
vn 0.0108 0.2556 0.9667
vn -0.0098 -0.0821 0.9966
vn 0.9475 -0.3137 0.0622
vn 0.1933 0.7271 0.6588
vn 0.1384 0.8868 0.4409
vn -0.4301 0.8191 0.3797
vn -0.8735 0.4865 0.0166
vn 0.0205 0.7852 0.6189
vn 0.3915 0.9011 -0.1863
vn -0.2841 0.9490 -0.1370
vn 0.3876 -0.8940 -0.2247
vn 0.0187 0.2836 0.9588
vn -0.0465 0.4105 0.9107
vn -0.3767 0.6212 0.6872
vn -0.3595 0.6184 0.6988
vn -0.4024 0.3174 -0.8587
vn 0.0824 0.6262 0.7753
vn 0.2111 -0.1334 0.9683
vn 0.2274 0.0757 0.9708
vn 0.2598 0.6825 0.6831
vn 0.2419 0.6638 0.7077
vn -0.0573 0.6854 0.7259
vn -0.0696 0.3656 0.9282
vn -0.6081 -0.0975 0.7879
vn -0.2585 0.9609 0.0990
vn 0.1712 0.9810 0.0914
vn 0.1083 -0.9149 -0.3889
vn -0.4363 -0.1137 0.8926
vn -0.1204 0.5931 0.7961
vn -0.0447 0.4640 0.8847
vn -0.1456 -0.0783 0.9862
vn 0.2519 0.4650 0.8487
vn 0.3978 0.9159 0.0538
vn -0.2548 0.2810 0.9253
vn 0.0909 0.8389 0.5367
vn 0.0508 0.2612 0.9639
vn -0.1895 0.5096 0.8393
vn -0.2391 0.6389 0.7312
vn 0.6291 -0.0742 -0.7738
vn 0.0088 0.5648 0.8251
vn 0.2843 -0.1695 0.9436
vn -0.4921 0.8690 0.0528
vn -0.5784 -0.2751 0.7680
vn 0.0723 0.9805 0.1828
vn 0.0813 0.9599 0.2683
vn -0.2341 -0.2306 0.9445
vn -0.1925 -0.2234 0.9555
vn -0.0687 0.1679 0.9834
vn 0.4018 0.9148 -0.0397
vn 0.9313 0.0112 -0.3641
vn 0.2043 0.6529 0.7294
vn 0.2196 0.0033 0.9756
vn 0.2149 0.0837 0.9731
vn -0.6692 -0.3238 0.6689
vn -0.2491 -0.2507 0.9355
vn -0.2581 0.2699 0.9276
vn -0.3733 0.4212 0.8266
vn 0.2415 0.9268 0.2877
vn -0.0162 -0.9776 0.2100
vn -0.0049 0.1518 0.9884
vn -0.1890 0.3174 0.9293
vn -0.3589 0.5520 0.7527
vn -0.2656 0.7731 0.5760
vn 0.0168 -0.5798 0.8146
vn -0.1339 0.0548 0.9895
vn 0.1594 0.1122 0.9808
vn 0.1402 -0.0505 0.9888
vn -0.3594 -0.4416 0.8221
vn 0.1689 0.7045 0.6893
vn -0.5381 -0.2131 0.8155
vn -0.1803 -0.2823 0.9422
vn -0.2513 -0.2472 0.9358
vn -0.1837 -0.2287 0.9560
vn -0.1471 -0.0843 0.9855
vn 0.3641 -0.3068 0.8794
vn 0.2889 0.1384 0.9473
vn -0.1869 0.2518 0.9496
vn -0.3200 0.5879 0.7430
vn -0.8745 0.1028 -0.4739
vn 0.3436 0.9375 0.0547
vn -0.2639 0.5426 0.7974
vn -0.3867 0.7163 0.5809
vn 0.5951 -0.7728 -0.2205
vn 0.9254 -0.1256 -0.3576
vn -0.1180 0.5228 0.8442
vn -0.1308 -0.5744 0.8081
vn 0.1946 -0.2709 0.9427
vn -0.1201 0.0045 0.9928
vn 0.0474 0.3394 0.9395
vn -0.2670 0.5143 0.8150
vn 0.2752 -0.2549 0.9270
vn 0.2229 0.2941 0.9294
vn -0.0681 0.1242 0.9899
vn 0.1804 0.6426 0.7447
vn -0.4100 -0.4801 0.7755
vn -0.3721 -0.3724 0.8502
vn 0.5531 -0.7717 -0.3140
vn 0.1986 -0.2105 0.9572
vn -0.3305 -0.3251 0.8860
vn -0.2651 -0.0953 0.9595
vn -0.1557 0.0496 0.9866
vn -0.0693 0.1103 0.9915
vn 0.0840 0.8257 0.5578
vn -0.2084 0.1663 0.9638
vn -0.1392 0.2138 0.9669
vn -0.1540 0.4316 0.8888
vn -0.2498 0.4460 0.8595
vn -0.2796 0.8150 0.5076
vn 0.2796 0.4839 0.8293
vn -0.0149 0.5392 0.8421
vn -0.1184 0.2844 0.9514
vn -0.3454 -0.3644 0.8648
vn -0.3431 -0.3228 0.8821
vn -0.2376 -0.1316 0.9624
vn -0.3324 -0.3235 0.8859
vn -0.1968 -0.2242 0.9545
vn -0.1961 -0.1645 0.9667
vn -0.1096 0.3109 0.9441
vn -0.1354 0.5740 0.8076
vn 0.9920 0.0879 -0.0907
vn 0.0479 0.1157 0.9921
vn -0.2289 0.8202 0.5242
vn 0.3481 -0.3331 0.8763
vn -0.0907 -0.1494 0.9846
vn -0.0342 0.0774 0.9964
vn 0.0731 0.5327 0.8431
vn 0.7085 -0.6512 -0.2719
vn -0.2342 -0.4181 0.8777
vn 0.0779 0.9593 0.2715
vn 0.2462 0.9635 0.1053
vn 0.0530 0.1426 0.9884
vn 0.0596 0.1617 0.9850
vn 0.9466 0.2744 -0.1695
vn 0.0152 0.2085 0.9779
vn -0.0340 0.0447 0.9984
vn -0.1820 0.2220 0.9579
vn -0.1745 0.7014 0.6911
vn -0.9854 -0.1378 -0.0997
vn 0.2837 0.5790 0.7644
vn -0.2905 -0.2651 -0.9194
vn -0.1492 0.5607 0.8145
vn -0.1411 0.4752 0.8685
vn -0.1539 0.5503 0.8207
vn -0.1304 0.5848 0.8006
vn -0.0487 -0.4169 0.9076
vn -0.0409 -0.7164 0.6965
vn -0.0162 0.1719 0.9850
vn 0.0518 0.6514 0.7569
vn 0.0709 0.0373 0.9968
vn -0.1084 -0.6669 0.7373
vn -0.1531 0.9835 0.0965
vn -0.2325 -0.0621 0.9706
vn -0.2134 -0.0304 0.9765
vn -0.3315 -0.1348 0.9338
vn -0.0670 -0.1142 0.9912
vn -0.0646 0.0679 0.9956
vn -0.0292 0.1768 0.9838
vn -0.3303 -0.0778 0.9407
vn -0.1431 0.4731 0.8693
vn 0.8628 -0.2216 -0.4545
vn 0.1951 -0.0197 0.9806
vn 0.1882 -0.0912 0.9779
vn -0.1332 -0.6914 0.7101
vn -0.3804 -0.3338 0.8625
vn -0.3364 -0.3245 0.8841
vn -0.3235 -0.1750 0.9299
vn -0.0417 0.0519 0.9978
vn -0.1023 0.1411 0.9847
vn -0.1040 0.1457 0.9838
vn -0.0461 0.5065 0.8610
vn -0.1870 0.8688 0.4585
vn -0.0604 0.3277 0.9428
vn -0.1494 0.7559 0.6374
vn -0.1548 0.7797 0.6068
vn 0.2860 0.3074 0.9076
vn 0.3218 0.3106 0.8944
vn -0.2110 -0.0483 0.9763
vn 0.2539 0.0350 0.9666
vn -0.0164 0.3352 0.9420
vn 0.5930 0.0127 -0.8051
vn -0.0318 0.9564 0.2902
vn -0.1251 0.5845 0.8017
vn 0.9111 0.2012 -0.3597
vn 0.3009 0.1308 0.9446
vn -0.1016 -0.6904 0.7163
vn -0.2273 -0.4139 0.8815
vn 0.0146 -0.4630 0.8862
vn -0.0487 -0.1351 0.9896
vn -0.1955 -0.4730 0.8591
vn 0.2121 0.1802 0.9605
vn 0.0107 -0.9602 -0.2792
vn 0.0844 0.0977 0.9916
vn -0.2963 -0.0523 0.9537
vn 0.0450 -0.4237 0.9047
vn -0.2739 -0.1157 0.9548
vn -0.1916 0.0282 0.9811
vn -0.1877 0.0675 0.9799
vn -0.0261 0.1423 0.9895
vn -0.9580 0.2864 0.0113
vn 0.1499 0.2126 0.9656
vn 0.0656 0.2081 0.9759
vn 0.3804 -0.0864 0.9208
vn 0.7781 -0.2665 0.5688
vn 0.3779 -0.0808 0.9223
vn -0.3410 0.8050 0.4854
vn 0.4842 0.4104 0.7727
vn 0.4837 -0.2850 0.8275
vn 0.4066 -0.3183 0.8564
vn 0.1699 -0.7887 0.5909
vn 0.4384 0.3837 0.8127
vn 0.3578 -0.1867 -0.9150
vn 0.4367 0.2366 0.8679
vn 0.3156 -0.3229 0.8923
vn 0.5545 -0.0750 0.8288
vn 0.8222 -0.1488 0.5495
vn 0.9746 0.0327 -0.2217
vn 0.2261 0.1988 0.9536
vn 0.7265 -0.0178 0.6870
vn 0.5733 -0.2552 0.7786
vn -0.0938 -0.5213 -0.8482
vn 0.4021 -0.5396 0.7396
vn 0.5228 0.0788 0.8488
vn 0.3146 0.3108 0.8969
vn 0.5249 -0.7965 -0.3001
vn 0.6297 -0.3911 -0.6712
vn 0.9206 0.1184 -0.3721
vn 0.1572 0.7922 0.5897
vn 0.4873 -0.2899 0.8237
vn 0.9256 0.3271 0.1906
vn -0.2418 0.7199 -0.6506
vn 0.4245 0.3181 0.8477
vn 0.2567 0.4110 0.8747
vn 0.5530 -0.3105 0.7732
vn 0.9109 -0.1017 0.3999
vn -0.0031 -0.6743 0.7385
vn 0.4642 0.3310 0.8216
vn 0.5222 0.2799 0.8056
vn 0.8082 0.4863 -0.3322
vn 0.5750 0.3422 0.7431
vn -0.9343 0.2666 0.2365
vn 0.2363 0.4426 0.8650
vn 0.4637 0.3259 0.8239
vn 0.3352 -0.1871 0.9234
vn 0.1637 0.7407 0.6516
vn 0.2090 -0.7106 0.6718
vn -0.0685 -0.6220 -0.7800
vn 0.6413 -0.5086 0.5745
vn -0.6563 -0.7377 -0.1586
vn 0.6472 0.0849 0.7576
vn 0.7601 0.3290 0.5604
vn 0.3564 0.3271 0.8752
vn 0.5926 -0.1100 0.7980
vn 0.4597 0.4512 0.7649
vn 0.6692 -0.5390 0.5116
vn 0.6969 -0.3604 0.6201
vn 0.5843 0.2972 0.7551
vn 0.0219 0.9063 0.4221
vn 0.7852 0.0347 0.6183
vn 0.7354 0.1880 0.6510
vn 0.9583 0.0427 0.2825
vn 0.5487 -0.7073 0.4457
vn 0.8520 -0.1028 0.5134
vn 0.8481 -0.1539 0.5071
vn 0.7973 0.2274 0.5591
vn 0.6893 0.3792 0.6173
vn 0.6866 0.3994 0.6075
vn 0.7896 -0.1679 0.5901
vn 0.7454 -0.0356 0.6657
vn 0.7521 -0.1166 0.6487
vn 0.7899 0.3393 0.5109
vn 0.2275 0.4399 0.8688
vn -0.1215 0.2212 -0.9676
vn 0.5452 -0.7787 0.3104
vn 0.7400 -0.5561 0.3784
vn 0.7852 0.1829 0.5916
vn 0.9507 -0.2394 -0.1973
vn 0.6803 0.2928 0.6719
vn 0.7735 -0.0517 0.6316
vn 0.6941 0.0837 0.7150
vn 0.4215 0.2281 0.8777
vn 0.4955 0.4629 0.7350
vn 0.7080 -0.6199 0.3384
vn 0.8693 -0.3447 0.3542
vn 0.7707 0.4095 0.4882
vn 0.6576 -0.0954 0.7473
vn 0.8038 -0.0648 0.5913
vn 0.8340 0.2113 0.5097
vn 0.7721 0.0936 0.6285
vn 0.0570 0.2948 -0.9538
vn 0.5775 -0.2529 0.7762
vn 0.3862 -0.0453 0.9213
vn 0.8087 0.2698 0.5226
vn 0.4900 -0.0072 0.8717
vn 0.8841 -0.0825 0.4599
vn 0.7757 0.3732 0.5090
vn 0.8997 0.0800 0.4291
vn 0.3073 0.3013 0.9026
vn 0.5039 -0.2956 0.8116
vn 0.6288 -0.5151 0.5824
vn 0.4906 0.3734 0.7873
vn 0.4648 -0.8295 0.3097
vn 0.2699 -0.1784 0.9462
vn 0.8403 0.3259 0.4333
vn 0.8425 -0.0038 0.5387
vn 0.6928 -0.6119 0.3816
vn 0.8789 0.0649 0.4725
vn -0.1307 0.3005 -0.9448
vn 0.8693 -0.0838 0.4871
vn 0.4840 -0.4520 0.7492
vn 0.5909 -0.1727 0.7880
vn 0.5104 0.2074 0.8345
vn 0.5356 0.1251 0.8351
vn 0.6051 -0.3575 0.7114
vn 0.5162 -0.6994 -0.4944
vn 0.7741 -0.4105 0.4818
vn 0.6652 -0.5411 0.5145
vn 0.7912 0.0415 0.6101
vn 0.4929 0.3086 0.8135
vn 0.5761 0.4356 0.6916
vn 0.5946 0.4083 0.6926
vn 0.6295 0.4750 0.6149
vn 0.7489 0.2671 0.6064
vn 0.8272 -0.1376 0.5448
vn 0.8180 0.0604 0.5720
vn 0.5280 -0.4583 0.7150
vn 0.8378 -0.1909 0.5116
vn 0.6362 -0.6761 -0.3717
vn 0.4433 -0.1877 0.8765
vn 0.7259 -0.5843 0.3629
vn 0.3756 -0.1351 0.9169
vn -0.0755 0.1725 -0.9821
vn 0.5069 0.6052 0.6138
vn 0.2871 0.2337 0.9289
vn 0.5312 -0.2417 0.8120
vn 0.5556 0.2642 0.7883
vn -0.2033 0.7611 0.6160
vn 0.0149 0.1614 0.9868
vn 0.0859 0.0908 0.9922
vn 0.5274 -0.6528 -0.5437
vn -0.7569 -0.3227 -0.5683
vn 0.4647 0.4861 0.7401
vn -0.0077 0.1693 0.9855
vn 0.4280 -0.0273 0.9034
vn 0.5592 -0.7571 0.3377
vn 0.5667 0.5051 0.6509
vn -0.0934 -0.7273 -0.6800
vn 0.4340 -0.4722 0.7672
vn 0.3581 -0.5185 0.7765
vn 0.4297 -0.4799 0.7649
vn 0.7178 -0.0401 0.6951
vn 0.3618 -0.6101 0.7049
vn 0.2788 0.6128 0.7394
vn 0.1916 0.4562 0.8690
vn 0.5808 0.2288 0.7812
vn 0.4152 0.4021 0.8161
vn 0.4508 0.1816 0.8740
vn 0.7295 -0.1391 0.6697
vn 0.6896 -0.3648 0.6255
vn 0.6295 -0.1955 0.7520
vn 0.5409 0.1919 0.8189
vn 0.4715 -0.8614 -0.1889
vn 0.4632 -0.7569 0.4610
vn 0.2847 0.6566 0.6984
vn 0.4034 -0.4971 0.7682
vn 0.5629 -0.2671 0.7822
vn 0.5631 -0.2634 0.7833
vn 0.4857 0.4386 0.7561
vn 0.4088 0.4366 0.8014
vn 0.5274 0.3722 0.7637
vn 0.2883 0.6349 0.7168
vn 0.4616 0.4974 0.7345
vn 0.5960 0.2162 0.7733
vn 0.5415 0.3036 0.7840
vn 0.6089 0.1688 0.7751
vn 0.7810 -0.0212 0.6242
vn 0.7783 -0.0044 0.6279
vn 0.7738 0.3122 -0.5511
vn 0.0928 -0.7255 -0.6819
vn 0.6333 -0.1668 0.7557
vn 0.6387 0.1214 0.7598
vn 0.8381 -0.0836 0.5390
vn -0.1065 -0.6398 0.7611
vn 0.3714 0.2613 0.8910
vn 0.1948 0.4985 0.8447
vn 0.2638 0.3029 0.9158
vn 0.5021 -0.7847 0.3634
vn 0.2303 0.7526 0.6169
vn 0.8780 0.4575 0.1403
vn 0.7102 0.2581 0.6550
vn 0.5963 0.4404 0.6711
vn 0.5777 -0.7984 -0.1698
vn 0.3316 0.6076 0.7217
vn 0.6485 0.0960 0.7551
vn 0.9101 -0.4065 -0.0801
vn 0.4293 0.1988 0.8810
vn 0.3030 -0.0527 0.9515
vn 0.6728 -0.5310 0.5151
vn 0.5664 0.4500 0.6904
vn 0.7078 -0.1313 0.6941
vn 0.0593 -0.9702 0.2351
vn 0.7471 -0.6026 -0.2805
vn 0.4490 0.2904 0.8450
vn 0.3163 0.6207 0.7174
vn 0.5054 0.3167 0.8027
vn 0.9149 0.3986 -0.0637
vn 0.5987 -0.2861 0.7481
vn -0.3361 0.3213 -0.8853
vn 0.4550 0.0815 0.8868
vn 0.6708 0.2560 0.6961
vn 0.7824 0.1177 0.6115
vn 0.2922 0.0401 0.9555
vn 0.2893 0.0997 0.9520
vn 0.6697 0.2385 0.7033
vn 0.7447 -0.5035 0.4381
vn 0.6975 0.4493 0.5581
vn 0.7588 -0.1336 0.6375
vn 0.5388 -0.2006 0.8182
vn 0.6635 -0.2444 0.7072
vn 0.5875 -0.5397 0.6030
vn 0.5008 -0.0104 0.8655
vn 0.6654 -0.2997 0.6836
vn 0.4913 0.1884 0.8504
vn 0.7266 -0.1416 0.6722
vn 0.2910 0.0422 0.9558
vn 0.4526 -0.2833 0.8455
vn 0.8582 0.0210 0.5129
vn -0.3682 -0.9038 -0.2180
vn 0.5287 -0.2164 0.8207
vn 0.5414 -0.1821 0.8208
vn 0.4306 0.2020 0.8796
vn 0.7096 -0.1792 0.6815
vn 0.7805 0.0529 0.6230
vn 0.8401 0.1109 0.5310
vn 0.8512 0.0721 0.5199
vn 0.4840 -0.5898 0.6464
vn 0.5436 -0.0572 0.8374
vn 0.6160 0.1026 0.7810
vn -0.0193 0.7138 0.7001
vn 0.4345 0.5495 0.7136
vn 0.7651 -0.3046 0.5672
vn 0.4885 -0.2730 0.8288
vn 0.3914 0.1997 0.8983
vn 0.2382 0.4212 0.8751
vn 0.4229 0.4238 0.8010
vn 0.8198 -0.0715 0.5682
vn -0.8958 0.4263 -0.1256
vn 0.6964 -0.2572 0.6700
vn 0.6928 0.2960 0.6576
vn 0.6055 0.2705 0.7485
vn 0.3092 -0.5707 -0.7607
vn 0.5858 -0.1012 0.8041
vn 0.4021 -0.0831 0.9118
vn 0.5293 0.0813 0.8445
vn 0.4541 -0.7263 -0.5160
vn -0.4435 0.5217 0.7288
vn 0.6709 0.2406 0.7015
vn 0.3892 0.1623 0.9067
vn 0.5563 -0.0555 0.8291
vn 0.6696 0.4822 0.5649
vn 0.9391 -0.1274 0.3191
vn 0.5733 0.3532 0.7393
vn 0.4913 -0.1471 0.8585
vn 0.9016 0.4266 0.0716
vn 0.9940 0.0841 0.0701
vn 0.6854 -0.0348 0.7274
vn 0.3341 -0.3272 0.8839
vn 0.5358 -0.2442 0.8082
vn 0.4031 0.1892 0.8954
vn 0.7808 -0.1808 0.5980
vn 0.1793 -0.7917 -0.5840
vn 0.5902 0.1215 0.7981
vn -0.8040 -0.0048 -0.5946
vn 0.7638 0.0350 0.6445
vn 0.7701 0.1964 0.6070
vn 0.6965 0.2958 0.6537
vn 0.7319 0.4406 0.5197
vn 0.7666 0.1607 0.6217
vn 0.5016 -0.4880 0.7144
vn 0.6077 0.0254 0.7937
vn 0.5414 -0.2915 0.7886
vn 0.5395 0.2886 0.7910
vn 0.5582 0.1310 0.8193
vn 0.6239 -0.2501 0.7404
vn 0.5568 -0.0421 0.8296
vn 0.7193 0.4575 0.5227
vn 0.5425 -0.0507 0.8385
vn 0.6638 -0.2146 0.7164
vn 0.5529 0.2601 0.7917
vn 0.6035 0.0820 0.7931
vn 0.4792 0.4914 0.7272
vn 0.3015 -0.2876 0.9091
vn 0.9002 0.1335 0.4144
vn -0.7980 -0.5697 0.1964
vn 0.3710 -0.0546 0.9270
vn 0.8566 0.1575 0.4914
vn -0.3466 0.7943 0.4991
vn 0.4131 0.3444 0.8430
vn 0.8115 -0.5559 -0.1799
vn 0.4017 0.3931 0.8271
vn 0.5451 -0.0503 0.8369
vn -0.9754 -0.1901 0.1116
vn 0.5213 0.1997 0.8297
vn 0.6282 0.1262 0.7678
vn 0.5758 -0.1014 0.8113
vn 0.4756 0.0908 0.8750
vn 0.8565 0.0879 0.5086
vn 0.8738 0.0174 0.4860
vn 0.7950 0.4307 0.4272
vn 0.2123 0.0352 0.9766
vn 0.5110 -0.3942 0.7638
vn 0.7357 0.4216 0.5301
vn 0.4760 -0.5038 0.7208
vn 0.5638 0.0181 0.8257
vn 0.5313 0.0125 0.8471
vn 0.6286 0.3605 0.6891
vn 0.7600 -0.3185 0.5665
vn 0.8369 -0.0389 0.5459
vn 0.6360 0.0351 0.7709
vn 0.7164 -0.0292 -0.6971
vn 0.7855 -0.5654 -0.2515
vn 0.8794 0.0326 0.4750
vn -0.4557 0.8072 -0.3752
vn -0.2031 -0.4193 -0.8848
vn 0.4751 -0.4382 0.7631
vn 0.6006 0.1132 0.7915
vn 0.2282 0.4085 0.8838
vn 0.7035 -0.3940 0.5915
vn 0.5285 -0.2566 0.8093
vn 0.8527 0.1375 0.5040
vn 0.5795 -0.3119 0.7529
vn 0.5580 -0.2833 0.7800
vn -0.5567 0.1960 -0.8073
vn 0.8774 0.2487 0.4102
vn 0.1635 -0.9129 -0.3740
vn 0.1169 0.0736 0.9904
vn 0.3152 0.4328 0.8446
vn 0.1260 -0.0467 0.9909
vn 0.8211 -0.0043 0.5708
vn 0.7876 -0.0992 0.6082
vn 0.5823 -0.7104 -0.3953
vn 0.4604 -0.2544 0.8505
vn 0.4237 0.4282 0.7982
vn 0.7787 0.2843 0.5593
vn 0.3811 0.4557 0.8044
vn 0.9109 -0.4046 -0.0814
vn 0.2280 0.0566 0.9720
vn 0.5325 -0.7043 0.4694
vn 0.4996 0.0915 0.8614
vn 0.5610 -0.0757 0.8243
vn -0.2542 -0.2228 -0.9411
vn -0.7672 -0.1758 0.6168
vn 0.4596 -0.6678 0.5855
vn 0.6273 0.2830 0.7255
vn -0.9891 -0.1390 -0.0482
vn 0.8862 -0.0490 0.4607
vn 0.2136 0.0318 0.9764
vn 0.4670 -0.0067 0.8842
vn 0.2470 0.1055 0.9633
vn 0.7421 0.2786 0.6097
vn 0.6698 0.3816 0.6370
vn 0.6410 -0.2551 0.7239
vn 0.0235 -0.6177 -0.7860
vn 0.5803 -0.3094 0.7534
vn 0.4302 -0.1853 0.8835
vn 0.7970 -0.3188 0.5129
vn 0.9992 -0.0184 0.0359
vn 0.9825 0.1270 -0.1365
vn 0.9947 0.0485 -0.0902
vn 0.4351 -0.5420 0.7190
vn 0.7456 0.3861 0.5432
vn 0.3336 -0.9222 -0.1956
vn 0.6263 -0.3766 0.6826
vn 0.6946 0.2940 0.6566
vn -0.2420 0.3318 -0.9118
vn 0.2491 0.7412 0.6233
vn 0.5587 -0.0531 0.8276
vn -0.0583 -0.9040 -0.4235
vn 0.6881 0.5334 0.4919
vn 0.5692 0.1665 0.8052
vn 0.9993 0.0361 -0.0097
vn 0.7560 0.6478 -0.0935
vn 0.6273 0.0084 0.7787
vn -0.0065 -0.4895 0.8720
vn 0.0375 0.0335 0.9987
vn -0.0675 0.2167 0.9739
vn -0.0632 0.2244 0.9725
vn 0.5309 -0.6255 0.5717
vn 0.8365 -0.5109 -0.1982
vn 0.2041 0.8207 0.5337
vn 0.3413 0.1280 0.9312
vn -0.9576 -0.2521 0.1392
vn 0.6357 0.7460 -0.1983
vn 0.3900 -0.0494 0.9195
vn 0.6409 0.1006 0.7610
vn 0.5439 -0.4460 0.7108
vn 0.2481 0.6887 0.6813
vn 0.8505 -0.2854 0.4419
vn 0.2260 0.4759 0.8500
vn 0.6173 -0.2302 0.7523
vn 0.2976 0.6254 0.7214
vn 0.8535 0.0757 0.5155
vn 0.3272 0.3232 0.8880
vn 0.8632 -0.3521 0.3619
vn 0.7723 -0.2166 0.5971
vn 0.3665 0.8410 -0.3979
vn 0.8522 -0.5232 -0.0058
vn 0.8725 0.4886 -0.0042
vn 0.4681 -0.4375 -0.7678
vn 0.2509 0.5480 0.7980
vn 0.8894 0.2816 0.3600
vn 0.9021 -0.0791 0.4243
vn 0.4566 0.7556 0.4697
vn 0.7118 0.4109 -0.5696
vn 0.3157 0.0314 0.9483
vn 0.0103 -0.9979 0.0645
vn -0.6395 0.7392 0.2111
vn 0.3187 0.3962 0.8611
vn 0.8893 0.3469 -0.2981
vn 0.2955 -0.2381 0.9252
vn 0.6235 0.4608 0.6316
vn 0.7744 -0.2541 0.5794
vn 0.7160 -0.0666 0.6949
vn 0.3196 0.6429 0.6961
vn 0.6413 -0.1198 0.7579
vn 0.1477 0.5196 0.8415
vn 0.2925 -0.0420 0.9553
vn 0.1603 0.2093 0.9646
vn 0.9043 -0.0457 0.4245
vn 0.5244 -0.3483 0.7770
vn 0.7764 -0.0364 0.6291
vn 0.9070 -0.3115 -0.2834
vn 0.8182 -0.0455 0.5732
vn 0.5165 0.0671 0.8536
vn 0.3057 0.3092 0.9005
vn 0.2482 0.7421 0.6227
vn 0.7997 0.0398 0.5991
vn 0.5016 -0.1583 0.8505
vn 0.7163 -0.0923 0.6916
vn 0.6699 0.2434 0.7014
vn 0.6788 -0.5707 0.4620
vn 0.9430 0.1160 -0.3120
vn 0.5564 -0.2707 0.7856
vn -0.0150 0.0681 -0.9976
vn -0.5116 0.1719 -0.8418
vn 0.8613 -0.1866 0.4726
vn 0.9011 -0.1096 0.4196
vn 0.8530 0.1129 0.5096
vn -0.0309 0.2959 0.9547
vn 0.7256 0.3806 0.5733
vn -0.8918 -0.4446 0.0833
vn 0.7827 0.0204 0.6221
vn 0.7636 -0.0720 0.6416
vn 0.6519 -0.3778 0.6574
vn 0.5018 0.2076 0.8397
vn 0.7768 0.4954 -0.3888
vn 0.4891 -0.6843 -0.5409
vn 0.9583 0.2854 0.0158
vn 0.3587 0.1316 0.9241
vn 0.5111 -0.2826 0.8117
vn 0.9469 0.2384 0.2156
vn 0.2430 -0.0907 0.9658
vn 0.4058 -0.5950 -0.6938
vn -0.0933 -0.6067 -0.7895
vn 0.6460 -0.1001 0.7568
vn 0.6528 0.2000 0.7306
vn 0.6850 -0.6643 -0.2992
vn 0.8936 0.2807 -0.3501
vn 0.6527 -0.7314 0.1976
vn 0.3599 0.2576 0.8967
vn 0.5243 -0.2085 0.8256
vn 0.7818 -0.3250 -0.5321
vn -0.1412 0.1857 -0.9724
vn 0.8429 -0.0054 0.5381
vn 0.5402 -0.4015 0.7396
vn 0.7764 0.0371 0.6291
vn 0.5276 -0.1615 0.8340
vn 0.3398 0.6529 0.6769
vn 0.2854 0.5134 0.8093
vn 0.4629 -0.2233 0.8578
vn 0.5921 0.0944 0.8003
vn 0.3248 -0.5836 0.7442
vn 0.3752 -0.1750 0.9103
vn 0.2782 0.9271 0.2511
vn 0.4715 -0.5341 0.7017
vn 0.4247 0.0212 0.9051
vn 0.9470 0.2640 0.1830
vn 0.5856 -0.8072 -0.0745
vn 0.4095 -0.0420 0.9113
vn 0.7700 -0.1248 0.6258
vn 0.7729 -0.3531 -0.5272
vn 0.4616 -0.5202 0.7185
vn -0.9762 0.0140 0.2164
vn -0.2194 0.6386 -0.7376
vn 0.3182 -0.1575 0.9348
vn 0.9077 -0.0318 0.4183
vn 0.8382 0.2945 0.4590
vn 0.3730 0.2033 0.9053
vn -0.2460 0.4420 0.8627
vn 0.1415 0.8669 0.4780
vn 0.3713 -0.1059 0.9225
vn 0.7475 0.0729 0.6602
vn 0.8100 -0.0493 0.5844
vn 0.2563 -0.2188 0.9415
vn 0.8681 0.1666 0.4676
vn 0.6087 0.2290 0.7596
vn 0.5741 0.1412 0.8065
vn 0.2118 -0.7106 0.6709
vn 0.7978 -0.1956 0.5704
vn 0.9572 0.0215 0.2885
vn 0.5775 -0.4506 0.6808
vn 0.3011 0.3422 0.8901
vn 0.3604 0.7340 0.5756
vn -0.1044 -0.1231 -0.9869
vn 0.8844 0.3113 -0.3478
vn 0.3293 0.0204 0.9440
vn 0.7650 -0.2179 0.6060
vn 0.4528 0.4483 0.7708
vn 0.6199 -0.0549 0.7828
vn 0.7342 -0.2705 0.6227
vn 0.5637 0.3240 0.7598
vn 0.7197 -0.2054 0.6632
vn 0.0187 -0.9996 -0.0219
vn 0.9284 0.2427 -0.2815
vn -0.2403 -0.4665 -0.8512
vn 0.5029 -0.1350 0.8537
vn 0.3087 0.3114 0.8987
vn 0.5315 -0.4028 0.7451
vn 0.2667 0.1958 0.9437
vn 0.9683 0.0505 0.2446
vn -0.1961 0.7653 -0.6131
vn 0.7538 0.0311 0.6564
vn 0.7804 0.3570 0.5133
vn 0.3593 0.2286 0.9048
vn 0.6887 -0.6168 -0.3811
vn 0.6275 -0.7572 0.1816
vn 0.4695 -0.8493 -0.2412
vn 0.3125 0.0069 0.9499
vn 0.6154 -0.1458 0.7746
vn 0.4065 -0.1468 0.9018
vn 0.6792 -0.4548 0.5761
vn 0.3782 -0.1358 0.9157
vn 0.5837 0.0805 0.8080
vn 0.6755 -0.0464 0.7359
vn 0.8325 0.1491 0.5336
vn 0.8986 0.4360 0.0497
vn 0.5794 -0.1572 0.7997
vn 0.7539 -0.1604 0.6371
vn 0.5809 0.2459 0.7760
vn 0.3592 0.1124 0.9265
vn 0.8301 -0.0991 -0.5487
vn 0.8633 0.1083 0.4929
vn 0.4249 -0.1810 0.8869
vn 0.5060 -0.0225 0.8622
vn 0.4681 -0.2475 0.8483
vn 0.3569 0.5037 0.7867
vn 0.7457 0.3124 0.5885
vn 0.5528 -0.4421 0.7064
vn 0.4549 -0.0648 0.8882
vn 0.3595 -0.6297 0.6886
vn 0.8716 -0.0046 -0.4902
vn -0.4958 0.7456 -0.4451
vn 0.4202 0.2261 0.8788
vn 0.5098 -0.1475 0.8476
vn 0.4714 -0.7204 -0.5087
vn 0.6672 -0.7214 0.1858
vn 0.9283 -0.0802 -0.3630
vn 0.5996 -0.3982 0.6942
vn 0.9313 -0.0374 -0.3623
vn -0.0311 0.0908 -0.9954
vn 0.4664 -0.3711 0.8029
vn 0.5006 -0.6755 0.5413
vn -0.0492 -0.0580 0.9971
vn 0.5477 -0.5523 0.6285
vn 0.0425 0.6682 0.7427
vn 0.3533 0.3983 0.8465
vn -0.0026 0.8132 0.5820
vn 0.4812 -0.3682 0.7955
vn 0.3178 0.0981 0.9431
vn 0.2870 -0.0518 0.9565
vn 0.3989 0.1600 0.9029
vn 0.2288 0.7509 0.6195
vn 0.5233 -0.0323 0.8515
vn 0.6856 -0.2964 0.6649
vn 0.5468 -0.5867 0.5974
vn 0.6664 -0.2297 0.7094
vn 0.6085 0.3648 0.7047
vn 0.8790 0.0108 -0.4767
vn 0.5348 -0.0842 0.8407
vn 0.5478 -0.0478 0.8352
vn 0.8817 -0.0776 0.4654
vn 0.3368 -0.0868 0.9376
vn 0.0272 -0.8411 -0.5402
vn 0.5313 -0.3481 0.7724
vn 0.4494 -0.1190 0.8854
vn 0.8828 -0.0795 0.4630
vn 0.7471 -0.0568 -0.6623
vn 0.7979 -0.2364 0.5544
vn 0.3024 -0.0783 0.9500
vn 0.4265 0.5104 0.7467
vn 0.9872 0.0212 -0.1582
vn 0.7314 -0.2933 0.6157
vn 0.3600 -0.9219 -0.1430
vn 0.2976 -0.2068 0.9320
vn 0.6583 0.4061 0.6338
vn 0.2410 0.4052 0.8819
vn 0.5638 -0.7662 0.3084
vn 0.3066 0.5922 0.7452
vn 0.7050 -0.1543 0.6922
vn 0.7208 -0.1207 0.6826
vn 0.9905 0.0468 0.1295
vn -0.5401 -0.0700 0.8387
vn 0.3567 0.4923 0.7940
vn 0.0329 0.4375 0.8986
vn 0.2359 0.5103 0.8270
vn 0.5130 0.0094 0.8583
vn 0.5120 0.1235 0.8500
vn 0.3031 0.8153 0.4933
vn 0.6632 -0.2313 0.7118
vn 0.6593 0.1347 0.7397
vn 0.7690 -0.3100 0.5590
vn 0.5894 -0.5650 0.5774
vn -0.3960 -0.8879 -0.2341
vn 0.2731 0.1769 -0.9456
vn 0.7108 -0.3131 0.6299
vn 0.5828 -0.4188 0.6963
vn 0.6667 -0.0908 0.7398
vn 0.6002 0.1174 0.7912
vn -0.1683 0.8299 0.5319
vn -0.8465 0.4617 0.2652
vn 0.6873 -0.0120 0.7263
vn 0.7035 -0.3939 0.5915
vn 0.6939 0.1941 0.6935
vn 0.6333 0.3905 0.6681
vn -0.1168 0.1259 -0.9851
vn 0.4766 -0.1173 0.8713
vn 0.7158 -0.3382 0.6109
vn 0.5113 0.4051 0.7579
vn 0.4570 0.2858 0.8423
vn 0.3060 0.3217 0.8961
vn 0.5899 0.7446 0.3124
vn 0.7341 -0.0399 0.6778
vn 0.0593 0.7992 0.5982
vn 0.7097 -0.4260 0.5610
vn -0.0083 0.8128 0.5824
vn 0.8013 -0.1560 0.5775
vn -0.7086 -0.7031 0.0596
vn 0.8916 0.4390 -0.1111
vn 0.6667 -0.2264 0.7102
vn 0.7528 -0.2255 0.6185
vn 0.6038 0.0735 0.7937
vn 0.7617 0.0340 0.6470
vn 0.6949 0.2086 0.6882
vn 0.3301 0.1832 0.9260
vn 0.3640 -0.3783 0.8511
vn 0.5929 -0.1853 0.7837
vn 0.3772 0.2082 0.9024
vn 0.0583 -0.0583 -0.9966
vn -0.0909 0.2565 0.9623
vn 0.4619 0.5266 0.7137
vn 0.4697 0.5194 0.7139
vn 0.4931 -0.0131 0.8699
vn 0.7434 0.1881 0.6418
vn 0.3370 -0.1861 0.9229
vn 0.2577 0.2961 0.9197
vn 0.4796 0.1033 0.8714
vn -0.0058 0.3131 0.9497
vn -0.8915 0.3436 0.2953
vn 0.3424 0.5945 0.7276
vn 0.4718 0.3678 0.8013
vn 0.3432 0.4138 0.8432
vn 0.8951 -0.4359 -0.0943
vn 0.7196 -0.2065 0.6629
vn 0.9514 0.1550 -0.2661
vn -0.8716 -0.4160 0.2593
vn -0.9605 0.2775 0.0199
vn -0.9990 0.0428 -0.0106
vn 0.9856 -0.1575 -0.0621
vn 0.9839 -0.1738 -0.0420
vn 0.9449 0.3249 0.0393
vn 0.3717 -0.9137 -0.1641
vn -0.9702 -0.2201 -0.1017
vn -0.8798 0.4490 -0.1561
vn -0.6827 0.0934 0.7247
vn -0.7814 -0.5366 0.3184
vn -0.4639 -0.0004 0.8859
vn -0.9935 0.0214 -0.1121
vn 0.0413 -0.9983 0.0417
vn -0.9281 0.2287 0.2939
vn -0.9809 0.0630 0.1840
vn -0.9469 0.3014 0.1120
vn -0.3270 0.8923 -0.3111
vn -0.4892 0.8483 -0.2026
vn 0.4193 -0.8186 -0.3926
vn -0.8966 0.4246 0.1255
vn 0.9458 0.3176 0.0682
vn -0.9628 0.2644 0.0552
vn 0.6985 0.0526 -0.7137
vn -0.9285 -0.3612 -0.0863
vn -0.9489 -0.1606 0.2718
vn 0.7663 -0.1873 -0.6146
vn 0.2714 -0.8453 0.4602
vn 0.0730 -0.9781 -0.1948
vn 0.5108 0.1243 -0.8507
vn 0.9637 0.1901 0.1875
vn -0.9724 0.0436 -0.2292
vn -0.9726 -0.2032 -0.1130
vn -0.6169 0.7400 0.2678
vn -0.7093 0.6583 0.2521
vn 0.9880 -0.0256 -0.1522
vn -0.8851 0.3795 0.2695
vn 0.8410 -0.4292 -0.3294
vn -0.5317 0.7228 -0.4415
vn -0.9165 -0.3733 0.1436
vn 0.9179 -0.3253 -0.2271
vn 0.9856 0.1408 0.0940
vn 0.8320 -0.5136 -0.2098
vn -0.7702 0.4066 -0.4914
vn -0.0144 -0.6441 -0.7648
vn -0.9028 0.2167 -0.3715
vn 0.7803 0.3517 0.5171
vn -0.7463 -0.3718 -0.5521
vn 0.6289 -0.6646 -0.4035
vn 0.9484 0.2396 0.2075
vn 0.1880 0.8870 -0.4219
vn 0.8462 -0.2055 -0.4916
vn 0.8232 -0.2118 -0.5267
vn 0.1031 -0.2208 -0.9699
vn 0.7071 -0.5171 -0.4823
vn -0.2747 -0.8094 -0.5191
vn 0.7573 -0.6253 0.1886
vn 0.5310 -0.6424 -0.5526
vn 0.9947 0.0773 0.0680
vn 0.8852 0.4170 0.2063
vn -0.9142 0.2756 -0.2972
vn 0.7486 0.0416 -0.6617
vn 0.4751 -0.8739 -0.1027
vn 0.8394 -0.5305 -0.1180
vn 0.9714 0.1374 0.1939
vn -0.0137 0.5648 -0.8251
vn -0.8499 -0.4089 0.3325
vn -0.7164 -0.6076 -0.3429
vn 0.9920 -0.1257 0.0128
vn 0.7579 -0.2554 -0.6003
vn -0.7116 0.6916 0.1239
vn -0.8631 -0.4924 0.1125
vn 0.8581 0.0072 -0.5134
vn 0.1869 -0.9319 -0.3108
vn 0.8970 -0.4008 -0.1862
vn 0.7885 0.2733 -0.5510
vn 0.0809 0.2792 -0.9568
vn 0.9316 0.3585 0.0594
vn 0.7085 -0.6935 -0.1310
vn -0.4740 0.2296 -0.8500
vn 0.7724 -0.5244 -0.3584
vn 0.6074 0.0761 -0.7908
vn -0.5279 0.8487 -0.0301
vn 0.7679 0.3740 0.5200
vn 0.6343 -0.0612 -0.7706
vn 0.7723 0.1277 -0.6223
vn 0.7098 -0.6498 -0.2718
vn -0.8654 -0.4821 -0.1365
vn 0.0661 -0.4753 0.8773
vn -0.8913 -0.1860 -0.4136
vn -0.7787 -0.5016 -0.3768
vn 0.7847 -0.3252 -0.5276
vn 0.9880 -0.0866 -0.1278
vn -0.9490 -0.0799 -0.3050
vn 0.7486 -0.1866 -0.6362
vn 0.6287 -0.1218 -0.7680
vn -0.9090 -0.0422 -0.4147
vn -0.8641 -0.3917 -0.3162
vn -0.9763 -0.1434 -0.1619
vn -0.8837 -0.3795 0.2739
vn 0.1737 0.9557 -0.2376
vn 0.0997 0.7249 -0.6816
vn -0.2122 -0.4569 -0.8638
vn 0.7350 -0.3391 -0.5872
vn -0.1619 0.7317 0.6621
vn 0.7132 -0.5435 0.4426
vn 0.7471 0.0621 -0.6618
vn 0.9757 -0.2171 0.0293
vn -0.9988 0.0495 0.0062
vn 0.7529 0.0701 -0.6544
vn 0.7695 0.2475 -0.5887
vn 0.9874 -0.0962 -0.1259
vn 0.1456 -0.7311 -0.6665
vn 0.7863 0.2983 0.5411
vn 0.9773 -0.1109 -0.1805
vn 0.8597 -0.1662 -0.4830
vn -0.9392 0.3269 0.1053
vn 0.7615 -0.4603 -0.4564
vn -0.9665 0.0677 0.2476
vn 0.6236 -0.6348 -0.4562
vn 0.8999 0.3480 0.2627
vn -0.3813 -0.4250 0.8210
vn -0.3341 0.8886 -0.3143
vn -0.9950 0.0590 -0.0804
vn -0.2928 0.8405 -0.4559
vn 0.7572 0.0324 -0.6523
vn 0.7792 -0.0254 -0.6263
vn 0.2188 0.3117 0.9246
vn 0.7548 -0.4705 0.4571
vn -0.9247 0.3390 -0.1735
vn -0.6129 0.3173 -0.7237
vn 0.8667 -0.2668 -0.4214
vn -0.8746 0.0630 -0.4808
vn -0.9264 0.2157 -0.3086
vn 0.7025 -0.4591 -0.5438
vn 0.7519 -0.5836 -0.3067
vn 0.8273 -0.5266 -0.1957
vn 0.9943 0.0402 0.0991
vn 0.9916 0.0490 0.1194
vn 0.6572 -0.7523 -0.0458
vn -0.9623 -0.2695 0.0359
vn 0.9364 0.1776 0.3027
vn 0.9880 -0.1538 -0.0137
vn -0.9505 0.1389 -0.2778
vn -0.7280 0.6022 0.3277
vn -0.9106 -0.3825 -0.1565
vn -0.8020 0.1515 -0.5778
vn 0.8646 -0.2744 -0.4209
vn 0.5395 -0.3210 0.7784
vn 0.7962 -0.5642 -0.2184
vn 0.5637 -0.8056 0.1822
vn 0.7069 -0.3650 -0.6059
vn 0.7957 -0.1896 -0.5753
vn -0.3323 0.8230 0.4606
vn -0.9353 0.2744 -0.2235
vn -0.9777 -0.0503 -0.2038
vn 0.6370 -0.7401 -0.2158
vn 0.1062 0.6208 0.7767
vn 0.3987 -0.9158 -0.0481
vn -0.9889 -0.0034 -0.1486
vn 0.9934 0.0865 0.0758
vn -0.8125 -0.5737 0.1030
vn 0.0923 -0.9200 -0.3809
vn -0.9871 0.1230 0.1026
vn 0.7441 -0.2397 -0.6237
vn 0.7335 0.1193 -0.6691
vn -0.1467 -0.3739 -0.9158
vn -0.4258 0.8784 0.2169
vn -0.9597 0.0115 -0.2809
vn 0.3751 -0.8161 0.4396
vn 0.7566 -0.6258 0.1894
vn -0.2187 -0.7126 -0.6666
vn -0.7042 0.4486 -0.5503
vn -0.8238 -0.2642 -0.5015
vn 0.7433 -0.2732 -0.6106
vn -0.8754 -0.0302 -0.4824
vn 0.7610 -0.4794 0.4372
vn -0.2174 0.5505 -0.8061
vn 0.6871 0.3285 -0.6481
vn 0.5106 -0.4965 -0.7020
vn 0.8380 0.2355 -0.4922
vn -0.1592 0.1888 -0.9690
vn -0.8413 -0.4503 0.2991
vn 0.8911 0.1440 0.4303
vn -0.5755 -0.3480 0.7401
vn -0.0775 0.0761 -0.9941
vn 0.0680 -0.8484 -0.5250
vn 0.7766 -0.1270 -0.6171
vn 0.2783 0.0560 0.9589
vn -0.9291 -0.0502 -0.3665
vn 0.6621 -0.0150 -0.7493
vn 0.1623 -0.3787 -0.9112
vn 0.7109 -0.6532 0.2607
vn 0.8242 0.3959 0.4049
vn -0.0312 0.4227 -0.9057
vn 0.9144 0.3553 0.1939
vn 0.6530 -0.6791 -0.3353
vn -0.6693 0.7376 -0.0893
vn 0.8843 -0.0443 -0.4649
vn 0.8688 0.0256 -0.4946
vn 0.9717 0.1696 -0.1646
vn -0.9105 -0.0355 -0.4121
vn -0.1535 -0.3908 -0.9076
vn 0.7329 0.0693 -0.6768
vn 0.9227 0.3537 0.1532
vn 0.9095 0.1554 -0.3856
vn 0.8386 0.3070 -0.4500
vn 0.8906 -0.2302 -0.3922
vn -0.0023 0.9039 -0.4278
vn -0.7647 0.4982 0.4086
vn -0.4903 0.7336 0.4706
vn 0.7183 -0.0437 -0.6943
vn 0.9740 0.0781 -0.2129
vn -0.3484 0.7415 0.5734
vn -0.7476 -0.6000 -0.2849
vn 0.7096 -0.5311 -0.4631
vn 0.4338 0.3346 -0.8366
vn 0.5155 -0.1895 -0.8357
vn 0.9517 0.3057 -0.0271
vn 0.9882 -0.1524 -0.0116
vn 0.7534 -0.1045 -0.6492
vn 0.8432 -0.1057 -0.5270
vn -0.9874 -0.1401 0.0736
vn -0.9370 0.1979 0.2878
vn 0.9000 0.3940 0.1865
vn -0.7867 0.5213 0.3307
vn 0.6959 -0.4209 0.5819
vn 0.8162 0.5266 -0.2377
vn 0.5421 -0.2529 0.8013
vn 0.8843 0.3306 0.3297
vn 0.5235 -0.4328 -0.7339
vn -0.0069 -0.9613 0.2752
vn 0.1042 -0.9504 0.2930
vn 0.7494 -0.1127 -0.6525
vn 0.6909 -0.6296 -0.3553
vn 0.8546 -0.4547 -0.2509
vn 0.7737 -0.5863 -0.2401
vn 0.9839 -0.1573 -0.0850
vn -0.5103 0.8291 -0.2283
vn 0.9142 0.1805 -0.3627
vn -0.3095 0.3928 -0.8659
vn 0.8162 -0.3807 -0.4345
vn 0.6343 -0.0213 -0.7728
vn 0.1980 -0.8816 -0.4285
vn 0.8480 -0.1240 -0.5154
vn 0.9858 0.1025 -0.1332
vn -0.6987 -0.4605 -0.5476
vn -0.4398 0.0821 -0.8943
vn -0.9647 0.1657 -0.2047
vn 0.5174 -0.0825 -0.8518
vn 0.7557 -0.2369 -0.6106
vn -0.8783 0.4499 -0.1618
vn 0.9805 -0.1409 0.1372
vn -0.9778 0.1171 -0.1738
vn 0.6610 0.0833 -0.7457
vn 0.9415 0.3008 0.1520
vn 0.9948 -0.1011 -0.0120
vn -0.8832 -0.2859 -0.3718
vn -0.9099 0.2925 -0.2942
vn -0.8370 -0.1217 -0.5336
vn -0.9041 -0.1186 -0.4104
vn -0.8224 -0.0552 -0.5662
vn 0.6325 -0.7409 -0.2259
vn 0.8851 -0.0426 -0.4635
vn 0.7400 0.0920 -0.6663
vn 0.9745 0.0156 0.2241
vn -0.8032 0.1538 -0.5755
vn 0.9177 0.0378 -0.3955
vn 0.6847 -0.6509 -0.3278
vn 0.8144 -0.1709 -0.5546
vn 0.9947 -0.0824 -0.0611
vn 0.8782 0.0093 0.4781
vn 0.9579 -0.2703 -0.0969
vn 0.7686 -0.4655 -0.4388
vn -0.5408 0.1559 -0.8266
vn -0.9466 -0.3121 0.0805
vn 0.8339 -0.4682 -0.2921
vn 0.8442 -0.3806 -0.3774
vn 0.5098 -0.8387 -0.1915
vn 0.8757 0.2906 0.3856
vn 0.7509 -0.2328 -0.6180
vn 0.2384 -0.7227 -0.6487
vn 0.8455 0.3325 -0.4178
vn 0.6341 0.0654 -0.7705
vn 0.9491 0.0847 0.3035
vn 0.7582 0.0624 -0.6491
vn -0.3436 -0.5202 0.7819
vn -0.9511 -0.0614 -0.3029
vn 0.8876 0.1584 0.4325
vn 0.8972 0.2595 0.3573
vn 0.8693 0.3484 0.3506
vn 0.8428 0.5243 -0.1216
vn 0.1415 -0.7860 -0.6018
vn -0.4457 0.7184 0.5341
vn 0.9633 0.1652 0.2115
vn 0.7827 -0.5660 -0.2590
vn 0.0824 -0.6380 -0.7656
vn 0.1644 0.5700 -0.8051
vn 0.8777 -0.1970 -0.4369
vn 0.8463 -0.2589 -0.4656
vn 0.9777 0.1637 0.1317
vn -0.8691 -0.3268 -0.3713
vn 0.8271 0.4592 0.3240
vn 0.9423 0.0333 0.3330
vn -0.0205 -0.5891 -0.8078
vn 0.8467 -0.2621 -0.4630
vn 0.2884 -0.1889 -0.9387
vn 0.8419 -0.3024 -0.4470
vn 0.8519 -0.4344 -0.2925
vn 0.7560 -0.1851 -0.6279
vn -0.9461 0.1009 -0.3079
vn 0.9352 0.1054 0.3382
vn 0.9453 0.0788 0.3165
vn 0.9355 0.2657 0.2330
vn 0.8891 0.3883 0.2424
vn 0.6967 -0.7173 -0.0042
vn -0.4838 -0.2510 -0.8384
vn 0.8506 0.4094 0.3300
vn 0.9618 0.1714 0.2133
vn 0.9097 -0.4069 -0.0830
vn 0.5619 -0.6624 0.4955
vn 0.7013 -0.4588 -0.5456
vn 0.7415 -0.2256 -0.6319
vn -0.9850 -0.1637 -0.0542
vn -0.8210 -0.5286 0.2160
vn -0.9975 -0.0582 0.0409
vn 0.9377 0.2701 0.2185
vn 0.9192 0.3568 0.1664
vn 0.9769 0.0537 0.2069
vn 0.9759 0.0367 0.2149
vn 0.9404 -0.2253 -0.2548
vn -0.8403 -0.5098 0.1847
vn 0.8104 0.5066 0.2942
vn 0.3195 -0.9235 -0.2121
vn -0.9349 -0.3050 0.1816
vn 0.9670 0.0796 0.2421
vn 0.9084 0.3792 0.1761
vn 0.9492 0.3090 0.0589
vn -0.2850 -0.3603 -0.8882
vn -0.2578 -0.3099 -0.9152
vn 0.8799 0.3414 0.3305
vn 0.3236 0.5578 -0.7643
vn 0.2768 0.3263 0.9038
vn 0.8651 -0.3386 0.3701
vn 0.8481 -0.5147 -0.1255
vn 0.3399 -0.4681 0.8157
vn 0.7660 0.3626 0.5309
vn 0.8988 -0.4344 -0.0586
vn 0.9519 0.2459 0.1829
vn -0.2826 -0.0379 -0.9585
vn 0.9419 -0.1093 -0.3176
vn 0.8626 0.3975 0.3131
vn 0.9458 0.2753 -0.1721
vn 0.6128 -0.7593 0.2189
vn 0.6947 -0.6732 0.2532
vn 0.9645 -0.0689 0.2550
vn 0.4504 -0.8773 -0.1659
vn 0.9847 0.1194 0.1267
vn 0.7117 -0.7020 -0.0258
vn -0.8884 -0.4033 0.2193
vn -0.7570 0.2157 -0.6168
vn -0.0121 -0.9999 -0.0096
vn -0.5071 -0.5854 -0.6326
vn 0.4756 -0.7179 0.5083
vn 0.8368 0.4374 0.3293
vn 0.9626 0.1399 0.2321
vn 0.9687 0.0973 0.2284
vn 0.9086 0.2461 0.3374
vn 0.8900 -0.4259 0.1631
vn 0.9649 -0.0659 0.2544
vn 0.8542 0.0568 -0.5169
vn 0.6532 -0.7571 0.0108
vn 0.9956 0.0805 0.0487
vn 0.5164 -0.8086 -0.2820
vn 0.8836 0.4473 0.1386
vn -0.1407 0.7056 0.6945
vn 0.7506 -0.6422 0.1555
vn 0.8538 -0.5060 0.1228
vn 0.9900 0.1368 0.0350
vn -0.0555 0.9880 0.1440
vn 0.9832 -0.1788 0.0363
vn 0.9958 0.0891 0.0207
vn 0.8853 0.3327 0.3249
vn -0.7518 -0.2767 -0.5985
vn 0.9371 -0.3383 0.0865
vn 0.9677 -0.2035 0.1490
vn 0.9720 0.1887 0.1402
vn 0.9894 0.1128 0.0910
vn 0.9661 0.2396 0.0965
vn 0.8986 0.4312 0.0807
vn 0.8681 0.4874 0.0935
vn 0.9599 -0.2595 -0.1063
vn 0.8454 0.5074 0.1670
vn 0.9685 -0.2167 0.1229
vn 0.5188 0.7193 0.4620
vn 0.7735 0.5505 0.3141
vn 0.0447 0.9307 0.3630
vn 0.5954 0.7226 0.3512
vn 0.2091 -0.7661 0.6078
vn -0.3664 -0.8144 -0.4501
vn -0.4172 0.7862 0.4559
vn 0.8723 0.3999 0.2814
vn 0.7799 0.6103 0.1388
vn -0.1174 0.8985 0.4231
vn 0.8919 0.4049 0.2015
vn -0.2146 -0.0641 0.9746
vn 0.7809 0.4916 0.3853
vn 0.5402 0.6135 0.5760
vn 0.6132 0.6105 0.5012
vn 0.8742 0.4444 0.1958
vn 0.8151 0.5574 -0.1577
vn 0.7880 0.5667 -0.2407
vn 0.4190 0.3728 0.8279
vn 0.7218 0.6794 0.1322
vn 0.5386 0.7714 0.3389
vn 0.5947 0.6752 0.4364
vn 0.4915 0.6766 0.5482
vn -0.0914 0.9754 0.2005
vn -0.3882 0.8840 0.2604
vn -0.5049 0.5143 0.6932
vn 0.8465 0.4900 -0.2082
vn 0.1288 -0.4486 0.8844
vn 0.0365 0.9230 0.3832
vn 0.7056 0.6207 0.3418
vn 0.5911 0.7921 -0.1524
vn 0.4933 0.8698 -0.0062
vn 0.5017 0.8649 0.0117
vn 0.3720 0.9124 0.1706
vn 0.4496 0.8133 0.3692
vn 0.8044 0.5837 0.1110
vn 0.6187 -0.0645 -0.7830
vn 0.0815 0.8870 0.4545
vn 0.0252 0.9064 0.4218
vn -0.0963 0.6881 0.7192
vn 0.0542 0.8369 0.5446
vn 0.3493 0.8806 -0.3201
vn 0.1649 0.9822 -0.0905
vn 0.0746 0.9923 0.0993
vn -0.0509 0.9621 0.2678
vn -0.1142 0.9218 0.3705
vn 0.1347 0.9789 -0.1537
vn 0.0637 0.9969 0.0470
vn -0.1883 0.9441 0.2708
vn -0.1802 0.8586 0.4799
vn -0.2677 0.9477 0.1738
vn -0.3896 0.9080 -0.1539
vn -0.2853 0.8991 0.3319
vn 0.6759 0.5608 0.4782
vn 0.6326 0.5732 0.5207
vn -0.3092 0.9489 -0.0634
vn 0.7208 0.4457 0.5308
vn 0.2295 0.6497 0.7247
vn 0.8876 0.2192 0.4051
vn -0.3858 0.8967 0.2172
vn -0.9572 -0.0691 0.2811
vn -0.5847 0.2586 -0.7690
vn -0.5305 -0.8462 0.0507
vn 0.0574 0.9856 -0.1593
vn -0.0503 0.9558 -0.2898
vn 0.0329 0.9777 0.2072
vn 0.6260 0.7771 0.0648
vn -0.9909 0.1041 0.0850
vn 0.6613 0.0085 0.7501
vn -0.8395 -0.5424 -0.0312
vn -0.9473 0.1691 -0.2720
vn 0.1320 0.8973 0.4212
vn -0.9334 0.3531 0.0646
vn -0.9354 0.3470 0.0684
vn 0.0448 0.4666 -0.8833
vn 0.9405 0.2967 -0.1656
vn 0.9744 0.1466 0.1705
vn 0.8224 0.2164 0.5261
vn -0.3595 0.8101 0.4631
vn 0.1716 0.9823 0.0746
vn 0.4965 0.8591 0.1244
vn 0.5619 0.5968 0.5728
vn -0.0150 -0.6816 -0.7315
vn 0.2582 0.9654 -0.0360
vn 0.8445 0.5241 0.1105
vn -0.0801 0.8815 0.4653
vn -0.2030 0.8249 0.5276
vn -0.3534 0.0085 -0.9354
vn -0.9158 0.2103 -0.3421
vn -0.6792 0.3219 -0.6596
vn -0.3324 0.7513 0.5701
vn -0.3211 0.9258 -0.1994
vn -0.2884 0.9483 -0.1325
vn 0.1842 0.9825 0.0273
vn 0.1356 0.9722 0.1909
vn -0.0162 0.9804 0.1961
vn -0.2999 0.9523 -0.0560
vn -0.3251 0.9447 -0.0419
vn -0.3303 0.9438 -0.0132
vn -0.0549 0.8800 0.4718
vn 0.5943 0.7409 0.3128
vn 0.1332 0.9669 0.2176
vn -0.4379 0.8767 0.1990
vn -0.2418 0.9702 0.0133
vn -0.1709 0.9838 0.0540
vn 0.3482 0.9060 -0.2406
vn -0.0488 0.9982 -0.0349
vn -0.3505 0.8681 0.3515
vn -0.7004 0.6822 -0.2096
vn -0.1652 0.9862 0.0070
vn -0.0076 0.9932 -0.1161
vn 0.4493 0.8487 0.2792
vn 0.5407 0.7802 0.3145
vn 0.2092 0.9717 0.1096
vn 0.0507 0.9594 0.2775
vn 0.7171 0.6490 0.2540
vn 0.7320 0.6362 0.2437
vn 0.7007 0.6279 0.3388
vn 0.4810 0.7857 0.3890
vn 0.4577 0.7901 0.4078
vn 0.0841 0.9285 0.3618
vn -0.9289 -0.2700 0.2534
vn 0.3784 0.9189 -0.1116
vn 0.9667 0.1797 0.1824
vn 0.6587 0.6243 0.4199
vn -0.6760 0.7070 0.2076
vn -0.6866 -0.4321 0.5847
vn -0.3510 0.9099 -0.2209
vn -0.6626 0.7380 0.1277
vn -0.1191 0.9874 -0.1044
vn 0.3022 0.9485 -0.0946
vn 0.8060 0.5247 0.2739
vn 0.8516 0.3868 0.3537
vn 0.1594 0.6611 0.7332
vn 0.1646 0.9233 0.3469
vn 0.8737 0.2984 0.3842
vn 0.4784 0.5649 0.6723
vn -0.1534 0.9552 0.2532
vn 0.0802 0.9968 0.0050
vn -0.3271 0.9437 0.0485
vn 0.3984 -0.1200 0.9093
vn 0.8675 0.3967 0.3003
vn 0.9021 0.2370 0.3607
vn 0.9001 0.3407 -0.2716
vn -0.9619 0.1662 0.2170
vn 0.0330 0.9220 0.3858
vn -0.2340 0.8287 0.5084
vn -0.2226 0.9689 0.1080
vn 0.8639 0.2983 0.4058
vn -0.4474 0.8521 0.2715
vn -0.0622 0.9723 0.2253
vn -0.9767 -0.2140 -0.0190
vn 0.4015 0.9148 0.0445
vn -0.0871 0.9189 0.3848
vn -0.0180 0.9903 0.1377
vn -0.0033 0.9983 -0.0590
vn 0.1240 0.9746 0.1863
vn -0.9505 0.2376 0.2002
vn 0.2351 0.9651 0.1154
vn 0.3745 0.9111 -0.1720
vn 0.0621 0.9978 -0.0227
vn 0.2978 0.9527 0.0608
vn 0.3322 0.4680 0.8189
vn 0.2750 0.9166 0.2904
vn -0.0330 0.9497 0.3115
vn 0.0368 0.9991 -0.0191
vn 0.2677 0.8554 0.4434
vn -0.8776 0.4692 0.0982
vn 0.2068 0.9481 0.2414
vn 0.1667 0.9742 -0.1521
vn -0.0551 0.8232 0.5651
vn -0.1329 0.6718 0.7287
vn -0.2649 0.9524 0.1511
vn 0.6490 0.7157 0.2580
vn 0.2805 0.9499 0.1375
vn -0.1874 0.9599 -0.2087
vn -0.4870 0.7530 0.4425
vn 0.0692 0.9772 -0.2009
vn -0.4263 -0.0856 -0.9005
vn 0.6045 0.7412 0.2919
vn 0.8367 0.5469 0.0273
vn 0.7307 0.6686 0.1376
vn -0.9482 -0.0181 0.3172
vn -0.3860 0.8166 0.4292
vn 0.1360 0.2278 0.9642
vn 0.1646 0.9411 0.2953
vn 0.1060 0.9424 0.3174
vn -0.9394 -0.3331 0.0810
vn -0.0264 0.7937 0.6077
vn -0.4362 0.8950 -0.0933
vn -0.9421 0.1923 0.2748
vn 0.8953 -0.4384 -0.0789
vn 0.4344 0.7619 0.4804
vn -0.1364 0.9903 0.0249
vn -0.0113 0.9934 -0.1144
vn 0.1387 0.9842 -0.1104
vn -0.0564 0.9982 0.0183
vn -0.7738 0.6041 -0.1905
vn -0.9646 0.2627 0.0213
vn -0.0161 0.8623 0.5061
vn 0.3338 -0.1093 0.9363
vn 0.6780 0.4885 0.5493
vn -0.6587 0.3659 -0.6574
vn -0.3375 0.8288 0.4463
vn -0.0717 0.8708 0.4864
vn -0.0914 0.8489 0.5205
vn -0.3004 0.9368 0.1795
vn 0.7309 0.6810 -0.0456
vn 0.8652 0.4323 0.2541
vn 0.8998 0.0021 0.4363
vn -0.2895 0.9497 0.1194
vn -0.1011 0.9949 -0.0001
vn 0.0154 0.8640 0.5033
vn 0.8314 0.5550 -0.0278
vn 0.2959 0.4736 0.8295
vn 0.1520 0.9567 0.2481
vn 0.8299 0.4003 0.3885
vn -0.0079 0.9923 0.1238
vn -0.8401 0.3733 0.3936
vn 0.8268 0.5605 -0.0480
vn 0.3414 -0.3982 0.8514
vn 0.8131 0.5811 0.0359
vn 0.8278 0.5291 0.1864
vn -0.1492 0.8748 0.4609
vn 0.6186 0.7535 0.2228
vn -0.9236 0.3244 0.2045
vn 0.0702 0.9961 0.0536
vn 0.4688 0.7516 0.4641
vn -0.0028 0.9997 -0.0235
vn 0.2419 0.8448 0.4773
vn 0.0402 0.9989 -0.0243
vn -0.5533 0.7906 -0.2623
vn 0.8179 0.5744 0.0336
vn 0.8086 0.5829 0.0804
vn 0.9277 0.3715 -0.0374
vn 0.0618 0.9937 0.0937
vn -0.5442 0.7930 -0.2739
vn -0.5251 0.8219 -0.2206
vn -0.1260 0.7555 0.6429
vn -0.8058 -0.3613 0.4692
vn 0.3143 0.9455 -0.0851
vn 0.3105 0.9461 -0.0917
vn -0.2313 0.9416 0.2448
vn 0.4133 0.8528 0.3191
vn 0.0683 0.9018 0.4267
vn -0.0387 0.9335 0.3564
vn 0.7288 -0.5399 -0.4212
vn 0.7235 0.5791 0.3758
vn 0.1301 -0.2677 -0.9547
vn 0.3662 0.8977 -0.2451
vn 0.6674 0.6825 0.2978
vn 0.7995 0.2430 0.5493
vn -0.2849 0.9153 0.2846
vn -0.0674 0.8015 0.5942
vn -0.3007 0.9510 -0.0712
vn -0.7185 0.6916 0.0738
vn 0.8047 0.5389 -0.2492
vn 0.5732 0.5702 0.5884
vn 0.5596 0.6554 0.5072
vn -0.5150 0.6440 0.5658
vn -0.8180 0.1573 -0.5533
vn 0.0562 0.3558 -0.9329
vn -0.2562 0.7594 0.5980
vn -0.3068 0.8626 0.4022
vn 0.0852 0.9919 -0.0940
vn 0.7954 0.6060 0.0108
vn 0.7430 0.6635 0.0879
vn 0.6836 0.6679 0.2942
vn 0.7304 0.6467 0.2199
vn 0.7046 0.6249 0.3363
vn 0.6076 0.6731 0.4217
vn -0.6886 0.4679 -0.5540
vn -0.5542 0.8306 0.0536
vn 0.2222 0.9744 -0.0343
vn 0.5950 0.7406 0.3122
vn 0.7845 0.5959 0.1717
vn 0.8052 0.5903 -0.0568
vn 0.3771 0.9121 -0.1609
vn 0.8029 0.5937 -0.0534
vn 0.7229 0.6903 0.0306
vn 0.7182 0.6947 0.0392
vn 0.4540 0.8121 0.3666
vn 0.6385 0.7538 0.1552
vn -0.3785 0.8524 0.3607
vn -0.6432 0.5675 -0.5141
vn 0.8360 0.4718 -0.2803
vn 0.7635 0.5837 -0.2763
vn 0.6836 0.7272 -0.0618
vn 0.6510 0.7566 0.0610
vn 0.7297 0.6522 -0.2055
vn 0.1236 0.9398 0.3187
vn 0.2809 0.8429 0.4588
vn 0.0561 0.6813 0.7299
vn -0.9171 0.2253 -0.3290
vn 0.4880 0.8261 0.2817
vn 0.1897 0.9706 -0.1480
vn 0.7648 0.5713 0.2980
vn -0.2283 0.9514 -0.2067
vn -0.4619 0.7303 -0.5033
vn 0.2995 0.2096 0.9308
vn -0.4322 0.6522 -0.6227
vn -0.2659 0.7661 0.5851
vn 0.6717 0.7280 -0.1373
vn 0.6980 0.7144 -0.0488
vn 0.5638 0.6535 0.5050
vn -0.2658 -0.1591 0.9508
vn 0.2675 0.9543 0.1335
vn 0.6453 0.7197 0.2563
vn 0.5208 0.7391 0.4271
vn 0.5999 0.7367 -0.3121
vn 0.1980 0.6286 0.7521
vn -0.9186 -0.3802 0.1077
vn -0.2772 -0.1053 -0.9550
vn 0.4060 0.8094 0.4243
vn -0.2135 0.9549 -0.2065
vn -0.4437 0.8362 0.3223
vn -0.9216 0.3881 -0.0078
vn 0.1352 0.8902 0.4351
vn 0.6468 0.7610 -0.0500
vn 0.6352 0.7705 0.0527
vn 0.5683 0.8031 0.1791
vn 0.3950 0.8123 0.4292
vn 0.3027 0.7738 0.5564
vn 0.0500 0.9270 0.3718
vn 0.1008 0.7605 0.6415
vn 0.5999 0.7256 -0.3371
vn 0.5960 0.7750 -0.2100
vn 0.6046 0.7667 -0.2160
vn 0.6231 0.7819 0.0184
vn 0.5659 0.8170 0.1107
vn 0.0486 0.7795 0.6245
vn 0.1853 0.9771 -0.1049
vn 0.2028 -0.0646 0.9771
vn 0.0825 0.9916 0.0998
vn 0.0631 0.9402 0.3348
vn 0.0916 0.7491 0.6561
vn 0.5704 0.7754 0.2710
vn 0.5989 0.7912 -0.1240
vn 0.3855 0.8691 0.3100
vn 0.1594 0.7584 0.6320
vn -0.9688 -0.2234 -0.1069
vn -0.0106 0.9426 0.3339
vn -0.5008 0.8413 0.2036
vn -0.4040 0.8961 0.1840
vn 0.1115 0.8950 0.4318
vn 0.9127 -0.3807 -0.1486
vn 0.6390 -0.5634 -0.5237
vn 0.4967 0.8649 0.0726
vn -0.9522 0.2764 -0.1299
vn 0.6399 0.0315 0.7678
vn -0.0890 0.8659 0.4922
vn -0.5286 0.8309 0.1736
vn -0.8743 0.0618 -0.4815
vn 0.5168 0.8495 -0.1060
vn 0.3553 0.8600 0.3664
vn 0.4534 0.6577 0.6016
vn 0.5519 0.8067 -0.2113
vn -0.5339 0.8429 0.0668
vn -0.0467 0.7024 0.7102
vn 0.5026 0.8609 -0.0785
vn 0.5133 0.8579 -0.0211
vn 0.4814 0.8761 0.0258
vn 0.4032 0.8602 0.3122
vn -0.0977 0.8605 0.4999
vn -0.0949 0.8612 0.4994
vn 0.8344 0.0159 0.5510
vn 0.5746 0.7842 -0.2341
vn 0.3722 0.9096 0.1844
vn 0.4517 0.8196 0.3523
vn 0.3238 0.7692 0.5509
vn 0.1929 0.7333 0.6519
vn -0.6638 -0.7300 -0.1625
vn 0.9143 0.3268 0.2395
vn -0.9836 -0.1776 0.0311
vn -0.2110 -0.2262 -0.9509
vn 0.0946 0.1373 -0.9860
vn 0.4308 0.9022 0.0234
vn 0.3179 0.8220 0.4725
vn -0.2484 0.8739 0.4180
vn -0.3102 0.8636 0.3974
vn 0.5079 0.8468 -0.1582
vn 0.4069 0.8919 0.1973
vn 0.3825 0.8953 0.2282
vn -0.0940 0.7320 0.6748
vn -0.2125 0.8899 0.4037
vn 0.0900 0.9940 0.0613
vn -0.1340 0.9834 -0.1221
vn 0.2594 0.8561 0.4470
vn 0.8618 -0.4400 -0.2525
vn 0.8369 0.4991 0.2245
vn -0.7101 0.6381 0.2976
vn -0.7290 0.5344 -0.4278
vn 0.3770 0.9236 0.0692
vn 0.8484 0.4948 0.1881
vn 0.3841 0.8839 0.2668
vn -0.0937 0.6592 0.7461
vn -0.7910 -0.4019 -0.4614
vn -0.8432 -0.5342 0.0611
vn -0.8867 0.0313 0.4613
vn -0.8071 0.4352 -0.3990
vn 0.4292 0.8798 -0.2043
vn 0.7304 0.4371 0.5248
vn -0.6790 0.5105 0.5276
vn 0.1299 -0.0546 -0.9900
vn -0.8679 0.1836 0.4615
vn -0.8045 0.5005 0.3198
vn -0.8184 0.5519 0.1598
vn -0.2481 -0.7680 0.5904
vn -0.7004 0.4022 0.5896
vn -0.8029 0.3755 0.4630
vn 0.3724 -0.6628 0.6496
vn -0.3701 0.8446 0.3868
vn -0.5918 0.6459 0.4823
vn -0.3368 0.8719 0.3554
vn -0.0536 0.3711 0.9271
vn -0.2260 0.0026 0.9741
vn -0.9664 0.1744 0.1887
vn -0.2068 0.1293 0.9698
vn -0.4050 0.0767 -0.9111
vn -0.5366 0.1090 -0.8368
vn -0.3431 0.6377 0.6896
vn -0.3488 0.4697 0.8110
vn -0.3324 0.0040 0.9431
vn -0.8329 -0.3251 0.4479
vn -0.6352 0.4339 0.6389
vn -0.1375 -0.8062 -0.5754
vn -0.8746 -0.0420 0.4829
vn -0.7657 -0.3119 0.5626
vn -0.6431 0.7032 0.3033
vn -0.8308 -0.2924 0.4736
vn -0.8251 -0.0088 0.5649
vn -0.6376 0.7090 0.3013
vn -0.9040 -0.4210 0.0748
vn -0.4918 0.4231 0.7610
vn -0.5640 0.7221 0.4006
vn -0.7993 0.3651 0.4773
vn 0.2359 0.1450 -0.9609
vn -0.0642 -0.3631 -0.9295
vn -0.0415 0.1787 0.9830
vn 0.0122 -0.9992 -0.0374
vn -0.7654 0.4537 -0.4565
vn 0.5819 -0.3515 -0.7334
vn -0.6612 -0.0025 0.7502
vn -0.5050 0.4139 0.7574
vn -0.4519 0.2674 0.8510
vn -0.6944 -0.2645 0.6692
vn 0.0880 0.1232 -0.9885
vn 0.9109 0.3528 0.2140
vn -0.6995 0.5339 0.4750
vn -0.4607 0.3697 -0.8069
vn -0.7972 -0.0391 0.6025
vn -0.6378 0.6938 0.3344
vn -0.7739 0.3249 0.5436
vn -0.8135 -0.3726 0.4466
vn -0.6045 0.7822 0.1510
vn -0.7593 -0.4720 0.4480
vn -0.6417 0.5846 0.4964
vn 0.0724 -0.8616 -0.5024
vn -0.9056 0.3373 0.2571
vn -0.8807 0.4344 0.1887
vn -0.4728 0.3860 0.7922
vn -0.6649 0.3446 0.6627
vn -0.3451 -0.4314 0.8335
vn -0.9010 -0.0770 0.4268
vn -0.2200 0.1322 -0.9665
vn -0.3716 -0.0425 -0.9274
vn -0.8409 -0.3361 0.4242
vn -0.3231 0.1030 -0.9407
vn -0.7106 -0.2231 -0.6673
vn -0.8240 -0.0677 0.5625
vn -0.8251 -0.2810 0.4902
vn -0.4353 -0.3933 0.8098
vn -0.0635 0.5823 0.8105
vn -0.6359 0.2997 0.7112
vn -0.9661 -0.2376 0.1015
vn -0.4519 -0.8063 0.3816
vn -0.2435 -0.8815 0.4046
vn -0.4221 -0.8321 0.3598
vn -0.6727 0.0143 0.7398
vn -0.6317 0.2879 0.7197
vn -0.5445 0.3669 0.7542
vn -0.9322 0.2669 0.2443
vn -0.5239 -0.1345 0.8411
vn -0.3474 0.8116 0.4696
vn -0.2193 -0.2274 0.9488
vn 0.4009 0.1322 0.9065
vn 0.8688 -0.4736 -0.1443
vn -0.2064 0.8026 0.5597
vn -0.4915 0.6571 0.5716
vn 0.8903 0.4508 0.0645
vn -0.3854 0.7306 0.5637
vn -0.9170 0.1662 0.3625
vn -0.6455 0.5820 0.4945
vn -0.5559 -0.1821 0.8110
vn 0.6399 -0.7219 0.2634
vn 0.0219 0.2499 0.9680
vn 0.8377 -0.4595 -0.2951
vn -0.5943 0.5768 0.5605
vn -0.3657 0.0678 0.9283
vn 0.1829 -0.8852 -0.4277
vn -0.2071 -0.8253 0.5253
vn -0.9166 0.3896 -0.0896
vn -0.5129 0.3085 0.8011
vn -0.5758 -0.1701 0.7997
vn -0.5186 0.2614 0.8140
vn -0.5470 -0.2750 0.7906
vn -0.1425 0.2758 0.9506
vn 0.3102 -0.0784 0.9474
vn -0.9234 -0.1939 0.3313
vn -0.6965 0.6531 0.2974
vn -0.6276 0.1390 0.7660
vn -0.4897 0.5989 0.6336
vn -0.3925 0.6642 0.6363
vn -0.4224 -0.2639 0.8672
vn -0.1761 -0.9613 -0.2121
vn -0.4027 0.8242 0.3981
vn 0.5838 0.7258 -0.3638
vn -0.8536 0.4416 0.2763
vn -0.3265 0.5979 0.7321
vn -0.2040 -0.3399 0.9181
vn -0.4437 0.2237 0.8678
vn -0.8267 0.0098 0.5625
vn -0.4618 0.3092 0.8314
vn -0.4455 0.8857 0.1303
vn -0.9816 0.1524 0.1152
vn -0.7019 0.3286 0.6319
vn -0.3399 0.0822 -0.9369
vn -0.9151 0.3978 -0.0664
vn -0.7303 -0.3237 0.6015
vn -0.3812 -0.1320 0.9150
vn -0.2349 0.0702 0.9695
vn -0.8421 -0.2758 0.4635
vn -0.5398 0.3216 0.7779
vn -0.6520 -0.0658 0.7554
vn -0.2842 0.9546 -0.0893
vn -0.3800 -0.4815 0.7898
vn -0.6809 -0.2929 0.6713
vn -0.9274 -0.2171 -0.3047
vn -0.5811 -0.4455 0.6811
vn -0.6798 -0.0366 0.7324
vn -0.7493 0.2274 0.6219
vn -0.8883 0.4527 -0.0780
vn -0.4271 -0.0359 -0.9035
vn 0.1135 -0.6645 -0.7386
vn -0.5208 -0.2341 0.8210
vn -0.3125 -0.1377 0.9399
vn -0.5132 -0.2353 0.8254
vn -0.6799 0.1939 0.7072
vn -0.7999 0.2548 0.5433
vn -0.5704 0.0806 0.8174
vn 0.0861 0.7610 0.6431
vn -0.8041 -0.2799 0.5245
vn -0.5692 0.6315 0.5265
vn -0.4518 0.3672 -0.8131
vn -0.5429 -0.3065 0.7818
vn -0.7085 -0.0053 0.7057
vn -0.4940 -0.1801 0.8506
vn 0.0210 -0.1567 0.9874
vn -0.3890 -0.3856 0.8366
vn -0.6528 -0.2362 0.7197
vn -0.5006 -0.2349 -0.8332
vn 0.0605 -0.8252 0.5616
vn -0.1019 0.0762 -0.9919
vn -0.9562 -0.1403 0.2567
vn -0.8647 0.4291 -0.2611
vn -0.7629 -0.3640 0.5343
vn -0.4929 0.3130 -0.8119
vn -0.6598 0.4374 0.6111
vn -0.8738 0.3555 -0.3318
vn 0.3494 0.2441 -0.9046
vn -0.9426 -0.1550 -0.2958
vn -0.0635 -0.4932 -0.8676
vn -0.0938 -0.0447 -0.9946
vn -0.7520 0.0120 0.6590
vn -0.6436 0.3129 -0.6985
vn -0.9931 0.0930 0.0710
vn 0.6653 -0.0509 0.7448
vn -0.5373 -0.3433 0.7704
vn -0.6218 0.0049 0.7832
vn -0.5064 -0.0976 0.8568
vn -0.3537 0.9032 0.2432
vn -0.3131 0.7446 0.5895
vn -0.9316 0.2676 0.2462
vn -0.8420 0.4864 0.2335
vn -0.8193 0.5617 -0.1148
vn 0.3640 0.2353 0.9012
vn -0.6624 0.0870 0.7441
vn -0.6167 0.7872 0.0037
vn -0.0043 -0.3683 -0.9297
vn 0.1926 -0.8163 -0.5446
vn 0.0206 -0.1565 0.9875
vn -0.4325 -0.2966 0.8514
vn -0.5851 -0.1355 -0.7996
vn -0.7600 0.1586 0.6302
vn -0.6782 0.4169 0.6051
vn 0.8053 0.3863 0.4497
vn -0.9146 0.1791 0.3626
vn -0.3802 0.1856 -0.9061
vn -0.4914 -0.3782 0.7846
vn -0.8640 0.1412 0.4833
vn -0.9882 -0.0961 -0.1196
vn -0.6543 0.2261 0.7217
vn -0.5993 -0.7830 0.1664
vn -0.3978 0.8147 0.4219
vn -0.6417 0.5554 0.5290
vn -0.6281 0.5799 0.5188
vn -0.5092 -0.0543 0.8589
vn -0.9038 -0.0875 0.4190
vn -0.8957 -0.1309 0.4250
vn -0.8842 0.2317 0.4057
vn -0.9028 0.1164 0.4140
vn -0.3872 0.7181 0.5783
vn -0.7656 -0.3117 0.5628
vn -0.5420 0.4881 0.6841
vn 0.5130 -0.8543 0.0840
vn -0.7570 0.0140 0.6532
vn -0.9335 0.2298 0.2754
vn -0.3267 0.8763 0.3541
vn -0.6846 0.3054 0.6619
vn -0.6245 0.4270 0.6540
vn -0.6145 0.5547 0.5609
vn -0.4773 0.6406 0.6016
vn -0.6876 0.6388 -0.3451
vn -0.2310 0.0278 0.9726
vn -0.8186 0.4829 0.3111
vn -0.8885 0.4316 -0.1556
vn -0.6870 0.3227 0.6510
vn -0.9222 0.2276 0.3127
vn -0.3995 0.6414 0.6549
vn -0.5547 0.7247 0.4089
vn 0.5089 -0.5210 -0.6852
vn -0.8477 0.0181 0.5301
vn 0.1552 -0.3174 -0.9355
vn -0.8846 0.3475 0.3109
vn -0.8919 -0.0958 0.4419
vn -0.3427 -0.8119 0.4727
vn -0.6603 0.1175 0.7418
vn -0.8212 -0.3536 0.4479
vn -0.8526 0.0746 0.5172
vn -0.2693 -0.0800 -0.9597
vn -0.8455 -0.3325 0.4177
vn -0.8418 -0.1662 0.5135
vn -0.7836 0.2122 0.5840
vn -0.2868 -0.8870 -0.3619
vn -0.7399 -0.1005 0.6652
vn -0.4774 0.2737 0.8350
vn -0.7257 0.4589 0.5125
vn -0.6074 0.3079 0.7323
vn -0.8155 0.0096 0.5787
vn -0.7926 0.3962 0.4635
vn -0.8410 0.1481 0.5203
vn 0.3325 -0.1432 0.9322
vn -0.5295 0.7596 0.3776
vn -0.8126 -0.0526 0.5804
vn -0.6778 0.4545 0.5780
vn -0.5407 0.1063 -0.8345
vn 0.1987 0.3763 -0.9049
vn -0.7045 0.0523 0.7077
vn -0.3644 0.5249 0.7692
vn -0.7833 -0.1181 0.6103
vn 0.3586 -0.8840 -0.2999
vn -0.0761 0.0210 -0.9969
vn -0.6181 0.1580 0.7701
vn -0.6193 0.1787 0.7645
vn -0.5657 0.5458 0.6182
vn -0.8415 0.1622 0.5153
vn -0.3351 -0.5939 0.7315
vn -0.1562 0.0767 -0.9847
vn -0.2988 -0.2721 -0.9147
vn -0.8920 -0.2166 0.3967
vn -0.7816 -0.0915 0.6171
vn -0.7815 -0.0958 0.6164
vn -0.8290 -0.0783 0.5537
vn 0.7842 0.5327 0.3183
vn -0.1081 0.2280 -0.9676
vn 0.5239 0.7643 -0.3760
vn -0.4471 0.8030 0.3941
vn -0.7363 0.5448 0.4012
vn -0.7404 0.1791 0.6479
vn -0.8255 0.4870 0.2853
vn -0.3907 0.7955 0.4632
vn -0.8556 -0.2410 0.4582
vn -0.7522 0.1409 0.6437
vn -0.7486 0.1947 0.6338
vn -0.7610 0.1760 0.6244
vn -0.6780 0.1088 0.7270
vn -0.8105 -0.3065 0.4991
vn -0.5817 0.7305 0.3579
vn -0.1936 0.2494 -0.9488
vn -0.0959 0.9858 0.1378
vn -0.5082 -0.0550 0.8595
vn -0.7633 0.2175 0.6084
vn -0.5257 0.5921 0.6108
vn -0.6544 0.4765 0.5870
vn -0.9182 0.2543 0.3038
vn -0.7404 0.5382 0.4026
vn -0.5837 0.6971 0.4164
vn 0.9285 -0.3167 -0.1937
vn -0.6048 0.4197 0.6768
vn -0.5632 0.5406 0.6250
vn -0.3548 0.8335 0.4234
vn -0.7434 0.3572 0.5656
vn -0.4375 0.3596 -0.8242
vn -0.8349 -0.2120 0.5079
vn -0.8157 -0.0125 0.5784
vn -0.7277 0.2584 0.6354
vn -0.7936 0.2923 0.5336
vn -0.7921 -0.1022 0.6018
vn -0.4616 0.7982 0.3870
vn 0.2426 0.2542 -0.9362
vn -0.4193 0.0302 -0.9073
vn -0.9445 0.0705 0.3207
vn -0.8167 -0.2804 0.5044
vn -0.5339 -0.1489 0.8323
vn -0.5167 0.5273 0.6746
vn -0.7541 -0.5273 0.3915
vn 0.1744 -0.6361 -0.7517
vn -0.2541 0.1826 -0.9498
vn 0.0744 0.2123 -0.9744
vn -0.7493 0.2273 0.6220
vn -0.8959 0.1772 0.4074
vn -0.0493 0.1949 -0.9796
vn -0.8065 -0.2590 0.5315
vn -0.2223 0.1900 0.9563
vn -0.5504 0.7657 0.3327
vn -0.5219 0.7590 0.3893
vn -0.5925 0.7001 0.3985
vn -0.7716 0.2555 0.5826
vn -0.7662 0.2172 0.6047
vn -0.8532 -0.0815 0.5151
vn -0.6504 -0.1899 -0.7354
vn -0.7125 0.0561 0.6995
vn -0.7128 0.0676 0.6981
vn -0.4436 -0.0591 -0.8943
vn 0.9492 -0.2508 -0.1899
vn -0.8538 0.2651 0.4480
vn 0.0671 -0.9963 -0.0541
vn -0.8322 0.3732 0.4100
vn -0.7172 0.5365 0.4448
vn -0.6450 0.7565 -0.1076
vn 0.6503 -0.2506 -0.7171
vn -0.6683 0.4059 0.6235
vn -0.6045 0.5364 0.5889
vn -0.4549 0.3409 -0.8227
vn -0.6459 -0.4378 0.6254
vn -0.7152 -0.2836 0.6388
vn -0.7953 -0.2139 0.5672
vn -0.7959 -0.1303 0.5913
vn -0.8598 0.2959 0.4161
vn -0.7803 0.4325 0.4518
vn -0.5190 0.6768 0.5221
vn -0.4147 0.8104 0.4139
vn -0.5322 0.5117 0.6745
vn -0.0171 0.3923 0.9197
vn -0.5119 0.7754 0.3698
vn -0.5870 0.6089 0.5335
vn -0.5237 -0.5182 0.6762
vn -0.7631 0.0595 0.6436
vn 0.8351 -0.5288 -0.1516
vn -0.5551 0.5622 0.6130
vn -0.4748 0.4717 0.7430
vn -0.1940 0.5089 -0.8387
vn -0.6747 0.2537 0.6932
vn -0.6740 0.2099 0.7083
vn -0.7818 -0.2560 0.5685
vn -0.7808 0.2695 0.5637
vn -0.5467 0.6466 0.5319
vn 0.7299 -0.6815 -0.0534
vn -0.4188 -0.5772 0.7010
vn -0.3229 0.7421 0.5874
vn 0.4846 0.5702 0.6633
vn -0.2239 0.3768 -0.8988
vn -0.5294 -0.3699 -0.7635
vn -0.2730 -0.0308 -0.9615
vn -0.7147 0.0943 -0.6930
vn -0.7037 -0.2330 0.6712
vn -0.7432 -0.0468 0.6674
vn 0.4439 -0.5980 -0.6673
vn -0.1671 0.0045 0.9859
vn -0.7000 0.3265 0.6352
vn -0.9552 0.2953 -0.0189
vn -0.4463 0.8365 0.3178
vn -0.4666 0.7059 0.5329
vn -0.6530 0.0868 0.7523
vn -0.8252 0.1906 0.5317
vn -0.8401 0.2930 0.4566
vn -0.2407 -0.1927 -0.9513
vn 0.3610 0.3505 -0.8642
vn -0.0551 0.6250 -0.7787
vn -0.1533 0.3424 -0.9270
vn -0.0324 0.5900 -0.8068
vn -0.0223 0.9054 -0.4240
vn 0.0232 0.9102 -0.4135
vn 0.0353 0.6936 -0.7195
vn -0.1921 -0.4396 0.8774
vn 0.3050 0.6760 -0.6708
vn 0.2001 0.8246 -0.5291
vn 0.5304 0.3710 -0.7623
vn -0.3368 -0.0161 0.9414
vn -0.9944 -0.0094 0.1052
vn -0.9070 -0.1488 -0.3939
vn -0.3112 0.5174 -0.7971
vn -0.6649 0.2007 -0.7195
vn -0.6330 -0.5681 -0.5259
vn -0.5140 -0.3516 -0.7824
vn 0.4518 -0.8105 -0.3728
vn -0.6742 -0.4144 -0.6113
vn -0.7221 0.0336 -0.6910
vn -0.9602 0.0105 -0.2793
vn -0.6026 -0.5543 -0.5741
vn -0.9460 0.0036 -0.3243
vn -0.9597 0.0586 -0.2749
vn -0.9132 -0.2028 -0.3536
vn -0.5339 -0.5271 -0.6612
vn -0.3325 -0.6720 -0.6617
vn -0.8072 -0.3997 -0.4343
vn -0.5143 -0.6238 -0.5886
vn -0.9695 0.2397 0.0502
vn -0.9758 0.1336 -0.1728
vn -0.6873 -0.4714 -0.5527
vn -0.8101 0.5525 0.1959
vn -0.9670 -0.0929 -0.2371
vn -0.9081 -0.2119 -0.3612
vn -0.7642 -0.4952 -0.4132
vn -0.3551 0.9106 -0.2116
vn -0.3751 -0.7246 -0.5781
vn -0.6699 -0.5586 -0.4892
vn -0.6748 -0.5562 -0.4851
vn -0.9818 -0.0623 -0.1795
vn -0.4784 -0.6307 -0.6110
vn -0.9936 0.0364 -0.1072
vn -0.9716 0.1494 -0.1835
vn -0.6184 -0.6575 -0.4304
vn -0.4681 -0.7390 -0.4845
vn -0.8953 -0.3107 0.3193
vn -0.9740 0.1516 -0.1683
vn -0.9031 -0.3229 -0.2832
vn -0.8389 -0.4566 -0.2964
vn -0.7931 -0.3955 -0.4632
vn -0.5496 -0.6668 -0.5034
vn 0.0103 0.7614 -0.6482
vn -0.8376 0.5388 0.0903
vn -0.8984 -0.3552 -0.2582
vn -0.9783 0.1863 0.0907
vn -0.7615 -0.5717 -0.3055
vn -0.9311 0.3188 0.1771
vn 0.1176 0.5449 -0.8302
vn -0.4211 0.6871 -0.5921
vn -0.9779 -0.1680 -0.1248
vn -0.5778 -0.8029 -0.1469
vn -0.9686 0.2213 -0.1134
vn -0.9814 -0.0704 -0.1784
vn -0.1145 0.6634 -0.7394
vn -0.4352 -0.8502 0.2963
vn -0.9779 0.1260 -0.1669
vn -0.1016 -0.9937 -0.0477
vn -0.0470 0.6087 -0.7920
vn -0.0031 0.3870 -0.9221
vn -0.6702 -0.3578 -0.6502
vn -0.6233 -0.1881 -0.7590
vn -0.7664 0.0637 -0.6392
vn -0.7515 0.1175 -0.6492
vn -0.9393 0.3095 -0.1482
vn -0.7684 -0.5380 -0.3466
vn 0.4938 0.6632 -0.5625
vn -0.7879 -0.3631 -0.4973
vn -0.8269 -0.3212 -0.4616
vn -0.5148 0.6542 -0.5541
vn -0.8705 0.2307 -0.4348
vn -0.5420 -0.7399 -0.3984
vn -0.8259 -0.4691 -0.3128
vn -0.9335 0.1907 0.3037
vn 0.2444 0.5613 -0.7907
vn -0.0741 0.4926 -0.8671
vn 0.8427 0.5354 0.0561
vn -0.8281 -0.3117 -0.4658
vn -0.7794 -0.3681 -0.5070
vn -0.8817 -0.2613 -0.3929
vn -0.9142 0.0006 -0.4052
vn -0.9164 0.0081 -0.4002
vn -0.8213 0.4054 -0.4014
vn -0.8106 0.4210 -0.4071
vn -0.9971 0.0751 -0.0110
vn -0.0309 0.3192 -0.9472
vn -0.0442 0.7108 -0.7020
vn -0.7602 -0.2678 -0.5919
vn -0.9592 0.0406 -0.2798
vn -0.8350 0.2463 -0.4920
vn 0.2874 0.6753 0.6793
vn -0.5709 -0.7262 -0.3830
vn -0.5293 0.8076 -0.2602
vn -0.9313 -0.3642 -0.0081
vn 0.1626 0.7665 -0.6214
vn 0.2476 0.5678 -0.7850
vn -0.7791 -0.2394 -0.5794
vn -0.7841 -0.3573 -0.5074
vn -0.8840 0.3426 -0.3180
vn -0.9731 0.0142 0.2301
vn -0.7492 -0.5805 -0.3190
vn -0.9343 -0.2955 -0.1996
vn -0.1342 0.7546 -0.6424
vn -0.9155 -0.2760 -0.2926
vn -0.7598 -0.2636 -0.5944
vn -0.9044 -0.2658 -0.3338
vn -0.7282 0.6321 -0.2649
vn -0.6836 -0.6787 -0.2683
vn -0.9814 -0.1883 -0.0363
vn -0.9531 -0.0338 -0.3008
vn -0.7613 0.6265 -0.1669
vn -0.9957 -0.0925 -0.0011
vn 0.0880 0.7819 0.6172
vn 0.3313 -0.2735 0.9030
vn 0.1839 0.6839 -0.7060
vn -0.7399 -0.1367 -0.6587
vn -0.9070 -0.2981 -0.2975
vn -0.8865 -0.3083 -0.3450
vn -0.9867 -0.0451 -0.1564
vn -0.8628 -0.3532 0.3617
vn -0.0733 0.2762 0.9583
vn -0.8866 -0.0988 -0.4519
vn -0.7477 0.4864 -0.4520
vn -0.7491 0.4562 -0.4804
vn -0.6767 0.5205 -0.5207
vn -0.7368 0.3197 0.5957
vn -0.9320 -0.1891 -0.3093
vn -0.9072 -0.2965 -0.2985
vn -0.9223 -0.0564 -0.3824
vn -0.7935 0.3558 -0.4938
vn -0.7843 0.3618 -0.5040
vn -0.9084 0.1770 0.3789
vn -0.8362 -0.1638 0.5233
vn -0.9349 0.2935 0.1995
vn -0.7954 -0.3204 0.5144
vn -0.9092 -0.2936 -0.2954
vn -0.9280 -0.2652 -0.2616
vn -0.9034 0.0708 -0.4229
vn -0.9099 -0.0323 -0.4136
vn -0.6321 0.3030 -0.7132
vn -0.7243 -0.5976 -0.3440
vn -0.9784 0.1085 0.1758
vn -0.0748 0.0705 -0.9947
vn -0.7802 -0.2179 -0.5864
vn -0.9405 -0.2208 -0.2584
vn 0.9918 0.0700 -0.1073
vn -0.8624 -0.5061 -0.0120
vn -0.0179 -0.9935 0.1125
vn -0.6613 -0.7476 -0.0614
vn -0.9894 0.1085 -0.0970
vn 0.2376 0.8090 -0.5376
vn 0.0758 0.5394 -0.8386
vn -0.7014 0.4313 -0.5674
vn -0.7001 0.4040 -0.5888
vn -0.5867 0.8091 0.0345
vn -0.8876 -0.0246 -0.4600
vn -0.8967 -0.2576 -0.3601
vn -0.9212 -0.2316 -0.3128
vn -0.1913 0.7655 -0.6143
vn -0.9285 -0.2766 0.2478
vn -0.9567 -0.0453 0.2874
vn -0.6870 -0.7200 -0.0977
vn -0.7576 -0.6455 -0.0970
vn -0.9609 -0.2372 -0.1425
vn -0.9392 0.3214 -0.1206
vn -0.9867 -0.0687 -0.1470
vn -0.9247 0.1386 -0.3546
vn -0.9053 -0.2957 -0.3049
vn -0.8398 0.5423 -0.0245
vn -0.9896 0.0024 -0.1438
vn -0.7356 -0.5864 -0.3393
vn -0.6346 0.0084 -0.7728
vn -0.3554 0.8333 0.4235
vn -0.9365 0.1381 -0.3224
vn 0.1252 -0.7748 -0.6197
vn -0.3668 0.8936 -0.2588
vn -0.9047 -0.2946 -0.3078
vn -0.9263 -0.2274 -0.3004
vn -0.9816 -0.1314 0.1388
vn -0.7174 -0.6137 -0.3298
vn -0.6929 -0.6082 -0.3873
vn -0.7172 0.3011 -0.6284
vn -0.6131 0.4095 -0.6756
vn -0.8225 0.5181 -0.2345
vn -0.8057 0.4990 -0.3192
vn -0.9429 -0.0462 -0.3299
vn -0.2759 0.2773 -0.9203
vn -0.2148 -0.7029 -0.6781
vn -0.5202 0.7364 -0.4325
vn -0.9693 0.2438 -0.0317
vn -0.9949 0.0362 0.0942
vn -0.9158 -0.3755 -0.1426
vn -0.9750 0.1756 0.1362
vn -0.8998 0.4200 -0.1179
vn -0.7862 0.5890 -0.1869
vn -0.9619 -0.1138 -0.2485
vn -0.8013 -0.3510 -0.4844
vn -0.6684 -0.6402 -0.3787
vn -0.9362 0.3440 0.0716
vn -0.9137 -0.1818 -0.3634
vn -0.9116 -0.2531 -0.3238
vn -0.9119 -0.2525 -0.3235
vn 0.5583 0.2545 -0.7896
vn -0.1935 0.1517 -0.9693
vn -0.9672 0.2511 -0.0372
vn -0.9812 -0.1897 -0.0352
vn -0.8490 0.4331 0.3028
vn -0.8050 -0.5660 -0.1779
vn -0.9883 0.0223 0.1509
vn -0.5660 0.7442 -0.3547
vn -0.8633 0.3945 -0.3148
vn -0.9743 -0.1135 -0.1946
vn 0.4998 0.5898 -0.6344
vn -0.0124 -0.9878 0.1554
vn -0.8503 0.5241 -0.0485
vn -0.5071 -0.6619 -0.5520
vn -0.6958 -0.6528 0.2996
vn -0.9823 0.1820 0.0453
vn -0.8427 0.5383 -0.0076
vn -0.8787 0.4723 -0.0692
vn -0.9930 0.0956 0.0700
vn -0.8032 -0.5050 0.3160
vn -0.9568 0.1754 -0.2318
vn -0.8436 0.4102 -0.3465
vn -0.7609 0.5716 -0.3071
vn -0.7777 0.6235 0.0801
vn -0.8667 0.4492 -0.2169
vn -0.9591 -0.0152 -0.2826
vn 0.3349 0.3309 -0.8822
vn -0.0032 0.6031 -0.7977
vn -0.7746 0.4361 -0.4580
vn -0.9183 0.2975 -0.2613
vn -0.8624 0.5035 0.0526
vn -0.6171 0.7043 -0.3510
vn -0.5512 0.7391 -0.3872
vn -0.6746 -0.6461 -0.3570
vn -0.9948 -0.0110 -0.1017
vn -0.8015 -0.0635 0.5946
vn -0.2163 0.7573 0.6162
vn -0.9874 0.1509 0.0470
vn -0.6181 0.4102 -0.6706
vn -0.9334 -0.2484 -0.2590
vn 0.3880 0.5312 -0.7532
vn 0.1617 0.9604 -0.2270
vn 0.4823 0.3861 -0.7863
vn -0.8422 -0.5373 0.0455
vn -0.6314 0.7110 -0.3097
vn -0.3296 0.2792 -0.9019
vn -0.8518 -0.5020 -0.1501
vn -0.8767 -0.4635 -0.1286
vn -0.9406 0.0059 0.3394
vn -0.9808 -0.1477 0.1271
vn -0.5283 0.7811 -0.3329
vn -0.8941 -0.0362 -0.4464
vn -0.9293 -0.2498 -0.2719
vn 0.3615 0.5011 -0.7862
vn -0.6692 -0.3187 -0.6713
vn -0.1131 -0.9904 0.0793
vn -0.1773 0.9208 -0.3473
vn -0.9476 0.0138 -0.3192
vn -0.9129 0.0877 -0.3986
vn -0.5541 -0.7295 0.4011
vn -0.8178 0.5507 0.1669
vn 0.1409 -0.6708 0.7281
vn -0.6254 0.7248 -0.2889
vn -0.8343 0.4041 -0.3751
vn -0.7589 0.5793 -0.2974
vn -0.8783 0.0647 -0.4738
vn -0.8796 0.4543 0.1414
vn 0.2426 0.8142 -0.5274
vn -0.7092 -0.5460 -0.4460
vn -0.9586 0.2508 -0.1348
vn -0.8039 -0.5671 -0.1795
vn -0.9747 -0.1452 0.1702
vn 0.8881 -0.0068 0.4596
vn -0.9404 -0.3318 0.0744
vn -0.9957 -0.0846 0.0375
vn 0.2127 0.6151 0.7592
vn -0.4400 0.7188 0.5382
vn -0.3799 0.7485 0.5436
vn -0.5075 0.2684 -0.8188
vn -0.7290 -0.0238 -0.6841
vn -0.7213 0.0365 -0.6916
vn 0.4754 -0.7139 -0.5142
vn 0.0449 0.5244 -0.8503
vn -0.6526 -0.6718 -0.3505
vn -0.9705 -0.2222 -0.0940
vn -0.5989 0.6811 -0.4213
vn -0.2178 0.8308 0.5122
vn -0.9939 -0.1045 -0.0349
vn 0.1818 0.9016 -0.3925
vn -0.7268 -0.1510 -0.6701
vn -0.6943 0.3084 -0.6502
vn 0.5169 0.4490 -0.7289
vn -0.9356 -0.3518 -0.0292
vn -0.9672 0.2534 -0.0171
vn -0.8612 -0.4737 -0.1843
vn -0.9444 -0.3071 0.1177
vn -0.8854 -0.4495 0.1184
vn -0.1048 0.5586 -0.8228
vn -0.7965 -0.1079 -0.5949
vn -0.6902 0.2015 -0.6950
vn 0.0418 0.9653 -0.2580
vn -0.9783 0.0348 -0.2043
vn -0.8950 0.3010 0.3292
vn -0.7903 -0.5886 -0.1705
vn -0.9693 0.2452 -0.0163
vn -0.9311 -0.3541 -0.0878
vn -0.6236 0.7558 -0.1994
vn -0.6184 0.3658 -0.6956
vn -0.6306 0.5629 -0.5343
vn 0.2184 -0.1422 -0.9654
vn -0.9738 0.1764 0.1435
vn -0.9883 -0.0882 0.1242
vn 0.2680 0.7765 -0.5703
vn 0.5439 0.3128 -0.7787
vn 0.2791 -0.1839 -0.9425
vn -0.7348 0.0476 -0.6766
vn 0.4388 0.5378 -0.7199
vn -0.7851 -0.4933 -0.3744
vn -0.9137 0.2648 0.3083
vn -0.6210 0.5835 -0.5232
vn -0.9741 0.1242 0.1892
vn -0.8620 0.4370 0.2568
vn 0.6207 0.1768 -0.7639
vn 0.5001 0.3471 -0.7934
vn 0.0341 0.3324 -0.9425
vn -0.7976 -0.0564 -0.6005
vn -0.7524 0.1876 -0.6314
vn 0.0768 0.6273 -0.7749
vn 0.0045 -0.9998 -0.0211
vn 0.1388 0.3487 -0.9269
vn -0.9030 -0.3469 -0.2534
vn -0.9515 0.2160 0.2188
vn -0.8665 -0.4782 -0.1429
vn 0.1232 0.8417 -0.5257
vn 0.1592 0.0330 0.9867
vn -0.1737 0.6280 -0.7586
vn -0.9580 -0.1902 -0.2145
vn -0.6850 -0.1745 -0.7073
vn -0.7495 -0.0280 -0.6614
vn 0.0159 -0.9996 -0.0226
vn -0.1769 0.6459 -0.7426
vn -0.1901 0.7913 -0.5811
vn 0.1043 0.3629 -0.9260
vn 0.1418 0.3578 -0.9230
vn -0.0836 0.8168 -0.5709
vn 0.2997 0.4174 -0.8579
vn -0.0011 0.8945 -0.4471
vn -0.4858 0.6145 0.6216
vn -0.3144 0.7183 -0.6206
vn -0.8635 -0.0577 -0.5010
vn -0.5412 -0.5787 -0.6101
vn -0.5003 -0.7489 -0.4346
vn -0.7034 -0.1905 -0.6848
vn -0.2497 0.9093 -0.3328
vn 0.0411 0.5488 -0.8350
vn -0.1332 0.7346 -0.6653
vn -0.4708 -0.3440 -0.8124
vn -0.8039 -0.4874 -0.3409
vn -0.8987 0.2148 -0.3824
vn -0.7373 -0.1877 -0.6490
vn -0.8591 -0.5118 0.0008
vn -0.5004 0.6472 -0.5751
vn -0.7532 -0.3609 -0.5500
vn -0.7746 -0.4610 -0.4329
vn -0.6894 -0.2039 -0.6951
vn -0.8424 -0.0028 -0.5388
vn -0.7619 0.1938 -0.6180
vn -0.7564 0.2153 -0.6177
vn -0.6812 0.3685 -0.6326
vn 0.7916 0.3765 -0.4812
vn 0.2705 -0.1726 -0.9471
vn 0.0681 0.9364 -0.3444
vn -0.7280 -0.0337 -0.6848
vn -0.9941 0.1057 -0.0256
vn -0.9916 0.1284 0.0134
vn -0.6532 0.7120 -0.2576
vn -0.8000 0.5937 -0.0872
vn 0.0933 0.6313 -0.7699
vn -0.4932 -0.7256 -0.4798
vn -0.5622 -0.6901 -0.4557
vn -0.8225 -0.2744 -0.4983
vn -0.8434 -0.1768 -0.5074
vn -0.8743 0.0729 -0.4798
vn -0.7199 0.1531 -0.6770
vn -0.6831 0.2231 -0.6954
vn 0.0730 0.1761 -0.9817
vn -0.0901 0.4131 -0.9062
vn 0.0454 0.6283 -0.7766
vn -0.4732 0.1287 -0.8715
vn -0.9642 -0.1209 -0.2359
vn -0.9554 0.0964 -0.2791
vn -0.7286 0.5289 -0.4352
vn -0.6773 0.5669 -0.4689
vn -0.4272 0.8030 -0.4156
vn -0.8479 0.1005 -0.5205
vn -0.8773 -0.2755 -0.3930
vn -0.5731 -0.6201 -0.5358
vn -0.6541 -0.7124 -0.2542
vn -0.7497 -0.6005 -0.2781
vn -0.8122 -0.4340 -0.3897
vn -0.8737 -0.2003 -0.4433
vn -0.8898 0.0756 -0.4500
vn -0.7078 0.3486 -0.6144
vn 0.3191 0.8611 -0.3958
vn -0.1107 0.2454 -0.9631
vn -0.7535 0.1311 -0.6442
vn -0.7311 0.1707 -0.6606
vn -0.9432 0.2947 -0.1533
vn -0.2879 -0.8165 -0.5004
vn 0.5856 0.5917 0.5540
vn 0.8088 0.4681 -0.3560
vn -0.4604 0.6559 -0.5983
vn 0.0214 -0.9994 -0.0261
vn -0.8413 -0.2240 -0.4920
vn -0.9645 -0.0010 -0.2642
vn -0.8911 0.1910 -0.4117
vn -0.8705 0.2831 -0.4027
vn -0.8050 0.3536 -0.4764
vn -0.2192 0.7965 -0.5635
vn 0.2535 -0.9629 0.0929
vn -0.8289 0.0855 -0.5528
vn -0.7390 0.1893 -0.6466
vn -0.7217 0.2857 -0.6305
vn -0.6902 0.3699 -0.6219
vn -0.5947 0.6795 -0.4297
vn -0.4136 0.8035 -0.4282
vn -0.4026 0.8219 -0.4030
vn -0.7765 -0.0266 -0.6295
vn -0.8948 -0.3318 -0.2987
vn -0.9000 0.1764 -0.3985
vn -0.8071 -0.0419 -0.5890
vn -0.8038 0.0292 -0.5942
vn 0.5600 0.1619 -0.8125
vn -0.6082 0.1604 -0.7774
vn -0.8103 0.2327 -0.5379
vn -0.6688 0.2619 -0.6958
vn -0.7139 0.3692 -0.5950
vn -0.9755 0.1166 -0.1868
vn -0.7291 -0.6115 -0.3074
vn -0.8965 -0.3059 -0.3203
vn -0.8079 -0.5218 -0.2739
vn -0.9498 0.0736 -0.3040
vn -0.6242 -0.4159 -0.6613
vn -0.6116 -0.4383 -0.6587
vn -0.8519 -0.0587 -0.5204
vn -0.7014 0.2291 -0.6749
vn 0.5238 0.4544 -0.7205
vn -0.7651 0.2450 -0.5955
vn -0.7975 0.2698 -0.5396
vn -0.7611 0.4840 -0.4318
vn -0.7345 0.6059 -0.3055
vn -0.6827 0.7306 -0.0097
vn -0.8278 0.5308 -0.1817
vn -0.9802 0.1355 0.1443
vn -0.7084 0.6590 0.2529
vn -0.7342 0.6530 -0.1860
vn -0.9751 0.1258 -0.1825
vn -0.8655 -0.4743 -0.1608
vn -0.5858 -0.7499 -0.3072
vn -0.6542 -0.7105 -0.2592
vn -0.7279 -0.6152 -0.3028
vn -0.8773 -0.2918 -0.3811
vn -0.9399 0.0659 -0.3351
vn -0.9319 -0.0155 -0.3625
vn -0.9054 0.1732 -0.3877
vn -0.8049 0.3358 -0.4893
vn -0.8524 0.1309 -0.5062
vn -0.8674 0.1613 -0.4707
vn -0.8557 0.2125 -0.4718
vn -0.6933 0.2782 -0.6648
vn -0.6503 0.3115 -0.6929
vn -0.8325 0.1311 -0.5382
vn -0.8023 0.5543 -0.2214
vn -0.8239 0.5416 -0.1668
vn -0.9895 0.0678 -0.1273
vn -0.9439 -0.0622 -0.3242
vn -0.6251 -0.4269 -0.6534
vn -0.7338 0.1777 -0.6558
vn -0.4852 0.7253 -0.4884
vn 0.4867 0.1246 -0.8646
vn -0.1130 -0.4264 -0.8974
vn -0.5573 0.8097 -0.1839
vn -0.6723 0.7400 0.0199
vn -0.3932 0.8896 -0.2324
vn -0.4179 0.8747 -0.2456
vn -0.0777 0.4738 -0.8772
vn -0.7754 -0.6026 -0.1890
vn -0.8991 -0.3075 -0.3115
vn -0.9090 0.1129 -0.4013
vn -0.9310 -0.0267 -0.3641
vn -0.9011 0.1815 -0.3937
vn -0.8869 0.2962 -0.3544
vn -0.9176 0.0543 -0.3939
vn -0.8204 0.3247 -0.4706
vn -0.4848 -0.1900 0.8537
vn -0.9340 0.3186 0.1618
vn -0.6800 0.7317 -0.0463
vn -0.9746 0.1728 0.1424
vn -0.3404 0.9358 -0.0920
vn -0.9800 0.1793 0.0863
vn -0.9659 -0.2091 0.1527
vn -0.0232 -0.4124 -0.9107
vn 0.0149 -0.2881 -0.9575
vn -0.2450 -0.0866 -0.9656
vn -0.7513 -0.5975 -0.2801
vn -0.8274 -0.5058 -0.2440
vn -0.8878 -0.3966 -0.2336
vn -0.7162 -0.4305 -0.5492
vn -0.7028 -0.4173 -0.5761
vn -0.8555 -0.1300 -0.5013
vn 0.3749 0.5459 -0.7493
vn 0.4012 0.2704 -0.8752
vn 0.4820 0.5375 -0.6919
vn 0.6511 -0.2492 -0.7169
vn 0.4192 0.2922 -0.8596
vn -0.0669 0.7589 -0.6478
vn 0.6232 0.7480 -0.2284
vn -0.0132 0.7378 -0.6749
vn -0.2522 0.6048 -0.7554
vn 0.6693 -0.6932 -0.2674
vn -0.1008 0.6905 -0.7163
vn 0.1502 0.8865 -0.4377
vn -0.3306 0.8904 -0.3129
vn 0.5770 0.6189 -0.5330
vn 0.5395 0.6354 -0.5525
vn -0.1321 0.0189 -0.9911
vn 0.7280 0.1531 -0.6682
vn -0.3472 0.9047 -0.2468
vn -0.1721 0.9103 -0.3764
vn 0.4017 0.3222 -0.8572
vn 0.1625 0.3493 -0.9228
vn 0.8172 0.5428 0.1937
vn 0.9926 0.1038 0.0627
vn 0.1591 -0.9721 -0.1722
vn 0.4547 0.7309 -0.5089
vn 0.5316 0.5456 -0.6478
vn 0.4482 0.3735 -0.8122
vn -0.0337 0.4723 -0.8808
vn 0.9229 -0.1019 -0.3712
vn 0.3239 -0.4388 0.8382
vn 0.6996 0.4303 -0.5704
vn 0.9150 -0.1263 -0.3832
vn 0.6869 0.2882 -0.6671
vn 0.6933 0.4295 -0.5787
vn -0.2745 -0.9465 -0.1700
vn 0.6213 0.1599 -0.7671
vn 0.1902 0.4729 -0.8604
vn 0.3036 0.6477 -0.6988
vn -0.1072 0.8344 -0.5407
vn -0.1128 0.9076 -0.4045
vn 0.3468 0.7629 -0.5457
vn 0.4949 0.3321 -0.8030
vn 0.4257 0.4627 -0.7777
vn 0.4022 0.7191 -0.5668
vn 0.5358 0.6876 -0.4900
vn 0.4502 0.3805 -0.8078
vn 0.3874 0.4143 -0.8236
vn 0.3648 0.2902 -0.8847
vn 0.2345 0.7689 -0.5948
vn 0.3406 0.5339 -0.7739
vn 0.4297 0.6441 -0.6328
vn 0.1864 0.4235 -0.8865
vn 0.2157 0.3557 -0.9094
vn -0.0887 0.2313 -0.9688
vn 0.6791 0.2281 -0.6977
vn -0.3062 0.8569 -0.4146
vn -0.6105 0.5819 0.5373
vn -0.5862 0.5194 -0.6218
vn 0.0347 -0.9975 0.0619
vn 0.3910 0.6181 -0.6820
vn 0.3414 0.2630 -0.9024
vn 0.6475 0.2057 -0.7338
vn -0.5485 0.0538 -0.8344
vn -0.7296 -0.1314 0.6711
vn 0.7397 0.4736 -0.4781
vn 0.4486 0.2111 -0.8684
vn 0.5970 -0.1440 -0.7892
vn -0.1243 0.2559 -0.9587
vn 0.6781 0.5923 -0.4353
vn -0.1128 0.7184 -0.6865
vn -0.0864 0.8796 -0.4678
vn 0.3083 0.4808 -0.8208
vn 0.5084 0.5323 -0.6769
vn 0.7122 0.4247 -0.5589
vn -0.0031 0.8984 -0.4392
vn -0.0755 0.5489 -0.8325
vn 0.5164 0.5112 -0.6870
vn 0.2779 0.8112 -0.5145
vn 0.0347 -0.9984 0.0444
vn 0.4662 0.5962 -0.6536
vn 0.1216 0.7858 -0.6064
vn -0.0116 0.4726 -0.8812
vn 0.6761 -0.5807 0.4534
vn -0.0104 0.9251 -0.3795
vn -0.1752 0.9063 -0.3846
vn 0.6094 0.2481 -0.7530
vn 0.2984 0.5602 -0.7727
vn 0.4539 0.2842 -0.8445
vn 0.3858 0.4928 -0.7799
vn 0.7926 0.0105 -0.6096
vn 0.3855 0.7943 -0.4696
vn 0.1797 0.1106 -0.9775
vn 0.7582 -0.1164 -0.6415
vn 0.0468 0.9752 -0.2163
vn 0.0739 0.9670 -0.2440
vn 0.1178 0.5573 -0.8219
vn -0.0571 0.6327 -0.7723
vn -0.1551 0.7233 -0.6728
vn 0.0679 0.7179 -0.6929
vn 0.7000 0.4908 -0.5187
vn 0.0999 0.9899 0.1003
vn -0.8214 0.4819 -0.3049
vn 0.6913 0.6218 -0.3680
vn -0.2330 0.7072 -0.6675
vn 0.6395 0.5463 -0.5409
vn 0.4065 0.6077 -0.6822
vn 0.2876 0.7643 -0.5771
vn 0.2916 0.7180 -0.6321
vn 0.0198 -0.9992 0.0352
vn -0.0181 0.4014 -0.9157
vn -0.2899 0.1701 -0.9418
vn -0.0780 0.5198 -0.8507
vn 0.0304 -0.9994 0.0147
vn -0.1331 0.5531 -0.8224
vn -0.9428 -0.1120 -0.3139
vn -0.1173 0.7907 -0.6009
vn 0.4990 0.5078 -0.7022
vn 0.5880 0.5748 -0.5690
vn 0.2721 0.5611 -0.7817
vn 0.0405 0.5828 -0.8116
vn -0.6949 0.6228 -0.3594
vn -0.3944 0.2927 -0.8711
vn -0.3586 0.3418 -0.8687
vn 0.6875 0.1950 -0.6995
vn 0.0430 0.2002 -0.9788
vn 0.2756 0.3542 -0.8936
vn -0.3799 0.8724 -0.3077
vn -0.2556 0.5148 -0.8183
vn -0.6468 0.3259 -0.6895
vn 0.4204 0.4641 -0.7797
vn -0.1073 0.9428 -0.3155
vn -0.1419 0.8939 -0.4252
vn -0.2085 0.8908 -0.4037
vn 0.0449 0.5227 -0.8513
vn 0.6810 0.0275 -0.7318
vn 0.0049 0.4383 -0.8988
vn 0.0655 0.7805 -0.6217
vn -0.0507 0.4778 -0.8770
vn -0.0483 0.6952 -0.7172
vn -0.0233 0.6169 -0.7867
vn 0.3752 -0.6243 -0.6852
vn 0.4288 0.3145 -0.8469
vn 0.4145 0.4451 -0.7937
vn 0.1339 0.1472 -0.9800
vn 0.0214 0.6565 -0.7540
vn -0.3083 0.8077 -0.5025
vn -0.5137 -0.1560 -0.8437
vn -0.0970 -0.5214 -0.8478
vn 0.9578 -0.2700 -0.0990
vn 0.7631 0.0051 -0.6462
vn -0.3738 0.7283 -0.5743
vn 0.0468 0.5445 -0.8374
vn 0.2144 -0.7529 -0.6222
vn 0.0054 0.6975 -0.7166
vn -0.4833 0.7936 -0.3696
vn -0.1683 0.6488 -0.7421
vn 0.6520 -0.5937 -0.4717
vn -0.0196 0.4372 -0.8992
vn -0.4154 0.1588 0.8957
vn -0.0066 0.6768 -0.7362
vn 0.0494 0.5653 -0.8234
vn 0.0408 0.5455 -0.8371
vn 0.4835 0.2910 -0.8256
vn 0.4742 0.2589 -0.8415
vn 0.0747 0.4364 -0.8966
vn 0.5786 0.0077 -0.8156
vn 0.2506 0.6056 -0.7553
vn 0.5665 0.2679 -0.7793
vn -0.6738 -0.6813 -0.2860
vn 0.2238 0.9689 -0.1058
vn -0.0659 0.5934 -0.8022
vn 0.0124 0.9370 -0.3492
vn -0.0490 0.5835 -0.8106
vn 0.3540 -0.8899 0.2876
vn -0.0498 0.5510 -0.8330
vn 0.8899 -0.1203 -0.4401
vn 0.3000 0.4729 -0.8285
vn 0.2322 0.8025 -0.5496
vn -0.2655 -0.6564 -0.7062
vn -0.2497 0.8279 -0.5023
vn 0.1619 0.3325 -0.9291
vn 0.3620 0.8085 -0.4640
vn -0.1416 0.8963 -0.4202
vn 0.2288 0.2084 -0.9509
vn 0.7950 -0.2994 -0.5276
vn 0.6594 0.3056 -0.6869
vn -0.0351 0.8018 -0.5966
vn -0.0109 0.7978 -0.6029
vn 0.1405 0.6376 -0.7575
vn 0.7981 -0.0621 0.5993
vn 0.1701 0.0073 -0.9854
vn 0.0748 0.7942 -0.6031
vn 0.7499 0.3736 -0.5459
vn 0.0149 0.4368 -0.8994
vn -0.2282 0.7155 -0.6603
vn -0.2584 0.6226 -0.7387
vn -0.2296 0.5713 -0.7879
vn 0.7813 0.1595 -0.6035
vn -0.3114 0.9375 0.1552
vn -0.3603 0.4831 -0.7980
vn 0.0085 0.9233 -0.3839
vn 0.3828 0.8003 -0.4615
vn 0.1433 -0.2032 -0.9686
vn 0.3034 0.6458 -0.7006
vn -0.3789 0.6562 -0.6526
vn -0.1210 0.7934 -0.5965
vn 0.3968 0.4800 -0.7824
vn -0.1747 0.7743 -0.6083
vn 0.9066 0.4014 0.1301
vn 0.4359 0.8285 -0.3515
vn 0.1553 0.7793 -0.6071
vn 0.5212 0.2700 -0.8096
vn 0.2805 0.2450 -0.9281
vn 0.3082 0.4646 -0.8301
vn 0.0515 0.6418 -0.7652
vn -0.4575 0.6547 -0.6018
vn -0.3923 0.6520 -0.6488
vn 0.8024 0.5953 -0.0423
vn 0.3665 0.6730 -0.6425
vn 0.0968 0.7895 -0.6060
vn 0.6025 0.3551 -0.7148
vn 0.6068 0.3138 -0.7303
vn 0.6043 0.3075 -0.7350
vn -0.2046 0.6103 -0.7653
vn -0.5251 0.8193 -0.2303
vn 0.8110 0.4627 -0.3580
vn 0.4949 0.1889 -0.8482
vn 0.5298 0.3735 -0.7614
vn -0.1957 0.7590 -0.6210
vn -0.1995 0.7260 -0.6582
vn -0.1246 0.4196 -0.8991
vn 0.0939 0.6648 -0.7411
vn 0.0458 0.8408 -0.5394
vn 0.0061 0.5161 -0.8565
vn -0.2114 0.6068 -0.7663
vn -0.1884 0.7925 -0.5800
vn 0.7686 0.3783 -0.5159
vn 0.7677 0.3704 -0.5228
vn -0.1302 0.7492 -0.6494
vn 0.0637 0.4478 -0.8918
vn -0.0654 0.8267 -0.5588
vn -0.6541 0.5888 -0.4749
vn 0.8762 0.4175 -0.2407
vn -0.0229 0.8033 -0.5952
vn 0.5099 0.5383 -0.6710
vn -0.0227 0.8409 -0.5407
vn -0.1322 0.6832 -0.7182
vn -0.2549 0.9013 -0.3503
vn 0.0280 0.5153 -0.8566
vn -0.0558 0.5306 -0.8458
vn 0.5585 0.3129 -0.7682
vn -0.2648 0.8976 -0.3523
vn 0.0080 0.9135 -0.4067
vn 0.5386 0.2725 -0.7973
vn 0.7460 0.1751 -0.6425
vn -0.2551 0.6805 -0.6869
vn 0.8908 0.3996 -0.2163
vn 0.4428 0.8462 -0.2963
vn -0.0584 0.4383 -0.8969
vn 0.5483 0.6862 -0.4779
vn 0.0102 0.8342 -0.5514
vn -0.0257 0.7427 -0.6692
vn 0.0300 0.5960 -0.8024
vn 0.0157 0.3518 -0.9360
vn -0.0638 0.8255 -0.5609
vn -0.1969 0.9024 -0.3832
vn 0.1807 0.9021 -0.3918
vn 0.6284 0.1095 -0.7702
vn -0.6645 0.5581 -0.4970
vn 0.1139 0.9567 -0.2677
vn 0.1256 0.9234 -0.3627
vn 0.0158 0.8365 -0.5477
vn 0.0287 0.4385 -0.8983
vn 0.0405 0.4163 -0.9083
vn -0.4563 -0.5429 0.7050
vn -0.0167 0.5376 -0.8430
vn 0.7243 0.5740 -0.3820
vn -0.0174 0.8252 -0.5646
vn 0.0575 -0.1835 -0.9813
vn 0.4530 0.7439 -0.4913
vn 0.0013 0.1995 -0.9799
vn -0.0097 0.6736 -0.7390
vn -0.3639 -0.3052 0.8800
vn -0.0517 0.0854 -0.9950
vn 0.1602 0.9577 -0.2391
vn 0.1386 0.5968 -0.7903
vn 0.3903 -0.9017 -0.1860
vn 0.3157 -0.2036 0.9268
vn 0.1983 0.3771 -0.9047
vn 0.5535 0.4582 -0.6955
vn -0.1468 0.5528 -0.8203
vn 0.0787 0.6623 -0.7451
vn 0.0632 0.5325 -0.8440
vn 0.1758 0.4241 -0.8884
vn -0.1124 0.6627 -0.7404
vn 0.0921 0.8378 -0.5381
vn 0.5347 0.5213 -0.6650
vn 0.4360 0.8033 -0.4058
vn 0.5255 0.7613 -0.3798
vn 0.1424 0.7344 0.6636
vn 0.2048 0.8026 -0.5603
vn -0.0930 0.4488 -0.8888
vn 0.4003 0.2868 -0.8704
vn 0.0338 0.7982 -0.6015
vn 0.1397 0.6174 -0.7741
vn 0.3615 0.4577 -0.8123
vn 0.5938 0.5331 -0.6027
vn -0.2665 0.8884 -0.3737
vn 0.3224 0.3934 -0.8610
vn 0.6081 0.2987 -0.7355
vn -0.6324 -0.7746 -0.0099
vn -0.0080 0.7950 -0.6066
vn 0.6421 0.4700 -0.6057
vn 0.3060 0.2479 -0.9192
vn 0.3063 0.7362 -0.6035
vn -0.3027 0.8181 -0.4890
vn -0.5745 0.7787 -0.2521
vn 0.6477 0.4185 -0.6366
vn -0.6820 0.5674 -0.4615
vn 0.1433 0.7661 -0.6265
vn 0.1177 0.4155 -0.9019
vn 0.0773 0.8035 -0.5903
vn 0.4621 -0.8304 -0.3114
vn 0.2552 0.7325 -0.6312
vn -0.0307 0.5117 -0.8586
vn -0.0607 0.5699 -0.8195
vn -0.1184 0.4877 -0.8649
vn -0.0862 0.4071 -0.9093
vn -0.0752 0.8429 -0.5328
vn -0.1902 0.9110 -0.3659
vn 0.3864 0.3832 -0.8389
vn -0.0251 0.7890 -0.6139
vn -0.6395 0.3043 -0.7060
vn 0.5778 0.0788 -0.8124
vn 0.3315 0.3088 -0.8915
vn 0.2487 0.9167 -0.3128
vn 0.2545 0.9010 -0.3514
vn 0.3510 0.6880 -0.6352
vn 0.2618 0.6786 -0.6862
vn 0.3315 0.4791 -0.8128
vn 0.1776 0.6675 -0.7232
vn 0.1738 0.6823 -0.7101
vn -0.0444 0.6269 -0.7778
vn 0.3810 0.6879 -0.6178
vn -0.5196 0.6447 -0.5607
vn 0.0300 0.5899 -0.8070
vn 0.7090 0.5822 -0.3979
vn -0.2924 0.2043 -0.9342
vn 0.2518 0.9006 -0.3542
vn 0.0355 0.5679 -0.8224
vn 0.3529 0.5492 -0.7575
vn 0.0939 0.8650 -0.4930
vn 0.0253 0.6199 -0.7842
vn 0.3096 -0.9440 -0.1138
vn -0.6581 0.7388 -0.1448
vn -0.5657 -0.5348 -0.6277
vn 0.3639 0.8318 -0.4192
vn 0.3728 0.7403 -0.5594
vn 0.0402 0.3927 -0.9188
vn -0.5749 0.4221 -0.7009
vn -0.0266 0.9560 0.2922
vn 0.5211 0.1537 -0.8395
vn 0.2146 0.6489 -0.7300
vn -0.0944 0.2136 -0.9724
vn -0.0244 0.3211 -0.9467
vn -0.5814 0.1795 -0.7936
vn -0.5788 0.8064 0.1216
vn -0.6247 0.3437 -0.7012
vn -0.3628 0.1744 -0.9154
vn -0.4223 0.1334 -0.8966
vn -0.5063 0.4334 -0.7456
vn -0.6976 0.1623 -0.6978
vn -0.3738 0.5350 -0.7576
vn -0.4603 0.3984 -0.7934
vn -0.3807 -0.1245 -0.9163
vn 0.0323 0.8521 0.5223
vn 0.0832 -0.5833 -0.8080
vn -0.3800 -0.0881 -0.9208
vn -0.3963 -0.1077 -0.9118
vn 0.6495 -0.2309 -0.7245
vn -0.4401 0.0674 -0.8954
vn 0.5157 -0.1603 -0.8416
vn 0.5162 -0.1608 -0.8412
vn -0.1251 0.2689 -0.9550
vn -0.4592 0.1988 -0.8658
vn 0.3532 -0.0746 -0.9326
vn 0.1925 0.1251 -0.9733
vn -0.3199 0.4668 -0.8245
vn 0.4542 -0.3474 -0.8204
vn 0.4655 -0.4124 -0.7831
vn 0.0766 -0.6050 -0.7925
vn 0.6425 -0.0571 -0.7642
vn -0.4967 -0.3335 -0.8013
vn -0.3088 -0.3947 -0.8654
vn -0.3502 -0.7004 -0.6219
vn 0.0941 -0.8891 -0.4479
vn -0.8979 -0.0397 -0.4383
vn 0.3365 -0.1887 -0.9226
vn -0.6374 -0.1848 -0.7480
vn -0.6150 -0.1334 -0.7771
vn -0.3505 0.0986 -0.9313
vn -0.4320 -0.6467 -0.6286
vn -0.5758 0.0547 -0.8157
vn -0.5240 -0.6080 -0.5965
vn -0.5303 -0.6636 -0.5276
vn 0.3371 -0.6759 -0.6553
vn 0.2066 -0.4617 -0.8626
vn 0.2896 -0.5166 -0.8058
vn -0.1603 0.4102 -0.8978
vn -0.4823 -0.7157 -0.5052
vn -0.6225 -0.4311 -0.6531
vn -0.2439 0.2366 -0.9405
vn -0.3976 0.2693 -0.8771
vn -0.1070 0.4962 -0.8616
vn -0.5605 -0.2952 -0.7737
vn 0.0871 -0.1679 -0.9820
vn 0.0978 -0.1347 -0.9860
vn 0.0012 0.1553 -0.9879
vn 0.0287 0.1182 -0.9926
vn 0.1100 -0.9032 -0.4148
vn 0.1855 -0.8865 -0.4239
vn 0.0129 -0.5694 -0.8220
vn -0.0737 -0.3722 -0.9252
vn 0.0117 -0.9973 -0.0720
vn -0.7040 0.2884 -0.6490
vn -0.2525 0.4836 -0.8381
vn -0.0451 0.4471 -0.8933
vn 0.2303 0.2704 -0.9348
vn -0.1502 -0.0088 -0.9886
vn -0.2607 0.1641 -0.9514
vn -0.2663 0.1114 -0.9574
vn -0.4816 -0.3382 -0.8085
vn -0.5020 -0.2636 -0.8237
vn -0.1045 0.0414 -0.9937
vn 0.2279 0.1039 -0.9681
vn -0.5524 0.7077 -0.4404
vn -0.3564 -0.0162 -0.9342
vn -0.1477 -0.0891 -0.9850
vn 0.3560 -0.6234 -0.6962
vn -0.5338 0.1253 -0.8363
vn -0.1550 0.2740 -0.9492
vn -0.4958 -0.3375 -0.8002
vn -0.0329 -0.4283 -0.9031
vn 0.2707 0.2458 -0.9307
vn 0.2961 0.0690 -0.9527
vn -0.5285 0.1490 -0.8358
vn 0.2037 -0.5241 -0.8269
vn 0.1893 -0.4830 -0.8549
vn -0.7243 -0.6423 -0.2507
vn -0.4755 0.4017 -0.7826
vn 0.1049 0.0240 -0.9942
vn 0.0635 -0.1511 -0.9865
vn -0.3271 0.1953 -0.9246
vn -0.3927 0.2851 -0.8744
vn -0.2877 0.0878 -0.9537
vn 0.3478 0.1588 -0.9240
vn -0.2965 -0.0068 -0.9550
vn -0.3076 0.0684 -0.9490
vn -0.0314 -0.3349 -0.9417
vn -0.6841 -0.0408 -0.7283
vn -0.7224 -0.2663 -0.6382
vn -0.4258 0.0187 -0.9046
vn 0.0261 -0.1440 -0.9892
vn 0.0789 0.1595 -0.9840
vn 0.1337 -0.3207 -0.9377
vn -0.2607 0.3690 -0.8921
vn 0.0673 -0.5166 -0.8536
vn -0.2772 0.2528 -0.9270
vn 0.6609 0.0202 -0.7502
vn 0.0657 0.2886 -0.9552
vn 0.0586 0.0563 -0.9967
vn 0.0446 -0.0381 -0.9983
vn -0.3604 -0.1140 -0.9258
vn 0.0763 0.1881 -0.9792
vn 0.0962 -0.4282 -0.8985
vn 0.2786 -0.8878 -0.3662
vn -0.0936 0.4411 -0.8926
vn 0.0060 -0.1079 -0.9941
vn -0.4445 0.0486 -0.8945
vn 0.1627 -0.4575 -0.8742
vn 0.0443 -0.1015 -0.9938
vn -0.3749 0.0084 -0.9270
vn 0.0276 -0.3815 -0.9240
vn 0.4316 -0.0183 -0.9019
vn -0.0023 0.2011 -0.9796
vn 0.2203 -0.3012 -0.9278
vn -0.8766 -0.1684 -0.4507
vn -0.3544 0.1031 -0.9294
vn 0.5593 0.1618 -0.8130
vn -0.3161 -0.4182 -0.8516
vn -0.1138 -0.1066 -0.9878
vn -0.2435 -0.4754 -0.8454
vn -0.1845 -0.6903 -0.6996
vn -0.5311 0.2760 -0.8011
vn 0.0867 0.3498 -0.9328
vn -0.6983 -0.0584 -0.7135
vn -0.5735 -0.7833 -0.2401
vn 0.1143 -0.4355 -0.8929
vn -0.0401 -0.4727 -0.8803
vn 0.8201 0.4985 0.2808
vn -0.6903 -0.3838 -0.6134
vn -0.4667 -0.6697 -0.5777
vn -0.0360 -0.6097 -0.7918
vn -0.0782 -0.1507 0.9855
vn -0.2209 -0.1854 -0.9575
vn -0.2020 -0.7169 -0.6672
vn -0.2453 -0.7193 -0.6500
vn -0.1070 -0.1235 -0.9866
vn 0.6588 0.2522 -0.7087
vn 0.5827 0.0098 -0.8126
vn 0.0836 -0.9481 0.3067
vn -0.2542 -0.2606 -0.9314
vn 0.1032 -0.9938 0.0416
vn -0.3844 -0.1207 -0.9152
vn -0.2265 -0.8632 -0.4513
vn -0.1824 -0.3689 -0.9114
vn 0.6018 0.0523 -0.7969
vn -0.0798 -0.0760 -0.9939
vn -0.4315 -0.2979 -0.8515
vn -0.1364 -0.0286 -0.9902
vn 0.2942 -0.6848 -0.6667
vn 0.1540 -0.4656 -0.8715
vn -0.5370 -0.2251 -0.8130
vn 0.9809 -0.1762 -0.0830
vn -0.3857 -0.2289 -0.8938
vn 0.1176 0.2468 -0.9619
vn 0.0827 0.0812 -0.9933
vn -0.5202 -0.2317 -0.8220
vn 0.4541 -0.4454 -0.7716
vn 0.1463 0.3354 -0.9307
vn -0.1102 -0.0968 -0.9892
vn 0.6336 -0.5577 -0.5362
vn 0.0109 -0.9919 0.1267
vn 0.5813 0.0999 -0.8075
vn 0.5424 0.1270 -0.8304
vn -0.1815 -0.3686 -0.9117
vn 0.0270 0.1034 -0.9943
vn -0.2260 -0.1233 -0.9663
vn 0.6985 -0.2617 -0.6661
vn 0.4816 0.0657 -0.8739
vn -0.0139 0.2741 -0.9616
vn -0.4769 0.3513 -0.8057
vn -0.4954 -0.3378 -0.8003
vn -0.9876 0.1547 0.0249
vn 0.5095 -0.4982 -0.7016
vn 0.5772 -0.1575 -0.8013
vn -0.6933 0.4315 -0.5772
vn 0.7540 -0.1156 -0.6466
vn 0.6157 -0.0800 -0.7839
vn 0.2088 0.3955 -0.8944
vn -0.0485 0.1869 -0.9812
vn 0.0368 0.1373 -0.9898
vn -0.8320 -0.0210 -0.5544
vn -0.2286 -0.3423 -0.9113
vn -0.3613 -0.3067 -0.8806
vn 0.6229 -0.3994 -0.6727
vn 0.5111 -0.0260 -0.8591
vn 0.4438 0.0773 -0.8928
vn -0.4291 -0.5570 -0.7110
vn 0.0204 -0.0351 -0.9992
vn -0.0800 -0.2329 -0.9692
vn 0.4367 -0.5793 -0.6882
vn 0.6336 -0.4098 -0.6562
vn 0.5925 -0.1306 -0.7949
vn 0.5014 0.0878 -0.8607
vn 0.5329 -0.1881 -0.8250
vn 0.5336 -0.1887 -0.8244
vn 0.5397 -0.0204 -0.8416
vn 0.4971 0.0048 -0.8677
vn 0.4238 0.1541 -0.8926
vn 0.4152 0.0627 -0.9076
vn 0.0772 -0.2528 -0.9644
vn -0.0294 -0.9991 0.0321
vn -0.3119 -0.3661 -0.8767
vn -0.2371 -0.7244 -0.6474
vn -0.2011 0.2198 -0.9546
vn -0.2977 0.4287 -0.8530
vn 0.2722 -0.5842 -0.7646
vn 0.3284 -0.0777 -0.9413
vn 0.4525 0.0426 -0.8908
vn -0.3719 0.9249 -0.0789
vn -0.5776 -0.8030 -0.1466
vn -0.2942 0.3193 -0.9008
vn -0.0647 -0.5914 -0.8038
vn -0.7717 0.5613 -0.2990
vn -0.5308 0.0627 -0.8452
vn 0.0936 -0.5771 -0.8113
vn 0.3638 0.0384 -0.9307
vn 0.3517 0.0637 -0.9340
vn -0.2883 -0.1331 -0.9482
vn -0.0376 -0.2569 -0.9657
vn 0.1133 0.2042 -0.9723
vn -0.2228 0.3947 -0.8914
vn -0.5506 0.2604 -0.7931
vn 0.3633 -0.2029 -0.9093
vn 0.4039 0.0721 -0.9120
vn 0.6163 0.0880 -0.7826
vn -0.2262 0.0602 -0.9722
vn -0.1445 -0.4359 -0.8883
vn -0.0426 -0.3220 -0.9458
vn -0.4354 -0.3081 -0.8458
vn -0.6269 -0.7459 0.2250
vn -0.1854 -0.7984 -0.5729
vn 0.2937 -0.4424 -0.8474
vn -0.1513 -0.3947 -0.9062
vn 0.0447 -0.2602 -0.9645
vn 0.0156 -0.3146 -0.9491
vn 0.3106 -0.3458 -0.8854
vn 0.4478 0.0055 -0.8941
vn 0.5066 -0.3883 -0.7698
vn 0.3729 -0.1842 -0.9094
vn 0.3307 -0.1171 -0.9364
vn 0.4046 0.0190 -0.9143
vn -0.6392 0.4973 -0.5866
vn 0.4477 0.2425 -0.8607
vn 0.1243 0.2815 -0.9515
vn -0.0346 0.3618 -0.9316
vn -0.6885 -0.3895 -0.6118
vn -0.6551 -0.7547 -0.0362
vn -0.5567 0.1184 -0.8222
vn -0.1948 -0.5637 -0.8027
vn -0.1574 0.1183 -0.9804
vn 0.4777 -0.3854 -0.7895
vn 0.2695 -0.4400 -0.8566
vn 0.2334 0.0124 -0.9723
vn 0.3825 0.0712 -0.9212
vn -0.1773 -0.0602 -0.9823
vn -0.1790 0.3261 -0.9282
vn -0.1535 0.0452 -0.9871
vn -0.4944 -0.4124 -0.7652
vn 0.4934 -0.3704 -0.7870
vn 0.0513 -0.2830 -0.9578
vn 0.3658 -0.1389 -0.9203
vn 0.3588 0.1143 -0.9264
vn 0.4438 -0.0020 -0.8961
vn 0.4502 0.1109 -0.8860
vn 0.3986 0.0283 -0.9167
vn -0.4665 -0.1079 -0.8779
vn -0.3931 0.7446 -0.5395
vn -0.2524 0.3294 -0.9098
vn 0.0275 -0.9993 -0.0256
vn 0.2080 -0.3463 -0.9148
vn 0.1152 -0.4976 -0.8597
vn 0.3024 -0.2180 -0.9279
vn 0.2860 -0.0359 -0.9575
vn 0.2511 -0.2084 -0.9453
vn 0.4158 -0.7753 -0.4755
vn -0.9627 0.1859 -0.1967
vn 0.6124 0.0930 -0.7851
vn 0.0853 -0.0458 -0.9953
vn 0.1845 -0.5746 -0.7974
vn 0.3369 -0.3583 -0.8707
vn 0.2976 -0.0637 -0.9526
vn 0.3707 -0.7266 -0.5784
vn 0.2748 -0.0556 -0.9599
vn 0.3856 0.0864 -0.9186
vn 0.4232 -0.0387 -0.9052
vn -0.0795 0.4398 -0.8946
vn -0.1306 0.1206 -0.9841
vn -0.2586 0.3147 -0.9133
vn 0.5335 -0.8414 0.0862
vn 0.0615 -0.4239 -0.9036
vn 0.3346 -0.0803 -0.9389
vn 0.0442 -0.3486 -0.9362
vn -0.0520 0.3735 -0.9262
vn -0.6667 0.2225 -0.7113
vn 0.1930 -0.1542 -0.9690
vn -0.0088 -0.2950 -0.9555
vn 0.2928 0.0326 -0.9556
vn 0.2472 -0.3823 -0.8904
vn 0.2390 -0.3343 -0.9116
vn 0.5888 -0.3515 -0.7279
vn 0.3326 0.0796 -0.9397
vn 0.5807 0.0001 -0.8141
vn 0.4222 0.1271 -0.8976
vn 0.3944 0.0277 -0.9185
vn -0.1783 0.0673 -0.9817
vn -0.0516 -0.0810 -0.9954
vn -0.2691 0.0603 -0.9612
vn -0.3502 -0.3648 0.8627
vn -0.4349 0.2572 -0.8630
vn 0.1697 0.1946 -0.9661
vn 0.4180 -0.6885 -0.5927
vn -0.6065 0.2661 -0.7493
vn 0.3746 0.2356 -0.8967
vn 0.1535 -0.3580 -0.9210
vn 0.1554 -0.1542 -0.9757
vn 0.4760 0.0524 -0.8779
vn 0.4594 0.1538 -0.8748
vn 0.3807 0.0530 -0.9232
vn 0.0034 -0.9996 0.0270
vn -0.4699 -0.1220 -0.8743
vn -0.3995 0.0088 -0.9167
vn -0.2534 -0.3058 -0.9177
vn 0.1809 0.1077 -0.9776
vn 0.0939 -0.8804 -0.4649
vn -0.2936 0.1427 -0.9452
vn -0.4949 0.3311 -0.8034
vn -0.2856 -0.2932 -0.9124
vn -0.4636 0.3142 -0.8285
vn 0.1846 -0.0150 -0.9827
vn 0.0533 -0.5391 -0.8405
vn 0.1578 -0.3631 -0.9183
vn 0.1963 -0.0499 -0.9793
vn 0.2981 -0.1572 -0.9415
vn 0.2788 0.0237 -0.9601
vn 0.2549 -0.0026 -0.9670
vn -0.3425 0.3278 -0.8804
vn -0.3120 0.2324 -0.9212
vn -0.4287 0.3296 -0.8412
vn 0.0805 0.2846 -0.9553
vn -0.0875 0.4740 -0.8762
vn -0.2860 0.2130 -0.9343
vn 0.2678 -0.4619 -0.8455
vn 0.1675 -0.3317 -0.9284
vn -0.1777 -0.3059 -0.9354
vn 0.1223 0.1252 -0.9846
vn 0.1210 0.0796 -0.9894
vn -0.5818 0.0307 -0.8128
vn -0.1143 -0.9752 -0.1895
vn 0.5817 -0.4735 -0.6613
vn -0.3567 -0.2436 -0.9019
vn 0.1779 -0.0241 -0.9837
vn 0.3821 -0.2842 -0.8793
vn 0.2310 0.0448 -0.9719
vn 0.3255 0.1564 -0.9325
vn -0.3053 -0.2024 -0.9305
vn 0.3009 0.2752 -0.9131
vn -0.2945 -0.1957 -0.9354
vn -0.3201 -0.2798 -0.9051
vn 0.3701 -0.2370 -0.8983
vn 0.1721 -0.3591 -0.9173
vn 0.1709 -0.2343 -0.9570
vn 0.1615 -0.0016 -0.9869
vn 0.3222 0.1778 -0.9298
vn -0.6983 0.1876 -0.6908
vn 0.1233 0.2460 -0.9614
vn -0.2406 -0.2748 -0.9309
vn -0.1714 -0.0697 -0.9827
vn -0.7935 -0.2554 -0.5523
vn 0.2782 -0.2465 -0.9283
vn 0.2557 0.0106 -0.9667
vn 0.1155 -0.3567 -0.9271
vn 0.3021 -0.2022 -0.9316
vn 0.3748 -0.2920 -0.8799
vn 0.0243 0.1197 -0.9925
vn 0.0710 0.1511 -0.9860
vn -0.1011 0.5699 -0.8155
vn -0.6240 -0.0537 -0.7796
vn -0.8881 -0.0604 -0.4557
vn 0.0629 -0.3493 -0.9349
vn 0.1397 -0.7294 -0.6697
vn 0.2610 0.0244 -0.9650
vn 0.2668 0.0620 -0.9617
vn 0.1241 -0.7134 -0.6897
vn 0.1248 -0.6701 -0.7317
vn 0.2409 -0.2724 -0.9315
vn 0.2786 -0.2256 -0.9335
vn 0.2206 -0.1484 -0.9640
vn 0.2578 0.0213 -0.9660
vn 0.1377 -0.4476 -0.8836
vn -0.3928 0.0528 -0.9181
vn 0.1398 -0.1436 -0.9797
vn 0.1555 -0.7005 -0.6965
vn 0.1728 -0.3550 -0.9187
vn 0.1276 -0.3626 -0.9232
vn 0.1749 -0.2392 -0.9551
vn 0.6021 -0.0858 -0.7938
vn -0.5839 0.0325 -0.8112
vn 0.4391 -0.5815 -0.6849
vn 0.1705 0.1634 -0.9717
vn -0.1903 -0.3966 -0.8981
vn -0.2412 0.1868 -0.9523
vn 0.0863 -0.5367 -0.8394
vn 0.1101 -0.2427 -0.9638
vn 0.1876 0.1437 -0.9717
vn 0.2429 -0.2282 -0.9428
vn 0.1840 -0.0544 -0.9814
vn 0.3568 0.1709 -0.9184
vn 0.2090 0.3395 -0.9171
vn 0.4054 0.1210 -0.9061
vn 0.1259 0.3580 -0.9252
vn 0.1373 -0.0107 -0.9905
vn 0.1392 -0.0022 -0.9903
vn 0.1210 -0.2992 -0.9465
vn 0.2765 -0.3160 -0.9076
vn 0.2656 -0.1283 -0.9555
vn 0.3888 0.2700 -0.8809
vn -0.2875 -0.2370 -0.9280
vn -0.3127 -0.3475 -0.8840
vn -0.7500 0.1180 -0.6509
vn 0.1162 -0.4444 -0.8883
vn 0.1381 -0.1553 -0.9782
vn 0.2175 -0.0007 -0.9761
vn 0.1442 -0.2833 -0.9481
vn 0.3248 -0.1126 -0.9391
vn 0.3204 -0.0640 -0.9451
vn 0.2534 0.1685 -0.9526
vn -0.6226 0.1480 -0.7684
vn 0.1346 -0.2482 -0.9593
vn -0.5741 0.1926 -0.7958
vn 0.2355 -0.1863 -0.9538
vn -0.2774 0.3493 -0.8950
vn -0.2258 0.4765 -0.8497
vn -0.5129 -0.0799 -0.8547
vn -0.4983 -0.0420 -0.8660
vn -0.1577 0.1495 -0.9761
vn 0.1265 -0.1053 -0.9864
vn 0.0843 -0.7234 -0.6853
vn 0.0303 -0.3403 -0.9398
vn 0.1966 -0.3354 -0.9213
vn 0.2210 -0.2254 -0.9489
vn 0.2386 -0.2221 -0.9454
vn 0.2155 -0.1968 -0.9565
vn 0.8239 -0.5350 -0.1871
vn 0.1700 0.3453 -0.9230
vn -0.6228 -0.1899 -0.7590
vn -0.0157 -0.9732 0.2293
vn -0.3813 -0.3201 -0.8673
vn 0.1178 -0.7936 -0.5969
vn 0.0582 -0.5909 -0.8046
vn 0.1303 -0.7069 -0.6952
vn 0.1057 -0.4098 -0.9060
vn 0.1846 -0.1800 -0.9662
vn 0.1663 0.1055 -0.9804
vn 0.2978 0.2639 -0.9174
vn -0.1817 0.2398 -0.9537
vn -0.0193 0.2543 -0.9669
vn 0.2013 -0.2584 -0.9448
vn 0.2203 -0.1736 -0.9599
vn 0.2197 0.1779 -0.9592
vn 0.1671 0.3385 -0.9260
vn -0.4353 0.0239 -0.9000
vn -0.5823 -0.1102 -0.8055
vn 0.1307 -0.4606 -0.8779
vn 0.1988 -0.2622 -0.9443
vn 0.0129 -0.3741 -0.9273
vn 0.0889 -0.1245 -0.9882
vn 0.1228 -0.0232 -0.9922
vn -0.5254 -0.2385 -0.8167
vn -0.0521 0.1436 -0.9883
vn -0.6805 -0.3647 -0.6355
vn -0.4309 -0.2648 -0.8627
vn -0.3510 0.4513 -0.8204
vn -0.8906 0.1678 -0.4226
vn -0.3273 0.5254 -0.7854
vn -0.0077 -0.2991 -0.9542
vn 0.1531 -0.0871 -0.9844
vn 0.3286 -0.1690 -0.9292
vn 0.3615 -0.2608 -0.8952
vn 0.1830 -0.1853 -0.9655
vn 0.1951 -0.8052 -0.5599
vn -0.5938 0.1657 -0.7873
vn -0.2233 0.1764 -0.9587
vn 0.1291 -0.2636 -0.9560
vn 0.1147 -0.0356 -0.9928
vn 0.1998 -0.1938 -0.9605
vn 0.1683 -0.0044 -0.9857
vn 0.1257 -0.1143 -0.9855
vn 0.1492 -0.0558 -0.9872
vn 0.1483 0.0364 -0.9883
vn -0.4789 -0.6904 -0.5421
vn -0.0313 -0.0213 -0.9993
vn -0.4914 -0.4366 -0.7536
vn 0.3030 0.2767 -0.9119
vn -0.0161 -0.5347 -0.8449
vn 0.2548 -0.3249 -0.9108
vn 0.1170 -0.0811 -0.9898
vn -0.2398 0.2402 -0.9406
vn 0.3916 0.8644 -0.3153
vn -0.9284 0.3109 -0.2035
vn -0.9211 0.1825 -0.3440
vn -0.3741 0.1654 -0.9125
vn 0.1732 -0.2763 -0.9453
vn 0.1458 0.2278 -0.9627
vn 0.2594 -0.1943 -0.9460
vn 0.3436 -0.2604 -0.9023
vn 0.9204 -0.3577 -0.1582
vn -0.3621 0.0938 -0.9274
vn 0.6177 -0.1475 -0.7724
vn 0.0066 -0.1077 -0.9942
vn 0.4434 -0.8567 -0.2636
vn -0.1266 -0.5798 0.8049
vn -0.8422 0.0695 -0.5347
vn -0.4915 -0.3772 -0.7850
vn -0.5590 -0.2534 -0.7895
vn 0.0025 -0.2182 -0.9759
vn 0.2146 -0.1803 -0.9599
vn 0.1639 -0.1016 -0.9812
vn -0.0334 -0.8032 -0.5947
vn 0.1626 -0.2574 -0.9525
vn -0.0508 -0.6109 -0.7900
vn 0.0472 -0.4007 -0.9150
vn 0.1821 -0.2521 -0.9504
vn 0.2017 -0.2845 -0.9372
vn 0.0684 0.0916 -0.9934
vn 0.7822 0.5253 -0.3349
vn -0.3756 0.5613 -0.7375
vn 0.0687 -0.1051 0.9921
vn -0.0189 0.3323 -0.9430
vn -0.4297 0.3255 -0.8423
vn -0.0928 0.4646 -0.8807
vn 0.7719 -0.5965 0.2198
vn 0.5263 0.2384 -0.8162
vn 0.1833 0.0012 -0.9830
vn 0.3610 -0.2267 -0.9046
vn 0.1785 -0.0738 -0.9812
vn 0.1719 -0.0902 -0.9810
vn 0.2039 0.0308 -0.9785
vn 0.1892 -0.1314 -0.9731
vn -0.9499 0.0166 -0.3122
vn -0.1421 -0.0169 -0.9897
vn -0.5430 0.2769 -0.7927
vn -0.3837 -0.7368 -0.5568
vn -0.0660 -0.9941 -0.0866
vn -0.4784 -0.1056 -0.8717
vn 0.7197 -0.6573 0.2238
vn -0.5419 -0.4811 -0.6891
vn -0.4379 -0.0816 -0.8953
vn -0.7352 -0.1519 -0.6606
vn -0.6555 -0.1785 0.7338
vn -0.0875 -0.5345 -0.8406
vn -0.0841 -0.5079 -0.8573
vn -0.1519 -0.3433 -0.9269
vn -0.0180 -0.3697 -0.9290
vn -0.0378 -0.4108 -0.9109
vn 0.1070 0.1219 -0.9868
vn -0.3666 -0.0944 -0.9256
vn -0.3088 0.1833 -0.9333
vn -0.0563 0.2666 -0.9621
vn -0.5873 0.0656 -0.8067
vn -0.3428 0.1558 -0.9264
vn -0.7873 0.1173 -0.6053
vn 0.3021 -0.7727 0.5583
vn 0.4966 0.1510 -0.8547
vn -0.7792 -0.2536 -0.5731
vn 0.0590 -0.1795 -0.9820
vn 0.0680 -0.1491 -0.9865
vn -0.2272 0.3128 -0.9222
vn -0.4549 -0.2929 -0.8410
vn -0.1114 0.3715 -0.9217
vn -0.7251 -0.0836 -0.6835
vn 0.3092 -0.7952 0.5216
vn -0.5991 -0.2338 -0.7658
vn 0.1860 -0.2271 -0.9559
vn -0.2061 -0.4136 -0.8868
vn -0.2074 -0.4145 -0.8861
vn 0.0718 -0.1736 -0.9822
vn 0.0441 0.1330 -0.9901
vn -0.4390 -0.7199 -0.5376
vn -0.7970 0.2463 -0.5515
vn -0.2767 0.0206 -0.9607
vn 0.2805 -0.9098 -0.3059
vn -0.5240 -0.1264 -0.8423
vn -0.6391 0.0122 -0.7690
vn -0.5206 0.4260 -0.7399
vn -0.1012 -0.3426 -0.9340
vn -0.1009 0.2628 -0.9596
vn -0.1063 0.3241 -0.9400
vn -0.2828 -0.6903 -0.6659
vn -0.4256 -0.0872 -0.9007
vn -0.7362 0.3333 -0.5889
vn -0.2706 -0.7429 -0.6122
vn -0.5145 -0.5314 -0.6730
vn -0.4054 -0.4237 -0.8101
vn -0.0246 -0.1007 -0.9946
vn -0.2852 -0.2723 -0.9190
vn -0.2096 -0.5200 -0.8281
vn -0.2719 -0.0270 -0.9619
vn 0.0266 0.1130 -0.9932
vn 0.0581 -0.4358 -0.8982
vn 0.0067 -0.9975 0.0696
vn -0.3904 0.1338 -0.9109
vn -0.0168 -0.1021 -0.9946
vn -0.1522 -0.5517 -0.8200
vn -0.3128 -0.3625 -0.8779
vn -0.2916 -0.1854 -0.9384
vn 0.0926 0.0751 -0.9929
vn 0.1025 -0.0229 -0.9945
vn 0.0368 0.3026 -0.9524
vn -0.6208 -0.6621 0.4198
vn 0.6440 -0.5224 -0.5589
vn 0.6588 -0.5584 -0.5041
vn -0.6639 -0.5390 0.5183
vn -0.1712 -0.5198 -0.8369
vn -0.5013 -0.3659 -0.7841
vn 0.1871 0.0019 -0.9823
vn -0.2806 -0.3184 -0.9055
vn -0.2936 -0.3471 -0.8907
vn -0.7814 -0.3321 -0.5283
vn 0.0983 -0.4430 -0.8911
vn -0.1976 -0.6302 -0.7508
vn -0.7914 0.4841 -0.3733
vn -0.6559 0.3694 -0.6583
vn -0.6354 0.0057 -0.7722
vn -0.4212 0.0369 -0.9062
vn 0.1886 0.0095 -0.9820
vn 0.1075 0.3206 -0.9411
vn 0.0569 -0.0196 -0.9982
vn -0.1945 -0.2941 -0.9358
vn -0.1871 -0.1548 -0.9701
vn -0.1098 -0.0868 -0.9902
vn -0.2179 0.0117 -0.9759
vn -0.1612 0.0497 -0.9857
vn -0.2042 0.1810 -0.9621
vn -0.3939 0.1229 -0.9109
vn -0.4425 -0.6302 -0.6380
vn -0.6599 0.2733 -0.6999
vn -0.7506 0.6458 -0.1397
vn 0.1232 0.2805 -0.9519
vn 0.2256 -0.1325 -0.9652
vn -0.4741 -0.3726 -0.7977
vn -0.0805 0.8584 0.5066
vn 0.2647 0.2736 -0.9247
vn 0.0423 0.2886 -0.9565
vn -0.6464 0.1711 -0.7436
vn 0.3507 0.1199 -0.9288
vn -0.1767 0.5694 -0.8028
vn -0.5391 -0.3111 -0.7827
vn -0.5300 -0.3583 -0.7686
vn -0.6416 -0.2624 -0.7208
vn -0.5714 -0.4044 -0.7141
vn -0.5118 -0.3197 -0.7974
vn 0.0174 0.2422 -0.9701
vn -0.0348 0.3174 -0.9476
vn 0.0301 0.3012 -0.9531
vn -0.2781 -0.3697 -0.8866
vn -0.2892 -0.3099 -0.9057
vn -0.0311 -0.5582 0.8291
vn -0.2269 -0.8880 0.4000
vn -0.3694 -0.1281 -0.9204
vn -0.2749 0.7944 -0.5417
vn -0.7980 0.5568 -0.2303
vn -0.5691 -0.2066 -0.7959
vn -0.4754 -0.0930 -0.8748
vn -0.3132 0.2234 -0.9230
vn -0.3351 0.3088 -0.8902
vn -0.8161 -0.5498 -0.1780
vn -0.3770 0.5559 -0.7409
vn -0.1303 0.2092 -0.9691
vn 0.2845 0.1499 0.9469
vn -0.7350 -0.3258 -0.5946
vn 0.0283 -0.9993 -0.0259
vn -0.0165 -0.6582 -0.7527
vn -0.1191 -0.4735 -0.8727
vn -0.2492 -0.2748 -0.9286
vn -0.4956 -0.0228 -0.8683
vn -0.6632 0.2335 -0.7111
vn -0.5037 0.0172 -0.8637
vn -0.5743 0.2042 -0.7927
vn -0.3337 -0.1108 -0.9362
vn -0.4754 -0.0931 -0.8748
vn -0.2107 -0.4689 -0.8577
vn -0.0816 -0.0355 -0.9960
vn 0.0346 -0.2635 -0.9640
vn -0.0927 -0.9013 0.4231
vn -0.5213 -0.1505 -0.8400
vn 0.0722 0.2125 -0.9745
vn -0.1491 0.3216 -0.9351
vn -0.3913 0.0117 -0.9202
vn -0.4074 0.0875 -0.9090
vn -0.3979 0.3525 -0.8470
vn -0.4314 0.0680 -0.8996
vn -0.1442 0.1507 -0.9780
vn -0.0707 -0.9970 0.0328
vn -0.0057 -1.0000 0.0055
vn 0.0141 -0.9992 0.0373
vn -0.0105 -0.9986 0.0516
vn 0.1710 -0.0779 0.9822
vn -0.1072 -0.9940 -0.0239
vn 0.0058 -0.9761 0.2174
vn 0.1310 -0.9787 -0.1578
vn 0.4837 -0.8752 0.0076
vn -0.5784 -0.7567 0.3047
vn -0.1871 -0.9803 0.0638
vn 0.4067 -0.8939 0.1882
vn -0.6305 -0.7612 0.1519
vn -0.0301 -0.9962 0.0813
vn 0.0221 -0.9996 -0.0167
vn -0.1307 -0.5756 0.8072
vn -0.4022 -0.8846 -0.2362
vn -0.4430 -0.7826 -0.4374
vn 0.1671 -0.8357 0.5232
vn -0.3892 -0.6902 -0.6100
vn -0.9243 -0.1278 -0.3595
vn 0.0659 -0.9961 0.0592
vn 0.0367 -0.9983 0.0449
vn -0.2620 -0.2305 0.9371
vn -0.1874 -0.9119 -0.3652
vn -0.6739 -0.7220 0.1565
vn -0.3060 -0.4619 0.8325
vn 0.8271 -0.5218 -0.2088
vn 0.4464 -0.8281 0.3391
vn 0.0072 -0.9729 -0.2311
vn -0.0143 -0.9984 0.0553
vn -0.4259 -0.8974 -0.1154
vn -0.1484 -0.9768 -0.1544
vn -0.4515 -0.7701 0.4507
vn 0.1933 -0.9695 -0.1505
vn 0.0828 -0.9960 -0.0338
vn -0.6303 -0.7721 -0.0815
vn 0.5348 -0.7094 0.4591
vn -0.0572 -0.5836 -0.8100
vn 0.1652 -0.8305 0.5319
vn 0.1070 -0.9941 0.0197
vn 0.1748 -0.9157 -0.3618
vn 0.0252 -0.9995 -0.0214
vn -0.9415 -0.1169 -0.3160
vn 0.0152 -0.8421 0.5391
vn 0.0351 -0.9967 0.0731
vn -0.0515 -0.9977 0.0442
vn 0.3148 -0.1058 0.9432
vn -0.5990 -0.7000 0.3888
vn -0.0028 -0.9984 0.0572
vn -0.7616 -0.5910 0.2661
vn -0.4982 -0.8658 0.0475
vn -0.6461 -0.7567 0.0993
vn 0.0328 -0.9993 0.0199
vn 0.1638 -0.0488 0.9853
vn -0.3088 -0.1873 0.9325
vn -0.6639 -0.6935 0.2797
vn 0.0023 -0.7209 -0.6930
vn 0.1275 0.7103 0.6922
vn 0.7696 0.1468 -0.6215
vn -0.6395 -0.7368 0.2195
vn 0.1517 -0.9780 0.1432
vn 0.2653 -0.7785 0.5689
vn 0.2782 -0.8019 0.5288
vn 0.1154 -0.8955 0.4299
vn 0.0992 -0.8686 0.4855
vn -0.1824 -0.9813 0.0609
vn 0.1680 -0.8291 0.5332
vn 0.0608 -0.9963 0.0614
vn 0.3233 -0.9414 0.0960
vn -0.6394 -0.7628 0.0962
vn 0.1601 -0.9760 -0.1473
vn 0.1003 -0.9943 0.0368
vn 0.0742 -0.9958 0.0532
vn -0.7312 -0.5683 0.3773
vn 0.1097 -0.9835 0.1439
vn 0.3047 -0.9411 0.1467
vn -0.3438 -0.8821 0.3221
vn -0.6601 -0.7241 0.1999
vn -0.6690 -0.7327 0.1248
vn -0.7673 -0.5972 -0.2335
vn 0.2157 -0.9735 0.0767
vn 0.2190 -0.9676 0.1258
vn 0.0515 -0.9967 -0.0625
vn 0.3351 -0.7661 0.5485
vn -0.9547 -0.2618 -0.1413
vn -0.7789 -0.5879 -0.2183
vn 0.3990 -0.7696 0.4985
vn 0.2409 -0.0054 0.9705
vn -0.0054 -0.9985 -0.0551
vn -0.6270 -0.7676 0.1331
vn -0.8261 -0.5619 0.0429
vn -0.3868 -0.9092 -0.1542
vn -0.5807 -0.6664 -0.4677
vn -0.6143 -0.6830 -0.3952
vn -0.5422 -0.7549 0.3689
vn -0.6327 -0.6961 -0.3392
vn -0.5365 -0.8044 0.2550
vn -0.5520 -0.8338 -0.0081
vn -0.4657 -0.8606 -0.2062
vn -0.4573 -0.8635 -0.2126
vn 0.1102 -0.8974 0.4273
vn -0.6613 -0.7427 -0.1054
vn -0.0257 -0.9985 -0.0483
vn 0.0286 -0.9995 -0.0103
vn -0.4646 -0.8644 -0.1923
vn -0.6083 -0.7888 -0.0876
vn 0.3370 -0.9212 0.1943
vn 0.4984 -0.8609 0.1018
vn 0.0936 -0.8789 0.4678
vn -0.0149 -0.9993 -0.0342
vn -0.1415 -0.9601 0.2413
vn -0.0555 -0.9968 -0.0568
vn 0.1072 -0.9894 -0.0980
vn 0.0736 -0.9956 -0.0578
vn -0.5663 -0.8089 0.1581
vn -0.6287 -0.7468 0.2168
vn -0.3884 -0.6801 0.6218
vn 0.8493 0.4027 0.3414
vn -0.0582 -0.9741 0.2186
vn -0.5649 -0.6121 0.5535
vn -0.6411 -0.7109 0.2893
vn 0.0243 -0.9997 -0.0057
vn 0.3472 -0.8918 0.2900
vn 0.2557 -0.8466 0.4667
vn 0.0282 -0.9993 -0.0230
vn -0.1370 -0.5762 0.8057
vn -0.1743 -0.2069 0.9627
vn -0.2886 -0.9563 -0.0478
vn -0.4254 -0.8912 0.1574
vn 0.0364 -0.9962 0.0792
vn 0.0293 -0.9992 -0.0270
vn 0.0283 -0.9994 0.0188
vn -0.5073 -0.6574 0.5572
vn -0.5500 -0.3160 0.7731
vn -0.0325 -0.7952 0.6055
vn -0.5339 0.8451 0.0273
vn -0.5943 -0.3768 0.7105
vn -0.3490 -0.9148 -0.2033
vn 0.0871 -0.7128 -0.6960
vn 0.3398 -0.9074 0.2474
vn 0.2709 -0.8853 -0.3780
vn -0.0618 0.7135 0.6979
vn 0.1189 0.4602 0.8798
vn -0.7128 -0.6797 0.1732
vn -0.1943 -0.1986 0.9606
vn -0.8339 -0.4796 0.2731
vn -0.0219 -0.9840 0.1770
vn -0.3440 -0.8339 0.4317
vn 0.0115 -0.9999 -0.0067
vn -0.3519 -0.9353 0.0362
vn -0.2944 -0.9545 -0.0467
vn -0.3063 -0.9069 0.2894
vn -0.5141 -0.6558 0.5529
vn -0.4712 -0.4955 0.7297
vn -0.4593 -0.7187 0.5219
vn 0.2876 -0.9193 -0.2685
vn -0.0369 -0.9924 0.1176
vn -0.9735 -0.1719 -0.1510
vn 0.7117 0.3256 -0.6225
vn -0.3861 -0.4104 0.8261
vn -0.1221 -0.6435 0.7556
vn 0.0314 -0.9988 0.0379
vn -0.3820 -0.7764 0.5013
vn 0.3464 -0.9079 0.2362
vn 0.5235 0.3733 0.7659
vn 0.2401 -0.5406 0.8063
vn 0.2555 -0.6398 0.7248
vn -0.0394 -0.9517 0.3045
vn -0.1309 -0.5765 0.8066
vn -0.5529 -0.6102 0.5674
vn 0.0269 -0.9994 -0.0206
vn -0.0210 -0.9784 0.2059
vn -0.6097 -0.7575 0.2333
vn 0.3998 -0.7081 0.5820
vn -0.8153 -0.4351 0.3821
vn -0.7718 -0.6286 -0.0952
vn -0.1135 -0.6668 0.7366
vn 0.0051 -0.9980 0.0635
vn -0.2132 -0.9641 0.1583
vn -0.2636 -0.9247 0.2746
vn -0.2438 -0.4905 0.8366
vn -0.8039 -0.5727 -0.1606
vn 0.2291 -0.9525 0.2008
vn 0.3532 -0.8681 0.3489
vn 0.4652 -0.8728 -0.1477
vn 0.3359 -0.1582 0.9285
vn -0.7965 -0.0021 0.6047
vn -0.7483 -0.5028 0.4327
vn -0.0797 -0.7372 0.6709
vn -0.0722 -0.5789 0.8122
vn 0.7017 -0.6925 -0.1676
vn -0.0052 -0.9975 0.0711
vn 0.0114 -0.9998 -0.0157
vn 0.5950 -0.7743 0.2154
vn 0.3441 -0.2090 0.9154
vn -0.7832 -0.6217 -0.0114
vn -0.6950 -0.6996 -0.1660
vn -0.6741 -0.7131 0.1929
vn -0.6864 -0.6804 0.2567
vn 0.0432 -0.9990 -0.0144
vn -0.2542 -0.8370 0.4845
vn -0.3149 -0.9480 0.0472
vn -0.2882 -0.9371 0.1968
vn -0.6005 -0.7299 -0.3266
vn 0.0797 -0.9950 0.0595
vn 0.4877 0.5647 0.6658
vn -0.6384 -0.7646 0.0889
vn -0.8087 -0.5664 0.1586
vn 0.0211 -0.9989 0.0413
vn -0.5752 -0.6170 0.5371
vn -0.0762 -0.9113 0.4046
vn 0.4465 -0.8568 0.2578
vn 0.5089 -0.7129 0.4825
vn -0.7733 -0.5783 0.2600
vn -0.7760 -0.5496 0.3095
vn -0.6638 -0.0227 0.7476
vn 0.0777 -0.9254 0.3709
vn -0.4316 -0.4570 0.7777
vn -0.4292 -0.4669 0.7732
vn 0.0174 -0.9998 0.0133
vn -0.5415 -0.7887 0.2911
vn 0.6898 -0.6886 0.2239
vn -0.7031 -0.7054 -0.0898
vn -0.6876 -0.7261 0.0065
vn -0.7426 -0.6672 0.0579
vn -0.0541 -0.9918 -0.1161
vn -0.9111 -0.2391 0.3357
vn -0.8345 -0.1454 0.5315
vn -0.1631 -0.8672 0.4704
vn -0.2175 -0.7363 0.6408
vn 0.0154 -0.9998 0.0128
vn -0.5175 -0.8554 -0.0216
vn -0.3170 -0.9472 -0.0487
vn -0.6033 -0.7639 -0.2291
vn -0.6878 -0.7259 0.0069
vn 0.4349 -0.9001 0.0269
vn 0.2358 -0.9706 -0.0489
vn -0.5862 -0.2099 -0.7825
vn 0.0483 -0.9414 0.3339
vn -0.6433 -0.7508 0.1498
vn -0.1652 -0.8784 0.4484
vn -0.7233 -0.6833 0.0998
vn -0.0370 -0.9966 -0.0732
vn -0.4378 -0.5697 0.6955
vn -0.4004 -0.8879 -0.2268
vn -0.6172 -0.7438 0.2567
vn -0.6079 -0.7631 0.2195
vn -0.6535 -0.7101 0.2621
vn 0.1325 0.3098 -0.9415
vn 0.4479 -0.8657 0.2235
vn 0.5115 -0.8457 0.1526
vn -0.4260 -0.8935 0.1421
vn 0.0004 -0.9452 0.3265
vn -0.2680 -0.7628 0.5885
vn -0.7959 0.2816 0.5360
vn -0.8253 -0.5595 -0.0767
vn -0.3976 -0.8904 -0.2217
vn -0.4026 -0.8940 -0.1967
vn -0.4399 -0.8784 -0.1869
vn -0.6882 -0.7255 0.0065
vn -0.5764 -0.8071 0.1276
vn -0.6451 -0.6484 0.4043
vn -0.6914 -0.5856 0.4231
vn -0.6794 -0.5164 0.5213
vn -0.5742 -0.7633 -0.2960
vn -0.4213 0.7816 0.4600
vn -0.2808 -0.9531 -0.1130
vn -0.6814 -0.5877 -0.4362
vn -0.5710 -0.8186 0.0611
vn -0.5975 -0.8015 0.0248
vn -0.5943 -0.7918 0.1406
vn -0.0399 -0.9979 0.0519
vn -0.4548 -0.8629 -0.2206
vn 0.2513 -0.9348 0.2510
vn 0.0665 -0.8856 0.4597
vn -0.0731 -0.7961 0.6007
vn 0.8559 -0.0750 -0.5117
vn -0.3109 -0.9504 -0.0130
vn 0.4283 -0.8207 0.3780
vn -0.6700 -0.6790 0.3002
vn -0.5301 -0.3488 0.7729
vn 0.0341 -0.9988 0.0342
vn -0.4818 -0.8639 -0.1466
vn -0.8166 -0.1906 0.5448
vn 0.3042 -0.9123 0.2743
vn -0.0127 -0.7232 0.6905
vn -0.0350 -0.9977 0.0585
vn -0.0807 -0.9956 -0.0473
vn -0.3142 -0.9395 -0.1367
vn -0.3882 -0.9212 0.0265
vn -0.4442 -0.8641 0.2367
vn -0.4817 -0.7898 0.3797
vn -0.5327 -0.7133 0.4555
vn -0.3518 -0.7988 0.4879
vn 0.0320 -0.9991 -0.0268
vn 0.0280 -0.9994 -0.0197
vn 0.2906 -0.8652 0.4086
vn -0.4225 -0.8241 0.3772
vn -0.4926 -0.6845 0.5374
vn -0.0427 -0.9990 -0.0101
vn 0.8689 -0.4931 -0.0426
vn -0.1549 -0.9465 -0.2830
vn -0.3083 -0.9443 -0.1154
vn -0.4305 -0.8629 0.2647
vn -0.5238 -0.7039 0.4797
vn -0.6203 -0.5216 0.5857
vn -0.5604 -0.6002 0.5707
vn -0.5909 -0.4145 0.6921
vn -0.9515 0.1763 0.2523
vn -0.9170 0.3820 0.1147
vn 0.5120 -0.8204 0.2546
vn 0.1910 -0.0694 0.9791
vn -0.6673 -0.0189 0.7446
vn -0.2134 -0.9456 0.2456
vn 0.4312 -0.8302 0.3532
vn -0.1999 -0.9784 0.0530
vn -0.0697 -0.9972 0.0279
vn -0.2255 -0.9712 0.0775
vn 0.6011 -0.5558 0.5743
vn -0.5011 -0.7763 0.3825
vn -0.0816 -0.9966 -0.0120
vn -0.6423 0.7016 0.3084
vn -0.2473 -0.9385 -0.2408
vn -0.3232 -0.9346 0.1485
vn -0.4710 -0.7889 0.3947
vn -0.5060 -0.7622 0.4037
vn 0.5980 -0.6018 0.5293
vn 0.0038 -0.9996 0.0279
vn -0.4431 -0.8359 -0.3240
vn -0.2998 -0.9334 -0.1973
vn -0.4034 -0.8445 -0.3523
vn -0.2908 -0.9436 -0.1580
vn -0.3968 -0.4644 0.7918
vn -0.2579 0.4674 -0.8456
vn -0.2100 0.6439 -0.7357
vn 0.2547 -0.9640 0.0767
vn 0.2454 -0.9500 0.1932
vn -0.0634 -0.9881 -0.1402
vn 0.0322 -0.9978 -0.0575
vn -0.0682 -0.9973 -0.0278
vn -0.0109 -0.9999 -0.0079
vn -0.1845 -0.9687 0.1663
vn -0.4988 -0.7510 0.4326
vn -0.7756 -0.5886 -0.2280
vn -0.5938 -0.7565 -0.2742
vn -0.3272 -0.9335 0.1466
vn -0.4021 -0.6420 0.6528
vn -0.3531 -0.5818 0.7327
vn -0.4072 -0.2408 0.8810
vn -0.0332 -0.9985 0.0435
vn -0.3466 -0.9265 0.1467
vn -0.2749 -0.9572 0.0909
vn -0.2910 -0.9215 0.2571
vn -0.3048 -0.9080 0.2873
vn -0.3938 -0.7283 0.5608
vn -0.1202 -0.9621 0.2447
vn -0.5862 -0.7435 0.3218
vn -0.0044 -0.9040 -0.4274
vn -0.4055 -0.8881 0.2163
vn -0.2468 -0.9507 0.1876
vn -0.4865 -0.6800 0.5486
vn -0.6962 -0.6725 0.2511
vn -0.0516 0.9443 -0.3251
vn -0.2651 -0.9605 -0.0849
vn -0.2758 -0.8870 0.3703
vn -0.3474 -0.8366 0.4237
vn -0.3921 -0.7299 0.5599
vn -0.4309 -0.8978 -0.0912
vn -0.4023 -0.9143 0.0481
vn 0.5920 -0.7913 0.1532
vn -0.3471 -0.8365 0.4241
vn -0.4070 -0.7896 0.4593
vn 0.0882 -0.6659 0.7408
vn -0.0520 -0.9881 -0.1450
vn -0.3198 -0.9459 -0.0543
vn -0.6601 -0.7296 -0.1788
vn 0.3365 -0.9412 -0.0308
vn 0.3511 -0.9202 -0.1729
vn 0.2593 -0.9642 -0.0552
vn -0.7431 0.1678 0.6478
vn 0.0044 -1.0000 -0.0063
vn -0.0015 -0.9999 0.0113
vn -0.0615 -0.9969 0.0496
vn 0.2594 -0.9630 0.0738
vn 0.2233 -0.6443 0.7314
vn -0.5273 -0.0714 -0.8467
vn -0.2149 -0.9348 0.2829
vn -0.2607 -0.8896 0.3749
vn 0.3367 -0.0776 0.9384
vn 0.0369 -0.9991 -0.0194
vn 0.2221 0.3342 0.9160
vn -0.2475 -0.8854 0.3935
vn -0.2871 -0.8531 0.4358
vn -0.2672 -0.6793 0.6835
vn -0.3143 -0.5937 0.7408
vn 0.4921 -0.6559 0.5724
vn 0.0322 -0.9993 -0.0186
vn 0.2928 0.9555 -0.0351
vn -0.2931 -0.7270 0.6209
vn 0.0158 -0.9970 0.0760
vn -0.5083 -0.7232 0.4676
vn 0.1924 -0.6305 -0.7520
vn -0.0598 -0.9810 -0.1847
vn -0.0315 -0.9992 -0.0263
vn -0.3846 -0.7254 0.5709
vn -0.6253 -0.7799 -0.0277
vn -0.9443 -0.1499 -0.2928
vn 0.1136 -0.3086 0.9444
vn -0.3506 0.5279 0.7736
vn -0.0184 -0.9931 0.1162
vn -0.6890 -0.6612 -0.2969
vn -0.6866 -0.6833 -0.2485
vn -0.1757 -0.9702 -0.1671
vn -0.1924 -0.9809 -0.0296
vn -0.6133 -0.7889 0.0385
vn -0.2160 -0.8331 0.5093
vn -0.2966 -0.5707 0.7657
vn -0.0996 -0.9940 -0.0447
vn -0.7038 -0.6863 -0.1832
vn -0.1386 -0.9895 -0.0415
vn -0.0500 -0.9922 -0.1144
vn -0.0123 -0.9999 -0.0078
vn -0.0082 -0.9999 -0.0074
vn 0.0076 -1.0000 0.0058
vn -0.0082 -0.9999 0.0118
vn -0.4324 -0.9016 0.0126
vn 0.0250 -0.9749 -0.2211
vn -0.1399 -0.9595 0.2444
vn 0.0174 -0.9998 -0.0031
vn 0.0198 -0.9996 -0.0202
vn -0.0101 -0.9885 -0.1507
vn -0.0617 -0.9969 0.0493
vn -0.0165 -0.9996 0.0214
vn -0.1412 -0.9898 -0.0169
vn -0.2080 -0.8681 0.4506
vn -0.2455 -0.8237 0.5111
vn -0.1233 -0.6553 0.7452
vn -0.0090 -1.0000 -0.0006
vn -0.2122 -0.6718 0.7097
vn -0.1101 -0.5536 0.8255
vn 0.0063 -0.9998 -0.0189
vn 0.1081 -0.9342 -0.3401
vn -0.0211 -0.9993 -0.0296
vn 0.0954 -0.9944 0.0464
vn 0.0555 -0.9984 0.0072
vn -0.0999 -0.9934 0.0567
vn 0.5393 -0.6732 0.5060
vn -0.1921 -0.6769 0.7106
vn -0.3896 -0.9208 -0.0185
vn -0.1200 -0.9846 0.1273
vn 0.0139 -0.9998 0.0131
vn 0.4052 -0.9067 0.1173
vn -0.2078 -0.9436 0.2576
vn -0.0340 -0.9984 0.0452
vn -0.0111 -0.9995 0.0279
vn -0.5245 -0.7025 0.4810
vn 0.2337 -0.5413 0.8077
vn -0.1404 -0.9891 0.0445
vn -0.6569 -0.7472 0.1008
vn -0.2163 -0.8167 0.5350
vn -0.1113 -0.6625 0.7408
vn 0.0240 -0.9990 0.0367
vn 0.1001 -0.9949 0.0118
vn 0.0462 -0.9988 -0.0140
vn -0.4915 -0.7307 0.4738
vn 0.3011 -0.9495 0.0877
vn -0.1752 -0.7355 0.6545
vn 0.0036 -0.9898 0.1425
vn -0.0106 -0.9989 0.0467
vn 0.0584 -0.9673 0.2469
vn 0.5881 -0.6905 0.4210
vn 0.5067 -0.8303 0.2319
vn 0.8299 -0.5578 0.0064
vn -0.0195 -0.9992 0.0358
vn -0.5577 -0.7101 0.4298
vn -0.4127 0.3843 -0.8258
vn -0.7839 -0.6209 -0.0033
vn 0.0026 -0.5383 0.8428
vn -0.0329 -0.5778 0.8155
vn 0.0964 -0.8488 0.5198
vn 0.1870 -0.9053 0.3813
vn 0.0169 -0.9988 0.0466
vn -0.0202 -0.9992 0.0354
vn -0.6950 -0.1730 -0.6979
vn -0.6084 -0.7267 -0.3191
vn 0.0372 -0.6347 0.7718
vn -0.0326 -0.5790 0.8147
vn -0.0702 -0.4987 0.8639
vn 0.2871 -0.8765 0.3865
vn 0.5074 -0.5515 0.6621
vn 0.5262 -0.7708 0.3590
vn 0.7827 -0.5396 0.3103
vn 0.0156 -0.9997 -0.0208
vn -0.7791 -0.3346 0.5301
vn 0.2773 0.0565 0.9591
vn -0.3960 -0.5787 0.7129
vn -0.4243 -0.4249 0.7997
vn 0.0174 -0.9981 -0.0590
vn -0.4823 -0.8500 0.2119
vn -0.0086 -0.9992 0.0385
vn -0.0881 -0.9454 0.3139
vn 0.0622 -0.9981 -0.0021
vn 0.0005 -0.9994 0.0344
vn 0.3323 -0.9343 -0.1292
vn -0.3623 -0.9240 -0.1227
vn 0.0316 -0.9776 0.2082
vn 0.0829 -0.6981 0.7112
vn 0.0065 -0.9977 0.0671
vn -0.1595 -0.7237 0.6714
vn -0.0359 -0.9858 0.1641
vn 0.0216 -0.9992 0.0324
vn 0.0176 -0.9993 0.0343
vn -0.0357 -0.9806 0.1929
vn -0.0817 -0.8870 0.4546
vn -0.2895 -0.3149 0.9039
vn 0.1097 -0.9937 -0.0231
vn 0.0220 -0.9996 -0.0201
vn -0.3708 -0.3639 0.8544
vn -0.0115 -0.8998 0.4361
vn 0.1642 -0.8946 0.4156
vn -0.0158 -0.9982 0.0580
vn 0.0677 -0.7159 0.6949
vn 0.2126 -0.9536 0.2133
vn -0.0164 -0.9992 -0.0358
vn 0.0377 -0.9976 -0.0575
vn 0.0120 -0.9998 0.0133
vn 0.4184 -0.8978 -0.1378
vn -0.4365 -0.8967 -0.0732
vn 0.0277 -0.9978 0.0606
vn 0.2359 -0.2992 -0.9246
vn 0.2294 -0.7472 0.6237
vn 0.1878 -0.9515 0.2435
vn 0.1178 -0.9930 -0.0116
vn 0.0092 -0.9968 0.0793
vn -0.1860 -0.6957 0.6938
vn -0.2412 -0.4051 0.8819
vn 0.3018 -0.9196 0.2514
vn 0.1075 -0.9941 -0.0141
vn 0.0656 -0.6337 0.7708
vn -0.3301 -0.9235 -0.1955
vn -0.4571 -0.7286 0.5100
vn -0.5626 -0.7741 0.2901
vn -0.9217 -0.3081 0.2356
vn -0.8059 -0.5082 -0.3039
vn -0.0282 -0.9984 0.0485
vn 0.0112 -0.9997 0.0199
vn 0.0257 -0.9996 -0.0065
vn -0.0285 -0.6730 0.7391
vn 0.0020 -0.9997 -0.0230
vn 0.0170 -0.9998 0.0143
vn -0.4977 -0.7304 0.4678
vn 0.0050 -0.9958 0.0912
vn 0.1727 -0.6192 0.7660
vn -0.0422 -0.9709 0.2357
vn 0.0410 -0.9992 0.0022
vn -0.0771 -0.9957 0.0505
vn -0.5486 -0.6391 0.5391
vn -0.0060 -0.9998 0.0198
vn 0.0057 -0.9991 0.0421
vn -0.1079 -0.5452 0.8313
vn 0.0709 -0.9890 0.1300
vn 0.1180 -0.2081 0.9710
vn -0.0473 -0.9979 0.0444
vn 0.2321 -0.9676 -0.0991
vn 0.0142 -0.9999 -0.0064
vn 0.0055 -0.9873 0.1585
vn -0.1003 -0.6302 0.7700
vn -0.1031 -0.6591 0.7450
vn -0.5456 -0.7680 0.3355
vn -0.0637 -0.9900 0.1262
vn -0.2518 -0.9206 0.2984
vn -0.2485 -0.9619 0.1143
vn -0.1306 -0.9914 -0.0070
vn -0.6602 -0.7343 0.1580
vn -0.2946 -0.9237 0.2451
vn -0.3375 -0.9339 0.1176
vn -0.4392 -0.8812 0.1752
vt 0.821977 0.109482
vt 0.842367 0.107716
vt 0.834675 0.118016
vt 0.631071 0.179473
vt 0.618938 0.198024
vt 0.610986 0.176236
vt 0.435823 0.531273
vt 0.436815 0.549233
vt 0.428130 0.564917
vt 0.722753 0.747774
vt 0.740981 0.754935
vt 0.710334 0.759329
vt 0.448355 0.570688
vt 0.432340 0.584313
vt 0.254998 0.884437
vt 0.259511 0.877364
vt 0.261289 0.886715
vt 0.365885 0.520995
vt 0.379979 0.523072
vt 0.368267 0.532891
vt 0.783138 0.273372
vt 0.795459 0.275784
vt 0.773832 0.277570
vt 0.504104 0.103928
vt 0.526595 0.079245
vt 0.525064 0.107211
vt 0.762521 0.669126
vt 0.753401 0.676179
vt 0.747995 0.671848
vt 0.560302 0.110782
vt 0.582750 0.107835
vt 0.560588 0.124096
vt 0.193849 0.528024
vt 0.193832 0.532542
vt 0.190180 0.533707
vt 0.816675 0.451039
vt 0.832020 0.464925
vt 0.817370 0.462144
vt 0.380726 0.535679
vt 0.483853 0.103393
vt 0.498030 0.120465
vt 0.792778 0.763284
vt 0.789146 0.755896
vt 0.826515 0.763778
vt 0.824274 0.789830
vt 0.854197 0.782821
vt 0.854264 0.793818
vt 0.711415 0.779537
vt 0.739567 0.775990
vt 0.746508 0.791707
vt 0.222030 0.154793
vt 0.208953 0.171495
vt 0.213619 0.148620
vt 0.775560 0.772359
vt 0.770507 0.762039
vt 0.780991 0.781910
vt 0.750372 0.766751
vt 0.860095 0.760509
vt 0.856555 0.754783
vt 0.878516 0.769584
vt 0.820848 0.753005
vt 0.361355 0.338345
vt 0.378246 0.336830
vt 0.373282 0.356820
vt 0.397276 0.537815
vt 0.411042 0.548615
vt 0.395154 0.562902
vt 0.871203 0.089141
vt 0.870446 0.104691
vt 0.857552 0.087147
vt 0.375259 0.477921
vt 0.393610 0.495081
vt 0.368006 0.497747
vt 0.230686 0.088648
vt 0.236612 0.089146
vt 0.232113 0.097267
vt 0.920044 0.062831
vt 0.920178 0.076458
vt 0.909504 0.073414
vt 0.547826 0.059508
vt 0.551017 0.076989
vt 0.386942 0.508833
vt 0.374338 0.508315
vt 0.254645 0.215676
vt 0.271370 0.209910
vt 0.268707 0.216824
vt 0.794661 0.159396
vt 0.818224 0.166651
vt 0.806791 0.179972
vt 0.546214 0.305104
vt 0.561667 0.298900
vt 0.557819 0.320564
vt 0.599506 0.143993
vt 0.623949 0.162725
vt 0.365043 0.482885
vt 0.861722 0.151480
vt 0.883227 0.171151
vt 0.858598 0.157928
vt 0.315872 0.627585
vt 0.308058 0.619487
vt 0.314475 0.615292
vt 0.834385 0.166648
vt 0.842175 0.186973
vt 0.874916 0.075140
vt 0.858494 0.071054
vt 0.357428 0.511838
vt 0.753985 0.751619
vt 0.425413 0.527094
vt 0.852537 0.174681
vt 0.866024 0.176256
vt 0.358352 0.492698
vt 0.354478 0.502617
vt 0.511607 0.070457
vt 0.492820 0.088477
vt 0.843806 0.771452
vt 0.775992 0.796014
vt 0.829943 0.078506
vt 0.827809 0.089903
vt 0.816714 0.077367
vt 0.347103 0.491335
vt 0.297128 0.426324
vt 0.285782 0.426925
vt 0.293720 0.419232
vt 0.894170 0.758389
vt 0.875180 0.746881
vt 0.382701 0.550983
vt 0.888542 0.734119
vt 0.909567 0.735683
vt 0.355350 0.537381
vt 0.368589 0.542198
vt 0.361327 0.548833
vt 0.568895 0.150242
vt 0.588007 0.130615
vt 0.587770 0.156460
vt 0.790761 0.746538
vt 0.872195 0.021324
vt 0.880716 0.032115
vt 0.862555 0.029803
vt 0.371236 0.554471
vt 0.364601 0.561622
vt 0.803645 0.580671
vt 0.816508 0.559642
vt 0.810439 0.586442
vt 0.895402 0.057336
vt 0.891319 0.068757
vt 0.882182 0.051932
vt 0.919069 0.292754
vt 0.909915 0.290935
vt 0.911928 0.283081
vt 0.900256 0.287508
vt 0.900631 0.276804
vt 0.706281 0.736079
vt 0.719211 0.740668
vt 0.708001 0.742951
vt 0.857376 0.213890
vt 0.860989 0.238807
vt 0.847939 0.227753
vt 0.820823 0.530819
vt 0.831277 0.549792
vt 0.765311 0.264502
vt 0.881048 0.040577
vt 0.917761 0.302341
vt 0.887511 0.267858
vt 0.867793 0.252551
vt 0.892647 0.261673
vt 0.788909 0.263515
vt 0.806889 0.270150
vt 0.831393 0.745283
vt 0.233939 0.785134
vt 0.223984 0.786329
vt 0.232650 0.771899
vt 0.844345 0.081658
vt 0.371105 0.208052
vt 0.398830 0.231593
vt 0.380353 0.232054
vt 0.736168 0.029914
vt 0.756001 0.045115
vt 0.743487 0.060012
vt 0.843011 0.570694
vt 0.834375 0.593028
vt 0.823733 0.584958
vt 0.909260 0.303065
vt 0.885152 0.275538
vt 0.251304 0.489110
vt 0.254469 0.480095
vt 0.262780 0.487216
vt 0.522147 0.125558
vt 0.541777 0.107740
vt 0.431303 0.484156
vt 0.425450 0.507396
vt 0.567446 0.134900
vt 0.876040 0.062128
vt 0.890646 0.784422
vt 0.347198 0.511607
vt 0.350549 0.521121
vt 0.866418 0.264866
vt 0.296400 0.014725
vt 0.305724 0.000175
vt 0.322504 0.014431
vt 0.345140 0.501805
vt 0.924902 0.320361
vt 0.912317 0.314836
vt 0.894247 0.298793
vt 0.888717 0.285303
vt 0.307549 0.355733
vt 0.311942 0.363924
vt 0.297262 0.363043
vt 0.747200 0.542606
vt 0.737250 0.525983
vt 0.746705 0.519862
vt 0.848269 0.061841
vt 0.833574 0.102123
vt 0.816342 0.093453
vt 0.287076 0.211765
vt 0.298027 0.216637
vt 0.285433 0.220675
vt 0.356124 0.318681
vt 0.369504 0.307893
vt 0.914235 0.321451
vt 0.850677 0.246182
vt 0.852786 0.258881
vt 0.815643 0.066723
vt 0.830209 0.065351
vt 0.537956 0.142198
vt 0.718629 0.047636
vt 0.725589 0.075971
vt 0.711165 0.071247
vt 0.904015 0.316156
vt 0.871290 0.275236
vt 0.924325 0.328075
vt 0.916717 0.328997
vt 0.702149 0.695301
vt 0.693907 0.697855
vt 0.702688 0.692945
vt 0.549641 0.155843
vt 0.693337 0.453605
vt 0.715280 0.434397
vt 0.709757 0.462987
vt 0.261665 0.496456
vt 0.272024 0.499522
vt 0.264376 0.503472
vt 0.166379 0.492301
vt 0.165176 0.499654
vt 0.157213 0.500944
vt 0.696183 0.478318
vt 0.827748 0.640523
vt 0.818166 0.631493
vt 0.844452 0.619320
vt 0.336082 0.582783
vt 0.335699 0.570893
vt 0.345538 0.578125
vt 0.154896 0.484579
vt 0.275367 0.507461
vt 0.267008 0.511004
vt 0.172851 0.501175
vt 0.685514 0.350268
vt 0.702727 0.347663
vt 0.693367 0.363409
vt 0.401777 0.524579
vt 0.354250 0.529793
vt 0.516442 0.774797
vt 0.538740 0.759540
vt 0.531277 0.786085
vt 0.909106 0.325984
vt 0.227112 0.682330
vt 0.220925 0.683510
vt 0.226571 0.676290
vt 0.852001 0.273860
vt 0.145200 0.532272
vt 0.112059 0.516631
vt 0.133794 0.510459
vt 0.179121 0.506915
vt 0.173044 0.509998
vt 0.230106 0.493371
vt 0.241366 0.501003
vt 0.221691 0.506694
vt 0.261659 0.936176
vt 0.280052 0.956544
vt 0.243557 0.948944
vt 0.596114 0.187319
vt 0.604217 0.213759
vt 0.585585 0.215924
vt 0.872134 0.010837
vt 0.856981 0.008419
vt 0.451897 0.077478
vt 0.460380 0.104595
vt 0.443115 0.100645
vt 0.520799 0.756374
vt 0.550698 0.728312
vt 0.560890 0.749718
vt 0.916876 0.386700
vt 0.920569 0.379610
vt 0.934730 0.386012
vt 0.313659 0.645759
vt 0.303895 0.638747
vt 0.316925 0.639771
vt 0.291928 0.619158
vt 0.291167 0.607879
vt 0.300490 0.609801
vt 0.239759 0.661910
vt 0.249935 0.666891
vt 0.242963 0.669140
vt 0.888533 0.311948
vt 0.898723 0.319581
vt 0.215085 0.514111
vt 0.225317 0.523651
vt 0.922206 0.100781
vt 0.922473 0.114882
vt 0.899971 0.109318
vt 0.825653 0.121661
vt 0.812313 0.121703
vt 0.359092 0.479070
vt 0.350193 0.544785
vt 0.526972 0.734469
vt 0.751676 0.657732
vt 0.735042 0.675094
vt 0.735372 0.654493
vt 0.203183 0.696104
vt 0.213377 0.694945
vt 0.217007 0.714324
vt 0.338567 0.561360
vt 0.344490 0.553036
vt 0.344609 0.566703
vt 0.714251 0.330499
vt 0.709170 0.317198
vt 0.723637 0.311545
vt 0.882981 0.078362
vt 0.713477 0.578333
vt 0.707970 0.543682
vt 0.726024 0.553816
vt 0.256150 0.515881
vt 0.253672 0.505651
vt 0.241354 0.509817
vt 0.393234 0.481901
vt 0.542557 0.129525
vt 0.336653 0.493712
vt 0.119815 0.771572
vt 0.158214 0.772174
vt 0.120895 0.796601
vt 0.217155 0.668296
vt 0.190150 0.673375
vt 0.205653 0.678477
vt 0.189646 0.687449
vt 0.181827 0.519704
vt 0.187886 0.516793
vt 0.190100 0.520431
vt 0.164811 0.507763
vt 0.726188 0.681345
vt 0.721217 0.685923
vt 0.711833 0.683356
vt 0.505288 0.780759
vt 0.491046 0.793028
vt 0.491723 0.777411
vt 0.301909 0.585017
vt 0.298159 0.577325
vt 0.310761 0.578822
vt 0.292901 0.634868
vt 0.300099 0.624829
vt 0.225575 0.664971
vt 0.233185 0.668446
vt 0.856015 0.283003
vt 0.830258 0.267404
vt 0.239282 0.488782
vt 0.236638 0.494317
vt 0.233746 0.477749
vt 0.453595 0.529269
vt 0.335701 0.503759
vt 0.325758 0.511672
vt 0.324966 0.502118
vt 0.456976 0.814283
vt 0.474250 0.795874
vt 0.486276 0.821007
vt 0.494205 0.804476
vt 0.506075 0.752052
vt 0.220826 0.481653
vt 0.215915 0.496559
vt 0.243426 0.679319
vt 0.249643 0.676818
vt 0.255742 0.683330
vt 0.309269 0.598783
vt 0.319289 0.602093
vt 0.310094 0.606162
vt 0.267960 0.650809
vt 0.262570 0.644886
vt 0.272652 0.643802
vt 0.777033 0.452629
vt 0.783418 0.474837
vt 0.777808 0.476784
vt 0.247291 0.689577
vt 0.239273 0.692834
vt 0.786341 0.441186
vt 0.792854 0.461302
vt 0.787079 0.464498
vt 0.338728 0.010355
vt 0.335566 0.043780
vt 0.779717 0.367209
vt 0.763980 0.355403
vt 0.785451 0.349961
vt 0.807860 0.036856
vt 0.795737 0.026049
vt 0.815003 0.018117
vt 0.464972 0.791633
vt 0.482051 0.769824
vt 0.496091 0.730401
vt 0.174740 0.568976
vt 0.167278 0.568195
vt 0.174301 0.559593
vt 0.725985 0.422993
vt 0.742285 0.411333
vt 0.740134 0.426928
vt 0.239136 0.684543
vt 0.713347 0.686853
vt 0.293660 0.534256
vt 0.293052 0.539832
vt 0.281816 0.538214
vt 0.486197 0.749662
vt 0.514225 0.719116
vt 0.545341 0.704696
vt 0.165795 0.580562
vt 0.170127 0.581572
vt 0.172190 0.588191
vt 0.673336 0.334192
vt 0.687550 0.334716
vt 0.875726 0.118353
vt 0.862933 0.112831
vt 0.848445 0.097185
vt 0.403292 0.581172
vt 0.114870 0.423465
vt 0.101383 0.442346
vt 0.098543 0.411780
vt 0.381278 0.137914
vt 0.364369 0.128057
vt 0.390238 0.113121
vt 0.437799 0.805061
vt 0.448273 0.797503
vt 0.467077 0.769418
vt 0.473306 0.758465
vt 0.316221 0.589555
vt 0.520279 0.691381
vt 0.287824 0.627786
vt 0.706649 0.716488
vt 0.716439 0.695891
vt 0.722885 0.699353
vt 0.450079 0.781266
vt 0.477068 0.737852
vt 0.536852 0.678733
vt 0.234725 0.683408
vt 0.300292 0.649234
vt 0.801253 0.681712
vt 0.796938 0.686279
vt 0.797502 0.674237
vt 0.190187 0.567648
vt 0.197007 0.568577
vt 0.186724 0.577675
vt 0.326629 0.594967
vt 0.234047 0.104459
vt 0.236367 0.097519
vt 0.243121 0.100057
vt 0.457111 0.765636
vt 0.196950 0.666813
vt 0.365108 0.809454
vt 0.346906 0.835678
vt 0.333456 0.818194
vt 0.909123 0.754828
vt 0.457215 0.541305
vt 0.240091 0.141980
vt 0.243508 0.112559
vt 0.253978 0.155236
vt 0.428666 0.819834
vt 0.417388 0.806785
vt 0.463357 0.749717
vt 0.492513 0.708801
vt 0.256972 0.654797
vt 0.330029 0.586160
vt 0.337194 0.591575
vt 0.862097 0.605262
vt 0.873295 0.597309
vt 0.871582 0.619100
vt 0.309925 0.590150
vt 0.229620 0.692958
vt 0.321215 0.609432
vt 0.754484 0.679820
vt 0.741291 0.683978
vt 0.752383 0.017094
vt 0.735454 0.011209
vt 0.436826 0.780503
vt 0.503195 0.691564
vt 0.281465 0.654065
vt 0.291238 0.651518
vt 0.293285 0.661228
vt 0.182434 0.526331
vt 0.187392 0.523750
vt 0.187954 0.529326
vt 0.249682 0.868411
vt 0.249530 0.876536
vt 0.467481 0.580881
vt 0.434835 0.602481
vt 0.732081 0.054635
vt 0.854547 0.635591
vt 0.846828 0.647447
vt 0.403666 0.826152
vt 0.429373 0.782326
vt 0.439823 0.766109
vt 0.480421 0.722494
vt 0.521771 0.657308
vt 0.183939 0.562366
vt 0.180868 0.573688
vt 0.278301 0.594959
vt 0.287220 0.589420
vt 0.292792 0.594214
vt 0.258078 0.868059
vt 0.104897 0.557075
vt 0.081493 0.546707
vt 0.273814 0.879107
vt 0.231704 0.120917
vt 0.419306 0.789860
vt 0.451565 0.746575
vt 0.231728 0.708715
vt 0.297430 0.600943
vt 0.302801 0.594319
vt 0.191802 0.557681
vt 0.201628 0.552217
vt 0.270836 0.602260
vt 0.281938 0.601140
vt 0.205734 0.557423
vt 0.199659 0.560662
vt 0.208685 0.546111
vt 0.156065 0.510047
vt 0.165832 0.515151
vt 0.164091 0.520916
vt 0.293181 0.584556
vt 0.247375 0.206527
vt 0.235349 0.223273
vt 0.233710 0.207698
vt 0.800972 0.336160
vt 0.796456 0.355083
vt 0.258846 0.694317
vt 0.267908 0.701766
vt 0.256926 0.708006
vt 0.219243 0.780293
vt 0.213987 0.784388
vt 0.418019 0.770486
vt 0.459381 0.729055
vt 0.470640 0.714455
vt 0.492297 0.673626
vt 0.501140 0.650864
vt 0.266515 0.680768
vt 0.266646 0.663932
vt 0.274137 0.673220
vt 0.303431 0.571513
vt 0.310330 0.563130
vt 0.320777 0.562949
vt 0.279381 0.528558
vt 0.286373 0.525348
vt 0.406855 0.789626
vt 0.483224 0.693094
vt 0.281239 0.645473
vt 0.321081 0.585473
vt 0.277283 0.871938
vt 0.268845 0.858377
vt 0.289902 0.863854
vt 0.427612 0.752337
vt 0.438078 0.747330
vt 0.438459 0.735936
vt 0.321866 0.568976
vt 0.309115 0.630949
vt 0.345898 0.591452
vt 0.808110 0.607047
vt 0.806588 0.596245
vt 0.828499 0.606369
vt 0.254285 0.860898
vt 0.185473 0.533806
vt 0.813286 0.651927
vt 0.795628 0.659941
vt 0.783857 0.654918
vt 0.474117 0.688793
vt 0.178567 0.561560
vt 0.831056 0.221003
vt 0.836470 0.234564
vt 0.682028 0.320629
vt 0.692727 0.308809
vt 0.698662 0.324590
vt 0.231330 0.074838
vt 0.235729 0.079460
vt 0.229620 0.079818
vt 0.450830 0.718119
vt 0.458274 0.699667
vt 0.149219 0.589377
vt 0.156676 0.597640
vt 0.276780 0.665403
vt 0.281370 0.671700
vt 0.202164 0.710133
vt 0.212608 0.714954
vt 0.215833 0.744213
vt 0.280466 0.851987
vt 0.309803 0.843742
vt 0.305292 0.873460
vt 0.393303 0.783375
vt 0.394768 0.797046
vt 0.471957 0.678448
vt 0.473368 0.664047
vt 0.868962 0.634529
vt 0.856343 0.625593
vt 0.290176 0.835970
vt 0.405250 0.755362
vt 0.413665 0.748013
vt 0.433160 0.712227
vt 0.426609 0.727194
vt 0.858586 0.132613
vt 0.839610 0.126319
vt 0.850143 0.122303
vt 0.206829 0.669060
vt 0.822439 0.503467
vt 0.256355 0.843074
vt 0.415593 0.736048
vt 0.506293 0.598703
vt 0.510050 0.626045
vt 0.759111 0.405860
vt 0.754978 0.409580
vt 0.756163 0.404567
vt 0.333364 0.602208
vt 0.736655 0.681384
vt 0.740981 0.677019
vt 0.808525 0.543242
vt 0.832403 0.132607
vt 0.821696 0.134216
vt 0.271599 0.837174
vt 0.802074 0.769339
vt 0.235672 0.449011
vt 0.245028 0.443538
vt 0.245926 0.451003
vt 0.373361 0.789421
vt 0.394074 0.766170
vt 0.442633 0.695539
vt 0.455344 0.679282
vt 0.486517 0.609799
vt 0.728191 0.440522
vt 0.739348 0.442298
vt 0.727380 0.495762
vt 0.722695 0.477865
vt 0.737913 0.475295
vt 0.797255 0.544710
vt 0.807034 0.524998
vt 0.381731 0.765356
vt 0.465499 0.638823
vt 0.471734 0.615030
vt 0.727737 0.321776
vt 0.747172 0.309478
vt 0.153396 0.521266
vt 0.189564 0.554118
vt 0.358593 0.786745
vt 0.390661 0.750715
vt 0.456292 0.662596
vt 0.798667 0.640706
vt 0.248427 0.655789
vt 0.259086 0.667830
vt 0.813895 0.502678
vt 0.326541 0.005374
vt 0.309067 0.817406
vt 0.404946 0.732786
vt 0.431761 0.691705
vt 0.902627 0.092462
vt 0.717020 0.667694
vt 0.331120 0.609089
vt 0.251757 0.830563
vt 0.310372 0.802626
vt 0.328590 0.792673
vt 0.375041 0.753162
vt 0.702173 0.674033
vt 0.262305 0.899039
vt 0.272021 0.896247
vt 0.342260 0.604958
vt 0.355621 0.608427
vt 0.349266 0.610919
vt 0.264160 0.818197
vt 0.280978 0.810857
vt 0.345307 0.776698
vt 0.388388 0.735705
vt 0.402891 0.716740
vt 0.434956 0.674658
vt 0.723152 0.348600
vt 0.747341 0.340174
vt 0.750060 0.425452
vt 0.746587 0.428835
vt 0.748107 0.422824
vt 0.736536 0.500877
vt 0.750416 0.497108
vt 0.358084 0.754670
vt 0.406777 0.689799
vt 0.443660 0.654962
vt 0.444425 0.625117
vt 0.459961 0.616973
vt 0.460716 0.597572
vt 0.486742 0.580550
vt 0.841518 0.156857
vt 0.831679 0.146739
vt 0.845214 0.146787
vt 0.805133 0.509252
vt 0.810113 0.488109
vt 0.814020 0.477971
vt 0.356385 0.575253
vt 0.354034 0.562005
vt 0.366250 0.569764
vt 0.247835 0.822530
vt 0.183553 0.513517
vt 0.180014 0.513373
vt 0.805934 0.488615
vt 0.336419 0.768251
vt 0.373737 0.736453
vt 0.385951 0.721991
vt 0.392284 0.712816
vt 0.397219 0.697870
vt 0.415615 0.674994
vt 0.433033 0.651325
vt 0.274963 0.658061
vt 0.271572 0.522737
vt 0.261718 0.524746
vt 0.091375 0.400288
vt 0.100636 0.399897
vt 0.261892 0.807199
vt 0.277161 0.795750
vt 0.289523 0.792231
vt 0.310800 0.782399
vt 0.351544 0.740979
vt 0.424373 0.634698
vt 0.323030 0.579079
vt 0.329193 0.575252
vt 0.283525 0.661160
vt 0.797212 0.491011
vt 0.373147 0.727726
vt 0.374229 0.713286
vt 0.380402 0.705272
vt 0.417348 0.655947
vt 0.806069 0.474561
vt 0.799095 0.454272
vt 0.751843 0.278818
vt 0.752889 0.269194
vt 0.327120 0.762847
vt 0.365499 0.725318
vt 0.325964 0.640948
vt 0.325384 0.632201
vt 0.381083 0.695128
vt 0.363251 0.583933
vt 0.357428 0.596365
vt 0.285984 0.779758
vt 0.306908 0.767129
vt 0.381451 0.678169
vt 0.392105 0.674032
vt 0.767583 0.676721
vt 0.761788 0.681771
vt 0.928117 0.087974
vt 0.353458 0.725919
vt 0.398376 0.654469
vt 0.190999 0.546095
vt 0.197123 0.545474
vt 0.109401 0.406454
vt 0.323245 0.749714
vt 0.337591 0.735282
vt 0.363151 0.707070
vt 0.372486 0.689841
vt 0.386844 0.665519
vt 0.244023 0.518676
vt 0.253511 0.526518
vt 0.177283 0.591972
vt 0.304090 0.654887
vt 0.805981 0.464739
vt 0.803911 0.452148
vt 0.338474 0.708478
vt 0.345824 0.697138
vt 0.185123 0.508446
vt 0.190245 0.512820
vt 0.341692 0.516499
vt 0.299174 0.763825
vt 0.283366 0.773056
vt 0.270918 0.491310
vt 0.282119 0.495351
vt 0.337548 0.544945
vt 0.334994 0.556249
vt 0.216256 0.532782
vt 0.236207 0.532371
vt 0.765263 0.653242
vt 0.773167 0.642337
vt 0.260604 0.773682
vt 0.243520 0.780645
vt 0.241534 0.770082
vt 0.312218 0.749018
vt 0.380623 0.657367
vt 0.406507 0.613247
vt 0.392799 0.641388
vt 0.348097 0.452591
vt 0.340638 0.444772
vt 0.345512 0.440675
vt 0.291669 0.641942
vt 0.739188 0.075647
vt 0.801254 0.621694
vt 0.283924 0.762589
vt 0.297311 0.750572
vt 0.305890 0.730592
vt 0.944439 0.087949
vt 0.935296 0.081803
vt 0.946691 0.080259
vt 0.190349 0.585209
vt 0.371420 0.675011
vt 0.388604 0.618758
vt 0.413314 0.597370
vt 0.250427 0.757720
vt 0.690827 0.593028
vt 0.699784 0.569137
vt 0.202377 0.540861
vt 0.343425 0.538094
vt 0.332379 0.514735
vt 0.371782 0.662893
vt 0.232268 0.760949
vt 0.259520 0.758499
vt 0.270502 0.764210
vt 0.831445 0.276946
vt 0.380967 0.640660
vt 0.740814 0.457466
vt 0.745223 0.447257
vt 0.794548 0.436240
vt 0.799179 0.439932
vt 0.797005 0.429054
vt 0.224589 0.772359
vt 0.224949 0.761545
vt 0.238210 0.759017
vt 0.365534 0.623785
vt 0.356736 0.633895
vt 0.351266 0.625362
vt 0.571365 0.164862
vt 0.469376 0.552299
vt 0.785676 0.416709
vt 0.776309 0.409262
vt 0.783912 0.410476
vt 0.370086 0.652511
vt 0.246467 0.644519
vt 0.691463 0.740781
vt 0.317705 0.923621
vt 0.341536 0.903763
vt 0.338165 0.944199
vt 0.395434 0.603111
vt 0.698275 0.079672
vt 0.714304 0.084223
vt 0.279736 0.606956
vt 0.269857 0.611149
vt 0.699487 0.096164
vt 0.253804 0.746255
vt 0.272510 0.742743
vt 0.336831 0.253976
vt 0.324077 0.258193
vt 0.313540 0.244805
vt 0.325879 0.547533
vt 0.330221 0.549908
vt 0.321960 0.555690
vt 0.372841 0.637627
vt 0.181361 0.552697
vt 0.186257 0.551884
vt 0.236017 0.743816
vt 0.841125 0.133197
vt 0.852476 0.139981
vt 0.837007 0.138659
vt 0.328015 0.492624
vt 0.291432 0.884153
vt 0.282580 0.906925
vt 0.740203 0.566273
vt 0.372858 0.626289
vt 0.211409 0.224717
vt 0.217380 0.216685
vt 0.218434 0.233060
vt 0.266988 0.635205
vt 0.277034 0.633318
vt 0.224225 0.742333
vt 0.245168 0.741915
vt 0.249197 0.733849
vt 0.446101 0.494261
vt 0.343426 0.527911
vt 0.876935 0.650665
vt 0.327438 0.683343
vt 0.318035 0.686466
vt 0.321745 0.677243
vt 0.285931 0.671012
vt 0.288401 0.602927
vt 0.743811 0.257365
vt 0.324110 0.667105
vt 0.331521 0.671463
vt 0.363644 0.643027
vt 0.385556 0.594350
vt 0.225067 0.432355
vt 0.225852 0.422419
vt 0.234978 0.422985
vt 0.284532 0.633998
vt 0.832275 0.479967
vt 0.309454 0.685482
vt 0.316922 0.675222
vt 0.255272 0.725415
vt 0.267018 0.726599
vt 0.293667 0.699782
vt 0.292480 0.692721
vt 0.329541 0.657346
vt 0.338614 0.663198
vt 0.334344 0.535282
vt 0.161055 0.283873
vt 0.155697 0.276545
vt 0.177599 0.248516
vt 0.370306 0.614268
vt 0.382431 0.580887
vt 0.231238 0.730268
vt 0.271031 0.712143
vt 0.252339 0.720264
vt 0.280283 0.701089
vt 0.302205 0.681092
vt 0.314435 0.671656
vt 0.323373 0.658057
vt 0.334055 0.650821
vt 0.799315 0.117522
vt 0.797606 0.100746
vt 0.336831 0.525795
vt 0.375429 0.590949
vt 0.381527 0.569658
vt 0.146936 0.500805
vt 0.211161 0.483366
vt 0.289731 0.689971
vt 0.313800 0.663164
vt 0.235152 0.722810
vt 0.291284 0.681578
vt 0.302918 0.669657
vt 0.359417 0.619382
vt 0.363833 0.605651
vt 0.301644 0.559049
vt 0.244963 0.710091
vt 0.280284 0.685698
vt 0.294343 0.672598
vt 0.323947 0.650033
vt 0.317567 0.654980
vt 0.252317 0.498394
vt 0.346138 0.615111
vt 0.344016 0.265012
vt 0.275015 0.885716
vt 0.273029 0.694330
vt 0.305696 0.658407
vt 0.337859 0.624871
vt 0.345119 0.646680
vt 0.340660 0.616832
vt 0.624610 0.139674
vt 0.187113 0.655726
vt 0.179921 0.660660
vt 0.283004 0.622281
vt 0.787111 0.426085
vt 0.832185 0.504631
vt 0.281570 0.566266
vt 0.286861 0.572998
vt 0.277737 0.574251
vt 0.763511 0.500782
vt 0.754639 0.483645
vt 0.759093 0.485011
vt 0.231169 0.654344
vt 0.240217 0.651582
vt 0.194758 0.752983
vt 0.190883 0.736004
vt 0.202535 0.758411
vt 0.284768 0.580967
vt 0.281439 0.586234
vt 0.189884 0.542241
vt 0.186000 0.545590
vt 0.251444 0.624656
vt 0.256202 0.620449
vt 0.262522 0.627457
vt 0.181415 0.545613
vt 0.204621 0.570822
vt 0.200130 0.581324
vt 0.245726 0.486825
vt 0.226485 0.829377
vt 0.228443 0.846547
vt 0.187476 0.539209
vt 0.173717 0.550575
vt 0.697130 0.507521
vt 0.711417 0.492134
vt 0.209641 0.652529
vt 0.198323 0.639561
vt 0.210277 0.637828
vt 0.165481 0.411923
vt 0.144055 0.412887
vt 0.160684 0.396633
vt 0.204671 0.417775
vt 0.197680 0.430365
vt 0.188313 0.429731
vt 0.757497 0.474756
vt 0.769149 0.484788
vt 0.229913 0.642034
vt 0.238380 0.632870
vt 0.238850 0.643125
vt 0.756466 0.321714
vt 0.222091 0.167811
vt 0.873899 0.284303
vt 0.218158 0.646657
vt 0.224127 0.654433
vt 0.732375 0.297299
vt 0.211097 0.770653
vt 0.211585 0.778239
vt 0.206621 0.770831
vt 0.877564 0.294903
vt 0.287178 0.482551
vt 0.276546 0.489078
vt 0.276022 0.480638
vt 0.892874 0.322708
vt 0.301815 0.078035
vt 0.322738 0.062561
vt 0.323697 0.094444
vt 0.316356 0.552443
vt 0.272377 0.562727
vt 0.290856 0.558605
vt 0.287518 0.563346
vt 0.218974 0.638015
vt 0.781954 0.508179
vt 0.899272 0.381623
vt 0.916529 0.372644
vt 0.723653 0.457083
vt 0.172025 0.540447
vt 0.163805 0.547101
vt 0.474063 0.077763
vt 0.900559 0.328187
vt 0.870654 0.306624
vt 0.788607 0.487599
vt 0.899052 0.337028
vt 0.907011 0.332417
vt 0.908135 0.341996
vt 0.769596 0.501949
vt 0.887676 0.329972
vt 0.221862 0.542758
vt 0.153122 0.559955
vt 0.151286 0.545567
vt 0.885964 0.340933
vt 0.878953 0.322894
vt 0.184054 0.538133
vt 0.178123 0.540281
vt 0.210529 0.578101
vt 0.215314 0.584418
vt 0.204826 0.589344
vt 0.264103 0.552937
vt 0.272473 0.541750
vt 0.272379 0.552435
vt 0.381378 0.322343
vt 0.403543 0.331066
vt 0.902352 0.359154
vt 0.914768 0.350625
vt 0.892871 0.355462
vt 0.849008 0.291106
vt 0.174137 0.518586
vt 0.192359 0.536734
vt 0.230672 0.570022
vt 0.240662 0.571795
vt 0.229149 0.580984
vt 0.254966 0.589710
vt 0.264523 0.584866
vt 0.268563 0.590448
vt 0.194973 0.538209
vt 0.860386 0.318701
vt 0.212591 0.624434
vt 0.221599 0.615488
vt 0.219473 0.625779
vt 0.249893 0.570336
vt 0.252691 0.561843
vt 0.256674 0.573848
vt 0.872135 0.337287
vt 0.373127 0.387524
vt 0.362376 0.396780
vt 0.361487 0.381901
vt 0.263111 0.617076
vt 0.764590 0.417085
vt 0.760794 0.411332
vt 0.851624 0.307864
vt 0.286779 0.614800
vt 0.227804 0.626385
vt 0.165704 0.557390
vt 0.765676 0.447459
vt 0.756954 0.428928
vt 0.767089 0.428336
vt 0.895199 0.373933
vt 0.232276 0.554228
vt 0.838192 0.304227
vt 0.412895 0.344041
vt 0.402770 0.363775
vt 0.217828 0.568361
vt 0.185499 0.617199
vt 0.185261 0.603758
vt 0.197862 0.609855
vt 0.169272 0.650704
vt 0.163969 0.644930
vt 0.171502 0.638663
vt 0.172955 0.624694
vt 0.178371 0.648128
vt 0.183685 0.634940
vt 0.164558 0.620503
vt 0.172628 0.403600
vt 0.880903 0.361966
vt 0.871781 0.353992
vt 0.858433 0.333120
vt 0.849017 0.320711
vt 0.839710 0.309528
vt 0.834067 0.296161
vt 0.200873 0.623521
vt 0.825986 0.285652
vt 0.420367 0.358049
vt 0.859795 0.348023
vt 0.244258 0.875996
vt 0.242698 0.865554
vt 0.306610 0.255155
vt 0.220576 0.632271
vt 0.746704 0.456053
vt 0.749887 0.471457
vt 0.743961 0.470572
vt 0.753729 0.441840
vt 0.751083 0.437408
vt 0.731787 0.685794
vt 0.726120 0.684779
vt 0.879145 0.381129
vt 0.868647 0.376162
vt 0.778284 0.442550
vt 0.777913 0.422351
vt 0.191700 0.648238
vt 0.309878 0.550974
vt 0.852316 0.342148
vt 0.817130 0.304518
vt 0.823727 0.294459
vt 0.811261 0.277112
vt 0.730305 0.592468
vt 0.759395 0.550481
vt 0.753010 0.454528
vt 0.760316 0.467402
vt 0.751445 0.461668
vt 0.862477 0.369731
vt 0.854633 0.362484
vt 0.838455 0.337917
vt 0.838617 0.324837
vt 0.817043 0.318474
vt 0.821298 0.309990
vt 0.813562 0.288178
vt 0.190493 0.507830
vt 0.716518 0.524170
vt 0.848769 0.355627
vt 0.387720 0.810519
vt 0.239342 0.849929
vt 0.744109 0.486490
vt 0.760888 0.455749
vt 0.756013 0.289412
vt 0.116451 0.385776
vt 0.264074 0.598483
vt 0.252699 0.602261
vt 0.170944 0.669174
vt 0.822413 0.336851
vt 0.807608 0.294657
vt 0.227315 0.855747
vt 0.237020 0.874770
vt 0.232328 0.874988
vt 0.202826 0.631609
vt 0.278398 0.152524
vt 0.270147 0.175339
vt 0.834517 0.355725
vt 0.797389 0.283247
vt 0.236894 0.864172
vt 0.268132 0.622705
vt 0.153833 0.611698
vt 0.287849 0.548576
vt 0.297223 0.551281
vt 0.224114 0.579347
vt 0.218819 0.590893
vt 0.239130 0.619866
vt 0.249052 0.611110
vt 0.237074 0.613054
vt 0.848128 0.379516
vt 0.860595 0.385391
vt 0.800433 0.305994
vt 0.244161 0.547709
vt 0.800660 0.666952
vt 0.822228 0.665778
vt 0.259748 0.608369
vt 0.833722 0.376249
vt 0.795206 0.294348
vt 0.757113 0.515490
vt 0.211765 0.603268
vt 0.221855 0.601257
vt 0.792593 0.427658
vt 0.372871 0.221902
vt 0.232619 0.586976
vt 0.229676 0.596207
vt 0.121515 0.469942
vt 0.142136 0.484983
vt 0.131008 0.491627
vt 0.250858 0.882093
vt 0.836254 0.386672
vt 0.802133 0.324359
vt 0.750137 0.431492
vt 0.748590 0.438771
vt 0.269461 0.571171
vt 0.280952 0.516465
vt 0.207874 0.596043
vt 0.773583 0.430405
vt 0.255764 0.248560
vt 0.247638 0.267477
vt 0.236711 0.259350
vt 0.825151 0.364108
vt 0.814057 0.352382
vt 0.276688 0.619522
vt 0.238199 0.596179
vt 0.270951 0.580380
vt 0.246311 0.588683
vt 0.245158 0.602781
vt 0.199318 0.596011
vt 0.261930 0.576030
vt 0.257202 0.583571
vt 0.782310 0.287321
vt 0.903520 0.050350
vt 0.806719 0.369488
vt 0.296930 0.567596
vt 0.210556 0.613171
vt 0.861762 0.123398
vt 0.853747 0.110073
vt 0.228390 0.607148
vt 0.234162 0.606151
vt 0.819523 0.378058
vt 0.191084 0.709003
vt 0.190621 0.626775
vt 0.188213 0.408738
vt 0.185630 0.422189
vt 0.180004 0.410544
vt 0.282657 0.919373
vt 0.263157 0.914376
vt 0.686711 0.495343
vt 0.254435 0.549701
vt 0.490641 0.228404
vt 0.515183 0.235428
vt 0.499201 0.240908
vt 0.071866 0.427133
vt 0.084663 0.449676
vt 0.262041 0.568181
vt 0.169470 0.527681
vt 0.175528 0.524148
vt 0.252601 0.579575
vt 0.677484 0.479280
vt 0.215500 0.797834
vt 0.223742 0.802860
vt 0.216135 0.817132
vt 0.815476 0.386700
vt 0.541390 0.094062
vt 0.213138 0.558534
vt 0.178851 0.692235
vt 0.385668 0.193798
vt 0.356017 0.195838
vt 0.229763 0.151156
vt 0.241531 0.170534
vt 0.848719 0.658271
vt 0.207387 0.505361
vt 0.156949 0.576911
vt 0.217635 0.765732
vt 0.216229 0.773529
vt 0.157755 0.569753
vt 0.133875 0.388339
vt 0.149180 0.398507
vt 0.130707 0.402822
vt 0.529801 0.090825
vt 0.764337 0.399415
vt 0.770351 0.402506
vt 0.254312 0.638262
vt 0.816149 0.263260
vt 0.178426 0.533517
vt 0.167872 0.535927
vt 0.174534 0.532000
vt 0.194823 0.515351
vt 0.193491 0.510978
vt 0.199156 0.511922
vt 0.164551 0.529312
vt 0.194706 0.522064
vt 0.191075 0.526100
vt 0.712183 0.692666
vt 0.733597 0.283316
vt 0.739382 0.278740
vt 0.694859 0.700529
vt 0.688017 0.704143
vt 0.208932 0.755226
vt 0.176379 0.270401
vt 0.770831 0.737395
vt 0.770647 0.747513
vt 0.791595 0.419603
vt 0.239812 0.589997
vt 0.788058 0.562149
vt 0.787090 0.587098
vt 0.849364 0.432484
vt 0.810290 0.410686
vt 0.833382 0.412596
vt 0.492258 0.064884
vt 0.774429 0.563519
vt 0.765679 0.590174
vt 0.695735 0.690292
vt 0.684785 0.695411
vt 0.692389 0.675512
vt 0.131265 0.419427
vt 0.095149 0.857291
vt 0.176702 0.836277
vt 0.094339 0.865205
vt 0.390312 0.357720
vt 0.316864 0.544810
vt 0.320780 0.547599
vt 0.251084 0.630348
vt 0.713669 0.689037
vt 0.608871 0.092289
vt 0.611471 0.109479
vt 0.586883 0.092089
vt 0.239762 0.242535
vt 0.235339 0.542634
vt 0.262097 0.545504
vt 0.934900 0.370161
vt 0.212110 0.543783
vt 0.756950 0.573509
vt 0.782783 0.537671
vt 0.790083 0.533157
vt 0.401609 0.301052
vt 0.424141 0.287082
vt 0.430767 0.294813
vt 0.198092 0.739737
vt 0.054212 0.265810
vt 0.042582 0.236793
vt 0.098765 0.258956
vt 0.763148 0.300296
vt 0.227589 0.240665
vt 0.745812 0.586232
vt 0.110345 0.482929
vt 0.196694 0.726271
vt 0.793250 0.521228
vt 0.228537 0.472265
vt 0.769893 0.525053
vt 0.808058 0.139940
vt 0.788844 0.144038
vt 0.799991 0.130869
vt 0.242601 0.474698
vt 0.764600 0.028921
vt 0.774378 0.516440
vt 0.754684 0.412759
vt 0.751282 0.415027
vt 0.788750 0.502859
vt 0.705125 0.689372
vt 0.802951 0.442285
vt 0.845135 0.667000
vt 0.278824 0.218359
vt 0.504729 0.565514
vt 0.822563 0.739679
vt 0.791330 0.740234
vt 0.814385 0.732339
vt 0.749137 0.447499
vt 0.272259 0.199073
vt 0.775909 0.401349
vt 0.891026 0.025837
vt 0.731343 0.363013
vt 0.403510 0.258724
vt 0.415379 0.267173
vt 0.410599 0.283022
vt 0.897762 0.149329
vt 0.884030 0.140770
vt 0.910862 0.136649
vt 0.727393 0.672302
vt 0.573598 0.075345
vt 0.608570 0.128111
vt 0.780090 0.632898
vt 0.758480 0.633947
vt 0.780073 0.614732
vt 0.747595 0.625599
vt 0.735546 0.610550
vt 0.772377 0.604409
vt 0.935280 0.068002
vt 0.246326 0.881959
vt 0.247869 0.887274
vt 0.243704 0.885356
vt 0.913761 0.025920
vt 0.893503 0.014118
vt 0.242044 0.882511
vt 0.083217 0.794507
vt 0.096808 0.832153
vt 0.654315 0.124473
vt 0.670791 0.127568
vt 0.648530 0.153254
vt 0.895802 0.079422
vt 0.886422 0.093620
vt 0.262065 0.188365
vt 0.881481 0.102193
vt 0.724555 0.639296
vt 0.892720 0.120487
vt 0.183770 0.504318
vt 0.864354 0.042347
vt 0.196921 0.405371
vt 0.140305 0.586992
vt 0.132218 0.606941
vt 0.123121 0.585794
vt 0.182214 0.826924
vt 0.188871 0.862510
vt 0.253739 0.445493
vt 0.251349 0.457443
vt 0.754058 0.420673
vt 0.751659 0.418055
vt 0.859348 0.050751
vt 0.937815 0.098260
vt 0.940515 0.115219
vt 0.292431 0.934094
vt 0.846716 0.593379
vt 0.145898 0.378991
vt 0.310257 0.941293
vt 0.294275 0.241879
vt 0.152298 0.371395
vt 0.143794 0.361622
vt 0.314551 0.410738
vt 0.302106 0.417329
vt 0.304906 0.405129
vt 0.234170 0.461272
vt 0.243825 0.462830
vt 0.240608 0.456791
vt 0.743780 0.084760
vt 0.172384 0.440340
vt 0.177168 0.452136
vt 0.160222 0.447123
vt 0.153138 0.356183
vt 0.807355 0.805486
vt 0.840604 0.803068
vt 0.572582 0.179682
vt 0.220272 0.457929
vt 0.210985 0.446285
vt 0.223349 0.445404
vt 0.224788 0.255682
vt 0.575597 0.056278
vt 0.848545 0.023031
vt 0.307280 0.902600
vt 0.558351 0.102988
vt 0.248757 0.474677
vt 0.253115 0.468888
vt 0.333012 0.404338
vt 0.332509 0.396565
vt 0.345167 0.395754
vt 0.709209 0.633849
vt 0.225294 0.114907
vt 0.227071 0.108110
vt 0.241468 0.434201
vt 0.232939 0.437875
vt 0.263984 0.479654
vt 0.268876 0.470885
vt 0.272091 0.476597
vt 0.339574 0.961535
vt 0.355533 0.932730
vt 0.835858 0.042983
vt 0.846562 0.033629
vt 0.227915 0.454455
vt 0.559951 0.164952
vt 0.200285 0.444625
vt 0.200959 0.456810
vt 0.217008 0.416757
vt 0.216746 0.429930
vt 0.209805 0.424900
vt 0.841598 0.051553
vt 0.916761 0.017101
vt 0.488170 0.434425
vt 0.498031 0.457084
vt 0.474780 0.459270
vt 0.364149 0.468291
vt 0.349735 0.478825
vt 0.356259 0.459536
vt 0.747378 0.416944
vt 0.751766 0.411304
vt 0.336084 0.640402
vt 0.155315 0.650325
vt 0.155786 0.636358
vt 0.885132 0.127768
vt 0.900684 0.130994
vt 0.260667 0.470497
vt 0.176807 0.423677
vt 0.168149 0.425415
vt 0.872354 0.129867
vt 0.134204 0.373978
vt 0.879741 0.800127
vt 0.480045 0.840426
vt 0.452619 0.835820
vt 0.783513 0.402701
vt 0.356907 0.355895
vt 0.342513 0.367894
vt 0.347894 0.347678
vt 0.216834 0.467062
vt 0.207385 0.463831
vt 0.547100 0.229235
vt 0.543636 0.260237
vt 0.196632 0.470693
vt 0.189987 0.448993
vt 0.160235 0.422535
vt 0.150157 0.432551
vt 0.746662 0.435848
vt 0.746432 0.740097
vt 0.744567 0.736418
vt 0.185794 0.464489
vt 0.163105 0.661562
vt 0.139888 0.637984
vt 0.146216 0.652132
vt 0.263600 0.043829
vt 0.264307 0.002747
vt 0.281932 0.043255
vt 0.320435 0.951743
vt 0.318858 0.961984
vt 0.161586 0.304596
vt 0.160013 0.325907
vt 0.150030 0.339490
vt 0.180094 0.466131
vt 0.172373 0.463064
vt 0.359569 0.278195
vt 0.340088 0.272673
vt 0.260491 0.076885
vt 0.271003 0.066028
vt 0.294146 0.062585
vt 0.846597 0.115167
vt 0.918168 0.337213
vt 0.243738 0.920234
vt 0.254792 0.915071
vt 0.251674 0.925011
vt 0.326195 0.355893
vt 0.317812 0.352600
vt 0.324104 0.344327
vt 0.279956 0.476337
vt 0.277930 0.470374
vt 0.494717 0.036969
vt 0.254015 0.538857
vt 0.937145 0.315230
vt 0.928231 0.312571
vt 0.348608 0.385536
vt 0.167553 0.305637
vt 0.183737 0.717395
vt 0.212408 0.408722
vt 0.313065 0.230936
vt 0.337367 0.238073
vt 0.132852 0.623672
vt 0.345950 0.377065
vt 0.708877 0.653325
vt 0.352460 0.960113
vt 0.301937 0.953997
vt 0.299047 0.962385
vt 0.208526 0.473043
vt 0.770439 0.338376
vt 0.328507 0.387015
vt 0.316988 0.399277
vt 0.319405 0.384661
vt 0.284949 0.001623
vt 0.842748 0.003124
vt 0.163410 0.386357
vt 0.188432 0.500051
vt 0.177910 0.496938
vt 0.183146 0.492239
vt 0.207126 0.434886
vt 0.869794 0.145876
vt 0.685373 0.663070
vt 0.286448 0.501195
vt 0.170710 0.377659
vt 0.126323 0.285757
vt 0.139032 0.250739
vt 0.137408 0.279024
vt 0.216762 0.832278
vt 0.211013 0.842244
vt 0.834778 0.020654
vt 0.208292 0.211759
vt 0.205676 0.218778
vt 0.776285 0.685078
vt 0.785538 0.679738
vt 0.504987 0.135918
vt 0.205698 0.225734
vt 0.267681 0.536374
vt 0.162063 0.333740
vt 0.783478 0.306202
vt 0.129748 0.323353
vt 0.122186 0.343935
vt 0.121131 0.328944
vt 0.249783 0.038617
vt 0.299999 0.386581
vt 0.307141 0.379142
vt 0.304628 0.393521
vt 0.192866 0.477976
vt 0.251096 0.534708
vt 0.159574 0.534268
vt 0.367405 0.291181
vt 0.344944 0.286190
vt 0.772026 0.316712
vt 0.785489 0.327989
vt 0.523681 0.888581
vt 0.538929 0.881300
vt 0.525695 0.905136
vt 0.548247 0.901826
vt 0.559297 0.877054
vt 0.384530 0.293269
vt 0.361183 0.297362
vt 0.160645 0.541777
vt 0.188133 0.244674
vt 0.194954 0.226479
vt 0.201119 0.229790
vt 0.174931 0.386742
vt 0.802127 0.792582
vt 0.351358 0.301492
vt 0.727732 0.765600
vt 0.678146 0.707193
vt 0.671141 0.694488
vt 0.902145 0.779121
vt 0.865674 0.663229
vt 0.730194 0.740893
vt 0.905766 0.805486
vt 0.685694 0.752192
vt 0.710940 0.383890
vt 0.744653 0.368975
vt 0.196931 0.527226
vt 0.198599 0.533651
vt 0.795641 0.217230
vt 0.810200 0.209077
vt 0.816699 0.231923
vt 0.803414 0.426550
vt 0.803839 0.262030
vt 0.810377 0.246000
vt 0.198081 0.518467
vt 0.200092 0.524775
vt 0.200580 0.529863
vt 0.204126 0.534747
vt 0.811568 0.462642
vt 0.205591 0.520680
vt 0.206857 0.527070
vt 0.203861 0.514339
vt 0.211412 0.529595
vt 0.773055 0.156337
vt 0.833450 0.440106
vt 0.213761 0.519373
vt 0.409261 0.374878
vt 0.765635 0.246937
vt 0.727965 0.085919
vt 0.458395 0.502161
vt 0.249686 0.937198
vt 0.822055 0.146890
vt 0.778932 0.254873
vt 0.794940 0.245296
vt 0.492672 0.546280
vt 0.829181 0.195685
vt 0.462574 0.446305
vt 0.461680 0.467469
vt 0.447403 0.467226
vt 0.761757 0.168333
vt 0.780097 0.174096
vt 0.847132 0.478633
vt 0.732514 0.221146
vt 0.759403 0.223507
vt 0.741172 0.241377
vt 0.674969 0.742120
vt 0.477884 0.500428
vt 0.510001 0.495178
vt 0.483709 0.524682
vt 0.816450 0.775958
vt 0.476632 0.566122
vt 0.904638 0.064654
vt 0.256618 0.893726
vt 0.368762 0.849237
vt 0.354660 0.870276
vt 0.718944 0.736134
vt 0.726505 0.735093
vt 0.768577 0.378312
vt 0.509297 0.533661
vt 0.784526 0.378459
vt 0.771716 0.187951
vt 0.823599 0.248088
vt 0.854842 0.580860
vt 0.675810 0.735249
vt 0.783436 0.229183
vt 0.795807 0.196794
vt 0.697068 0.119865
vt 0.695833 0.141221
vt 0.690030 0.127930
vt 0.331066 0.613129
vt 0.739549 0.267617
vt 0.853369 0.735291
vt 0.714121 0.226410
vt 0.676157 0.447294
vt 0.699536 0.434609
vt 0.740641 0.381330
vt 0.880606 0.114511
vt 0.839825 0.206927
vt 0.833118 0.252296
vt 0.716084 0.238234
vt 0.249521 0.893023
vt 0.252144 0.899918
vt 0.245633 0.903930
vt 0.511431 0.555553
vt 0.427806 0.468462
vt 0.488552 0.477741
vt 0.817070 0.206577
vt 0.255061 0.907071
vt 0.300318 0.540891
vt 0.327559 0.338910
vt 0.320518 0.330615
vt 0.328230 0.326715
vt 0.289341 0.511795
vt 0.727697 0.245480
vt 0.641489 0.102871
vt 0.634016 0.119466
vt 0.295948 0.529529
vt 0.767026 0.731307
vt 0.296110 0.522180
vt 0.864913 0.192481
vt 0.298041 0.197705
vt 0.313171 0.216154
vt 0.791427 0.383687
vt 0.858427 0.558988
vt 0.870034 0.574050
vt 0.289539 0.490963
vt 0.306423 0.545028
vt 0.310174 0.538283
vt 0.245919 0.061379
vt 0.252792 0.068894
vt 0.293065 0.432662
vt 0.300288 0.436463
vt 0.289755 0.440215
vt 0.297814 0.509568
vt 0.303440 0.527662
vt 0.306425 0.533548
vt 0.297154 0.501842
vt 0.751201 0.178581
vt 0.306236 0.514015
vt 0.311769 0.526809
vt 0.297609 0.489079
vt 0.299271 0.497298
vt 0.574173 0.196258
vt 0.690388 0.733717
vt 0.689713 0.728790
vt 0.305643 0.504135
vt 0.317048 0.534056
vt 0.708040 0.375028
vt 0.948272 0.070342
vt 0.321982 0.536163
vt 0.324795 0.620868
vt 0.314166 0.509995
vt 0.317106 0.518837
vt 0.321435 0.528126
vt 0.327327 0.541176
vt 0.310308 0.493631
vt 0.315220 0.501595
vt 0.514051 0.455390
vt 0.326409 0.522447
vt 0.329188 0.531264
vt 0.320224 0.494945
vt 0.422505 0.338668
vt 0.807444 0.094579
vt 0.286135 0.230059
vt 0.297984 0.234198
vt 0.342840 0.082000
vt 0.360873 0.664325
vt 0.243659 0.893136
vt 0.735566 0.734498
vt 0.372564 0.919456
vt 0.386769 0.922323
vt 0.356092 0.647066
vt 0.260330 0.789778
vt 0.244381 0.798407
vt 0.272483 0.788443
vt 0.278113 0.778135
vt 0.515417 0.793672
vt 0.298800 0.154230
vt 0.286155 0.178412
vt 0.869502 0.448982
vt 0.853158 0.456965
vt 0.346166 0.661059
vt 0.330134 0.709983
vt 0.323607 0.695360
vt 0.355311 0.688776
vt 0.376566 0.173296
vt 0.327421 0.732576
vt 0.314867 0.718240
vt 0.327397 0.865573
vt 0.355144 0.678070
vt 0.714173 0.010853
vt 0.071866 0.220708
vt 0.064360 0.190845
vt 0.106215 0.183063
vt 0.348614 0.325465
vt 0.344237 0.672125
vt 0.548054 0.776101
vt 0.283490 0.726464
vt 0.244936 0.813881
vt 0.498867 0.255646
vt 0.336281 0.682321
vt 0.847548 0.504462
vt 0.310728 0.701076
vt 0.841567 0.722026
vt 0.861369 0.726661
vt 0.911581 0.268731
vt 0.234084 0.815161
vt 0.330706 0.691601
vt 0.453324 0.244226
vt 0.467402 0.258404
vt 0.454831 0.262976
vt 0.457517 0.218319
vt 0.476005 0.238152
vt 0.464856 0.238798
vt 0.306516 0.130593
vt 0.334097 0.168790
vt 0.360299 0.900765
vt 0.381406 0.891607
vt 0.229356 0.796719
vt 0.322244 0.898316
vt 0.249808 0.787155
vt 0.381100 0.869236
vt 0.294398 0.711495
vt 0.892175 0.718908
vt 0.897384 0.250688
vt 0.876840 0.235902
vt 0.307346 0.484976
vt 0.932357 0.297826
vt 0.926651 0.286769
vt 0.942533 0.289552
vt 0.245797 0.911057
vt 0.937904 0.298560
vt 0.919046 0.278032
vt 0.929717 0.276204
vt 0.331784 0.279895
vt 0.512987 0.843627
vt 0.498750 0.860300
vt 0.238269 0.085271
vt 0.233789 0.083899
vt 0.696502 0.420544
vt 0.130021 0.444316
vt 0.126135 0.460222
vt 0.519002 0.829353
vt 0.949407 0.303527
vt 0.920835 0.261420
vt 0.522376 0.807544
vt 0.484881 0.279442
vt 0.507478 0.286918
vt 0.489252 0.302792
vt 0.545831 0.825872
vt 0.955301 0.289220
vt 0.944337 0.310160
vt 0.724382 0.689123
vt 0.241093 0.875976
vt 0.368006 0.372216
vt 0.356277 0.368524
vt 0.238750 0.075229
vt 0.245619 0.080546
vt 0.798001 0.050784
vt 0.799328 0.072834
vt 0.789982 0.060560
vt 0.907076 0.240119
vt 0.282370 0.437074
vt 0.279999 0.446282
vt 0.274385 0.439821
vt 0.240127 0.910943
vt 0.317179 0.032261
vt 0.783335 0.075772
vt 0.233082 0.071217
vt 0.238121 0.071099
vt 0.244734 0.072784
vt 0.938284 0.269663
vt 0.287807 0.225798
vt 0.276140 0.222452
vt 0.481761 0.265563
vt 0.243056 0.902849
vt 0.553718 0.807897
vt 0.239731 0.902385
vt 0.590132 0.071498
vt 0.607296 0.070272
vt 0.631397 0.082636
vt 0.235726 0.063516
vt 0.873202 0.550262
vt 0.227447 0.063251
vt 0.552647 0.859842
vt 0.578615 0.870305
vt 0.582302 0.854024
vt 0.608966 0.805366
vt 0.616360 0.823118
vt 0.596941 0.832745
vt 0.402751 0.123033
vt 0.569671 0.768328
vt 0.232980 0.054597
vt 0.572970 0.829583
vt 0.635457 0.808643
vt 0.876216 0.474798
vt 0.425129 0.249837
vt 0.409103 0.242790
vt 0.570278 0.804532
vt 0.138577 0.323520
vt 0.401466 0.311653
vt 0.317131 0.487880
vt 0.890651 0.159552
vt 0.217601 0.037313
vt 0.525518 0.864901
vt 0.592281 0.799183
vt 0.786568 0.409644
vt 0.303805 0.029827
vt 0.891642 0.229701
vt 0.230422 0.037363
vt 0.533096 0.849048
vt 0.597080 0.774526
vt 0.966855 0.000175
vt 0.960467 0.014090
vt 0.948207 0.010590
vt 0.331812 0.417244
vt 0.338333 0.423832
vt 0.325244 0.429088
vt 0.761683 0.075477
vt 0.775522 0.089463
vt 0.763724 0.093924
vt 0.507904 0.881164
vt 0.203893 0.233956
vt 0.196890 0.245311
vt 0.337547 0.410581
vt 0.950208 0.096742
vt 0.419635 0.313787
vt 0.846017 0.527850
vt 0.315299 0.317841
vt 0.304246 0.319531
vt 0.295359 0.310284
vt 0.789562 0.041288
vt 0.132788 0.349161
vt 0.143823 0.338619
vt 0.926333 0.144732
vt 0.911960 0.155629
vt 0.226525 0.017591
vt 0.515464 0.313231
vt 0.964745 0.090366
vt 0.911310 0.171122
vt 0.936962 0.328974
vt 0.333883 0.437915
vt 0.965235 0.078492
vt 0.954417 0.114025
vt 0.313866 0.324229
vt 0.137759 0.434565
vt 0.949567 0.133208
vt 0.702437 0.699145
vt 0.312904 0.459609
vt 0.300063 0.460932
vt 0.307084 0.453692
vt 0.355695 0.427665
vt 0.368077 0.427895
vt 0.357974 0.439742
vt 0.695231 0.710417
vt 0.347452 0.428024
vt 0.346253 0.416140
vt 0.352568 0.419781
vt 0.342468 0.479408
vt 0.331642 0.463928
vt 0.332420 0.453289
vt 0.339055 0.457493
vt 0.195870 0.505729
vt 0.293492 0.408188
vt 0.286908 0.453786
vt 0.274724 0.456261
vt 0.728152 0.710650
vt 0.254421 0.118498
vt 0.716034 0.731018
vt 0.717409 0.725338
vt 0.270538 0.288446
vt 0.247996 0.285117
vt 0.740029 0.693423
vt 0.730300 0.690496
vt 0.734000 0.724325
vt 0.745563 0.705002
vt 0.733325 0.730770
vt 0.742421 0.718064
vt 0.757244 0.693744
vt 0.750855 0.686102
vt 0.761775 0.714859
vt 0.257784 0.235781
vt 0.746365 0.728516
vt 0.750280 0.732063
vt 0.776961 0.701883
vt 0.764923 0.725385
vt 0.771853 0.708725
vt 0.343994 0.468191
vt 0.323577 0.463258
vt 0.321504 0.455366
vt 0.262921 0.110670
vt 0.249347 0.096359
vt 0.779341 0.673114
vt 0.790934 0.694844
vt 0.412937 0.400764
vt 0.418079 0.380370
vt 0.419959 0.409960
vt 0.059277 0.597121
vt 0.044604 0.615192
vt 0.030167 0.608364
vt 0.117692 0.353310
vt 0.099069 0.362882
vt 0.084280 0.346669
vt 0.378963 0.431757
vt 0.351856 0.403270
vt 0.284003 0.294396
vt 0.304447 0.305345
vt 0.315780 0.308427
vt 0.323862 0.312799
vt 0.779877 0.726237
vt 0.259832 0.461590
vt 0.263126 0.454718
vt 0.295261 0.293795
vt 0.312246 0.298544
vt 0.335974 0.350773
vt 0.336968 0.336764
vt 0.335914 0.321249
vt 0.797417 0.712779
vt 0.327282 0.447571
vt 0.302519 0.429474
vt 0.307897 0.421867
vt 0.309763 0.426711
vt 0.298369 0.284289
vt 0.324769 0.295636
vt 0.333806 0.308933
vt 0.789870 0.728325
vt 0.281541 0.279802
vt 0.332414 0.299537
vt 0.804396 0.704420
vt 0.281769 0.269769
vt 0.315135 0.281123
vt 0.805581 0.723059
vt 0.320962 0.412719
vt 0.259398 0.263222
vt 0.296873 0.267164
vt 0.213674 0.204890
vt 0.211100 0.196032
vt 0.212252 0.212727
vt 0.226528 0.212669
vt 0.225058 0.222817
vt 0.636365 0.792716
vt 0.277516 0.255859
vt 0.935950 0.019561
vt 0.868993 0.487506
vt 0.859438 0.501464
vt 0.816945 0.709822
vt 0.209302 0.238827
vt 0.174244 0.303573
vt 0.100874 0.704378
vt 0.126218 0.700160
vt 0.096702 0.725996
vt 0.838330 0.688113
vt 0.329514 0.478385
vt 0.334537 0.470533
vt 0.222741 0.198549
vt 0.244787 0.230761
vt 0.322066 0.269259
vt 0.229431 0.232346
vt 0.826818 0.675815
vt 0.826512 0.690856
vt 0.826914 0.701675
vt 0.826616 0.696787
vt 0.755062 0.387073
vt 0.734658 0.397600
vt 0.719820 0.387051
vt 0.218696 0.185432
vt 0.180965 0.277999
vt 0.825741 0.712993
vt 0.801208 0.412497
vt 0.805600 0.395354
vt 0.235373 0.195293
vt 0.266789 0.237541
vt 0.279241 0.244525
vt 0.221138 0.128395
vt 0.833718 0.716102
vt 0.281399 0.462329
vt 0.274752 0.464945
vt 0.383585 0.370185
vt 0.850630 0.678177
vt 0.243508 0.183920
vt 0.278876 0.233787
vt 0.303192 0.478827
vt 0.298392 0.474153
vt 0.308949 0.467473
vt 0.217872 0.863449
vt 0.460898 0.149615
vt 0.450175 0.166242
vt 0.436990 0.155680
vt 0.928130 0.029142
vt 0.845652 0.698686
vt 0.231156 0.175326
vt 0.272126 0.228692
vt 0.317014 0.425476
vt 0.316303 0.375348
vt 0.321644 0.365829
vt 0.290821 0.469852
vt 0.295389 0.466309
vt 0.850211 0.706843
vt 0.456271 0.190662
vt 0.474876 0.187268
vt 0.467111 0.203083
vt 0.210627 0.803887
vt 0.329713 0.365376
vt 0.820965 0.441242
vt 0.335427 0.485030
vt 0.088986 0.327080
vt 0.061319 0.325749
vt 0.053914 0.308466
vt 0.871196 0.689301
vt 0.488824 0.198728
vt 0.508483 0.201190
vt 0.490387 0.213726
vt 0.512300 0.214481
vt 0.401834 0.390927
vt 0.865232 0.711022
vt 0.487734 0.180526
vt 0.530339 0.207421
vt 0.867736 0.699073
vt 0.359976 0.411872
vt 0.502216 0.186318
vt 0.425047 0.450711
vt 0.447169 0.436966
vt 0.190435 0.259063
vt 0.202106 0.252501
vt 0.268759 0.414830
vt 0.280614 0.413995
vt 0.274822 0.421173
vt 0.198130 0.278607
vt 0.523476 0.192555
vt 0.320973 0.469989
vt 0.881714 0.671228
vt 0.275355 0.428974
vt 0.261903 0.429463
vt 0.198276 0.497862
vt 0.133357 0.231861
vt 0.302344 0.370555
vt 0.881586 0.706305
vt 0.382484 0.399573
vt 0.389062 0.380065
vt 0.478690 0.166225
vt 0.514451 0.180820
vt 0.104933 0.239807
vt 0.379220 0.418177
vt 0.397306 0.412159
vt 0.392164 0.437141
vt 0.323338 0.443058
vt 0.329870 0.131650
vt 0.337977 0.159792
vt 0.446919 0.133773
vt 0.499179 0.163274
vt 0.370999 0.408522
vt 0.756375 0.098132
vt 0.892027 0.687653
vt 0.293334 0.111366
vt 0.477667 0.145696
vt 0.494344 0.151946
vt 0.523876 0.173169
vt 0.545061 0.195941
vt 0.580299 0.235618
vt 0.563783 0.263335
vt 0.768103 0.109877
vt 0.283863 0.098635
vt 0.365317 0.453179
vt 0.411167 0.150665
vt 0.430503 0.123052
vt 0.558219 0.212114
vt 0.593555 0.241984
vt 0.896681 0.702079
vt 0.858331 0.515177
vt 0.263895 0.091542
vt 0.279583 0.134956
vt 0.349740 0.121162
vt 0.353081 0.151342
vt 0.468890 0.133433
vt 0.511952 0.149900
vt 0.548876 0.182893
vt 0.785685 0.101174
vt 0.525329 0.153356
vt 0.536829 0.168678
vt 0.378329 0.450907
vt 0.089504 0.871454
vt 0.772341 0.122161
vt 0.882799 0.533914
vt 0.244992 0.087133
vt 0.252837 0.084871
vt 0.824861 0.035127
vt 0.822347 0.051015
vt 0.811409 0.045831
vt 0.812322 0.055829
vt 0.263887 0.439418
vt 0.263613 0.447486
vt 0.784063 0.127944
vt 0.486191 0.128319
vt 0.820978 0.003529
vt 0.287274 0.473972
vt 0.766968 0.136247
vt 0.860203 0.542379
vt 0.473565 0.117715
vt 0.254287 0.435307
vt 0.287837 0.403494
vt 0.276532 0.407178
vt 0.293520 0.480082
vt 0.373490 0.461979
vt 0.681128 0.714314
vt 0.398158 0.441576
vt 0.310467 0.474695
vt 0.186044 0.477350
vt 0.319400 0.478274
vt 0.285369 0.421086
vt 0.205536 0.490011
vt 0.009776 0.627104
vt 0.018045 0.634280
vt 0.015256 0.639365
vt 0.104671 0.325926
vt 0.065013 0.305222
vt 0.300477 0.450128
vt 0.295394 0.447477
vt 0.294580 0.441565
vt 0.406865 0.451876
vt 0.448747 0.412306
vt 0.456341 0.423511
vt 0.193281 0.487233
vt 0.140799 0.730411
vt 0.340527 0.431242
vt 0.204939 0.495710
vt 0.180135 0.483683
vt 0.133833 0.869638
vt 0.395715 0.465162
vt 0.753399 0.188968
vt 0.679672 0.126435
vt 0.690472 0.106871
vt 0.679178 0.115732
vt 0.090593 0.891942
vt 0.075015 0.098255
vt 0.096568 0.097764
vt 0.123085 0.122406
vt 0.703330 0.229186
vt 0.687008 0.092528
vt 0.888789 0.571798
vt 0.899154 0.561303
vt 0.675896 0.103992
vt 0.213778 0.255310
vt 0.687892 0.066976
vt 0.423000 0.431088
vt 0.383395 0.465369
vt 0.144784 0.469686
vt 0.686742 0.073871
vt 0.694121 0.054829
vt 0.703036 0.042916
vt 0.462686 0.336678
vt 0.461046 0.348306
vt 0.445891 0.343913
vt 0.037226 0.312692
vt 0.733164 0.000175
vt 0.673640 0.074410
vt 0.681851 0.048010
vt 0.692612 0.040195
vt 0.436615 0.409173
vt 0.305688 0.439313
vt 0.705221 0.004720
vt 0.526521 0.388251
vt 0.508176 0.375825
vt 0.536402 0.349875
vt 0.498480 0.342596
vt 0.525540 0.337263
vt 0.186655 0.286117
vt 0.290602 0.391550
vt 0.690856 0.021267
vt 0.690344 0.012043
vt 0.708667 0.023708
vt 0.676517 0.033785
vt 0.675869 0.020043
vt 0.485515 0.364875
vt 0.525263 0.412120
vt 0.503169 0.402281
vt 0.473597 0.356191
vt 0.486365 0.380903
vt 0.695199 0.377072
vt 0.482300 0.394248
vt 0.527996 0.435979
vt 0.506890 0.422924
vt 0.468339 0.377498
vt 0.478232 0.410453
vt 0.451075 0.369693
vt 0.482489 0.422543
vt 0.971475 0.016638
vt 0.981536 0.002910
vt 0.983063 0.018082
vt 0.671141 0.089888
vt 0.325918 0.434143
vt 0.455859 0.390810
vt 0.167034 0.676351
vt 0.463425 0.404399
vt 0.467802 0.425957
vt 0.176680 0.490662
vt 0.138251 0.877170
vt 0.315901 0.442310
vt 0.439949 0.388773
vt 0.428600 0.372028
vt 0.248859 0.424806
vt 0.147379 0.880302
vt 0.775436 0.390330
vt 0.579935 0.268052
vt 0.528075 0.272347
vt 0.778093 0.017607
vt 0.789890 0.011273
vt 0.774517 0.040085
vt 0.776582 0.053540
vt 0.166636 0.485680
vt 0.459507 0.319719
vt 0.479908 0.326057
vt 0.167262 0.478425
vt 0.173016 0.478427
vt 0.159668 0.477201
vt 0.362003 0.227725
vt 0.204133 0.401646
vt 0.440409 0.206873
vt 0.683617 0.527687
vt 0.461293 0.281740
vt 0.429618 0.170823
vt 0.414941 0.192246
vt 0.408472 0.177341
vt 0.893298 0.516660
vt 0.912864 0.549651
vt 0.437819 0.185383
vt 0.149480 0.459693
vt 0.471811 0.300320
vt 0.444846 0.289988
vt 0.449136 0.274779
vt 0.163047 0.463449
vt 0.397824 0.211197
vt 0.223221 0.102334
vt 0.756388 0.063558
vt 0.799958 0.002689
vt 0.439917 0.237642
vt 0.759172 0.004967
vt 0.774586 0.000731
vt 0.457628 0.300465
vt 0.428439 0.272291
vt 0.437722 0.261579
vt 0.364920 0.254304
vt 0.355732 0.176419
vt 0.152699 0.449176
vt 0.432316 0.221702
vt 0.382418 0.247828
vt 0.437800 0.331421
vt 0.395893 0.254646
vt 0.691784 0.538231
vt 0.377444 0.266370
vt 0.394790 0.150671
vt 0.310719 0.177483
vt 0.318934 0.195877
vt 0.340409 0.201830
vt 0.325197 0.208470
vt 0.168847 0.879846
vt 0.418021 0.224452
vt 0.390927 0.282161
vt 0.678410 0.556011
vt 0.354216 0.241524
vt 0.161259 0.362775
vt 0.292733 0.376106
vt 0.424506 0.199801
vt 0.222947 0.410580
vt 0.235589 0.413772
vt 0.440306 0.306941
vt 0.188156 0.391447
vt 0.347326 0.225408
vt 0.251062 0.413952
vt 0.671141 0.309347
vt 0.197661 0.392213
vt 0.215079 0.398330
vt 0.226454 0.402402
vt 0.235108 0.400990
vt 0.244605 0.400550
vt 0.192116 0.379441
vt 0.214628 0.385735
vt 0.203169 0.385455
vt 0.314975 0.343976
vt 0.226401 0.388539
vt 0.250430 0.403205
vt 0.905285 0.039266
vt 0.178447 0.370062
vt 0.267405 0.403459
vt 0.018369 0.303269
vt 0.020647 0.289969
vt 0.188346 0.371062
vt 0.207631 0.370058
vt 0.251441 0.392691
vt 0.236237 0.384705
vt 0.240776 0.388648
vt 0.262477 0.395957
vt 0.671141 0.508537
vt 0.177870 0.359881
vt 0.182530 0.354153
vt 0.193904 0.363458
vt 0.214815 0.372159
vt 0.228212 0.370589
vt 0.228854 0.376344
vt 0.175291 0.342749
vt 0.237680 0.370814
vt 0.168438 0.337673
vt 0.244659 0.372262
vt 0.249380 0.377194
vt 0.254344 0.385331
vt 0.276529 0.395247
vt 0.282600 0.397230
vt 0.203288 0.354559
vt 0.222152 0.361403
vt 0.265406 0.388654
vt 0.212677 0.361414
vt 0.257668 0.376728
vt 0.265789 0.381859
vt 0.190199 0.345131
vt 0.199157 0.345689
vt 0.230204 0.358633
vt 0.281988 0.383631
vt 0.255313 0.364770
vt 0.208042 0.342338
vt 0.214711 0.343770
vt 0.219602 0.350458
vt 0.186345 0.330160
vt 0.273733 0.372651
vt 0.194908 0.330742
vt 0.233653 0.347349
vt 0.244878 0.354098
vt 0.177475 0.312518
vt 0.204992 0.332109
vt 0.266390 0.362593
vt 0.281853 0.376491
vt 0.253717 0.349381
vt 0.190165 0.306581
vt 0.217936 0.332155
vt 0.286345 0.368773
vt 0.229701 0.333309
vt 0.279082 0.361581
vt 0.262026 0.349698
vt 0.195895 0.308665
vt 0.211211 0.312750
vt 0.242251 0.337252
vt 0.274837 0.353367
vt 0.150077 0.251299
vt 0.204089 0.311420
vt 0.218339 0.318182
vt 0.253921 0.336970
vt 0.235054 0.323047
vt 0.232401 0.317729
vt 0.244357 0.329294
vt 0.285185 0.356768
vt 0.265143 0.338299
vt 0.274338 0.345409
vt 0.290178 0.343102
vt 0.294738 0.356231
vt 0.231655 0.306838
vt 0.249031 0.322112
vt 0.272210 0.334451
vt 0.009695 0.186500
vt 0.029218 0.187122
vt 0.151579 0.269766
vt 0.750717 0.404275
vt 0.209239 0.281850
vt 0.212276 0.289137
vt 0.261098 0.323133
vt 0.081017 0.846095
vt 0.156404 0.823913
vt 0.285822 0.336047
vt 0.298129 0.345961
vt 0.229178 0.100355
vt 0.225017 0.290305
vt 0.260128 0.314894
vt 0.139763 0.573603
vt 0.281642 0.327058
vt 0.014636 0.658158
vt 0.010835 0.682975
vt 0.000175 0.655627
vt 0.256188 0.303371
vt 0.272543 0.321162
vt 0.305405 0.344003
vt 0.720688 0.408134
vt 0.230083 0.929506
vt 0.236003 0.924997
vt 0.296793 0.332392
vt 0.225095 0.274422
vt 0.280557 0.313072
vt 0.226287 0.069133
vt 0.293089 0.320779
vt 0.300152 0.326125
vt 0.309204 0.333529
vt 0.946870 0.323975
vt 0.401715 0.889960
vt 0.089522 0.655179
vt 0.144469 0.663760
vt 0.125443 0.667672
vt 0.140625 0.685264
vt 0.160127 0.674567
vt 0.175779 0.761346
vt 0.174820 0.698919
vt 0.030063 0.682292
vt 0.040055 0.691809
vt 0.193427 0.761545
vt 0.207190 0.785577
vt 0.067375 0.616266
vt 0.083178 0.623558
vt 0.094715 0.643516
vt 0.132403 0.541623
vt 0.061879 0.717624
vt 0.079761 0.705168
vt 0.077406 0.718957
vt 0.070054 0.697356
vt 0.056068 0.704069
vt 0.133045 0.560320
vt 0.043556 0.715690
vt 0.186431 0.791204
vt 0.012984 0.263247
vt 0.136791 0.309386
vt 0.086109 0.612677
vt 0.120903 0.681068
vt 0.183671 0.733162
vt 0.175600 0.717794
vt 0.119585 0.640555
vt 0.087832 0.658896
vt 0.241532 0.892991
vt 0.111754 0.335011
vt 0.059318 0.467422
vt 0.043224 0.448037
vt 0.086359 0.299792
vt 0.107259 0.279033
vt 0.129445 0.688051
vt 0.093718 0.679667
vt 0.044797 0.729831
vt 0.952800 0.024443
vt 0.931324 0.037196
vt 0.352831 0.059747
vt 0.060040 0.419050
vt 0.067750 0.390014
vt 0.157316 0.662434
vt 0.165822 0.695506
vt 0.019867 0.673607
vt 0.918506 0.047914
vt 0.078546 0.470950
vt 0.063856 0.572470
vt 0.086153 0.593043
vt 0.111649 0.683465
vt 0.114964 0.624431
vt 0.931559 0.055277
vt 0.107975 0.894571
vt 0.944394 0.062782
vt 0.049168 0.333605
vt 0.100134 0.341072
vt 0.942832 0.043227
vt 0.090603 0.382003
vt 0.130653 0.363621
vt 0.947574 0.053872
vt 0.113540 0.309403
vt 0.960525 0.062108
vt 0.127019 0.306620
vt 0.215336 0.048755
vt 0.956629 0.072417
vt 0.064922 0.358037
vt 0.959206 0.049275
vt 0.150762 0.750840
vt 0.057009 0.757047
vt 0.963377 0.298133
vt 0.098784 0.573149
vt 0.530340 0.043321
vt 0.149535 0.312958
vt 0.000175 0.221066
vt 0.962391 0.034984
vt 0.975586 0.054763
vt 0.978323 0.066861
vt 0.956214 0.313929
vt 0.115273 0.693487
vt 0.095837 0.697459
vt 0.980331 0.038339
vt 0.104643 0.593622
vt 0.988616 0.057786
vt 0.161892 0.789335
vt 0.471786 0.044613
vt 0.415184 0.099292
vt 0.496575 0.923458
vt 0.491777 0.899655
vt 0.998770 0.053640
vt 0.425841 0.076718
vt 0.440391 0.065183
vt 0.444501 0.051108
vt 0.999825 0.041105
vt 0.019701 0.326210
vt 0.093551 0.686664
vt 0.452041 0.035000
vt 0.482989 0.941133
vt 0.460227 0.911100
vt 0.474539 0.898681
vt 0.924531 0.349561
vt 0.933636 0.341639
vt 0.388662 0.092213
vt 0.413902 0.065381
vt 0.438848 0.025746
vt 0.480340 0.877517
vt 0.357841 0.099670
vt 0.226785 0.088956
vt 0.420126 0.043468
vt 0.447288 0.938274
vt 0.462233 0.941843
vt 0.373487 0.069384
vt 0.396867 0.048479
vt 0.415603 0.027855
vt 0.454759 0.881451
vt 0.216114 0.085521
vt 0.426808 0.946888
vt 0.429977 0.929865
vt 0.464989 0.867054
vt 0.471525 0.855484
vt 0.220598 0.071169
vt 0.436850 0.900675
vt 0.069902 0.675998
vt 0.230788 0.955639
vt 0.214278 0.126525
vt 0.203808 0.100130
vt 0.385706 0.027035
vt 0.444679 0.858074
vt 0.202972 0.041119
vt 0.367528 0.037593
vt 0.398708 0.953793
vt 0.406086 0.934585
vt 0.416357 0.908258
vt 0.425628 0.876967
vt 0.077031 0.492735
vt 0.190175 0.114626
vt 0.187700 0.053272
vt 0.405879 0.855204
vt 0.427220 0.836626
vt 0.202112 0.161980
vt 0.220193 0.955395
vt 0.206899 0.198922
vt 0.197952 0.209453
vt 0.192347 0.166769
vt 0.170506 0.058286
vt 0.232341 0.904077
vt 0.167737 0.123533
vt 0.161559 0.105854
vt 0.181976 0.951440
vt 0.188851 0.946214
vt 0.198482 0.960551
vt 0.210157 0.910727
vt 0.392428 0.838470
vt 0.177661 0.174976
vt 0.171837 0.081830
vt 0.151266 0.097840
vt 0.080592 0.953266
vt 0.096378 0.990022
vt 0.073166 0.973284
vt 0.228854 0.891586
vt 0.069359 0.946499
vt 0.239647 0.886916
vt 0.183151 0.212190
vt 0.151745 0.138453
vt 0.171939 0.195681
vt 0.156117 0.165771
vt 0.382196 0.827268
vt 0.173044 0.219451
vt 0.164578 0.208719
vt 0.145938 0.173444
vt 0.176302 0.235506
vt 0.092549 0.916771
vt 0.193769 0.882350
vt 0.214629 0.884416
vt 0.166323 0.236123
vt 0.152875 0.213033
vt 0.108656 0.179205
vt 0.158142 0.226812
vt 0.119840 0.104347
vt 0.077587 0.913784
vt 0.369002 0.951630
vt 0.357105 0.014182
s 0
usemtl Material.001
f 1069/1/1 1647/2/1 1578/3/1
f 1058/4/2 909/5/2 939/6/2
f 421/7/3 1176/8/3 238/9/3
f 1055/10/4 1101/11/4 1042/12/4
f 238/9/5 1059/13/5 1126/14/5
f 1254/15/6 30/16/6 1261/17/6
f 1065/18/7 1071/19/7 1/20/7
f 1037/21/8 1130/22/8 1120/23/8
f 1570/24/9 2381/25/9 1585/26/9
f 2434/27/10 2502/28/10 2473/29/10
f 1632/30/11 1654/31/11 1646/32/11
f 1144/33/12 1166/34/12 669/35/12
f 1202/36/13 1440/37/13 305/38/13
f 1071/19/14 1090/39/14 1/20/14
f 1555/40/15 1570/24/15 1584/41/15
f 1184/42/16 1174/43/16 404/44/16
f 65/45/17 432/46/17 12/47/17
f 1032/48/18 1085/49/18 574/50/18
f 1789/51/19 2207/52/19 2223/53/19
f 1154/54/20 1118/55/20 1184/42/20
f 1141/56/21 1086/57/21 1154/54/21
f 99/58/22 1117/59/22 342/60/22
f 404/44/23 1174/43/23 419/61/23
f 489/62/24 2000/63/24 1998/64/24
f 1118/55/25 1174/43/25 1184/42/25
f 1196/65/26 403/66/26 136/67/26
f 1495/68/27 717/69/27 1490/70/27
f 1804/71/28 402/72/28 1207/73/28
f 2272/74/29 1398/75/29 891/76/29
f 1100/77/30 1002/78/30 804/79/30
f 1596/80/31 1595/81/31 2381/25/31
f 208/82/32 420/83/32 1207/73/32
f 402/72/33 208/82/33 1207/73/33
f 1455/84/34 1935/85/34 1925/86/34
f 1176/8/35 1059/13/35 238/9/35
f 1150/87/36 1040/88/36 348/89/36
f 1957/90/37 1537/91/37 2051/92/37
f 1124/93/38 1189/94/38 939/6/38
f 1804/71/39 1207/73/39 1823/95/39
f 1381/96/40 1300/97/40 1109/98/40
f 383/99/41 384/100/41 1182/101/41
f 1085/49/42 1086/57/42 1141/56/42
f 1040/88/43 1046/102/43 132/103/43
f 220/104/44 1495/68/44 1188/105/44
f 420/83/45 261/106/45 1207/73/45
f 261/106/46 420/83/46 1065/18/46
f 1055/10/47 1133/107/47 1101/11/47
f 1054/108/48 421/7/48 403/66/48
f 182/109/49 1109/98/49 2/110/49
f 1181/111/50 1207/73/50 320/112/50
f 545/113/51 1570/24/51 1561/114/51
f 35/115/52 342/60/52 432/46/52
f 1024/116/53 574/50/53 1141/56/53
f 432/46/54 342/60/54 12/47/54
f 1489/117/55 1081/118/55 1547/119/55
f 1181/111/56 320/112/56 1805/120/56
f 1516/121/57 1683/122/57 1507/123/57
f 357/124/58 1117/59/58 1047/125/58
f 1561/114/59 1570/24/59 1555/40/59
f 1090/39/60 1196/65/60 1206/126/60
f 1047/125/61 1203/127/61 1051/128/61
f 1165/129/62 202/130/62 1121/131/62
f 1099/132/63 341/133/63 301/134/63
f 1174/43/64 240/135/64 419/61/64
f 922/136/65 921/137/65 833/138/65
f 1121/131/66 1080/139/66 385/140/66
f 815/141/67 21/142/67 1183/143/67
f 35/115/68 99/58/68 342/60/68
f 1083/144/69 398/145/69 262/146/69
f 106/147/70 94/148/70 1317/149/70
f 94/148/71 292/150/71 1317/149/71
f 292/150/72 95/151/72 1317/149/72
f 940/152/73 1039/153/73 1033/154/73
f 1300/155/74 1306/156/74 433/157/74
f 21/142/75 212/158/75 471/159/75
f 1120/23/76 1131/160/76 1037/21/76
f 833/138/77 921/137/77 688/161/77
f 1117/59/78 357/124/78 342/60/78
f 106/147/79 271/162/79 94/148/79
f 386/163/80 227/164/80 1375/165/80
f 1130/22/81 1044/166/81 1053/167/81
f 419/61/82 240/135/82 219/168/82
f 1255/169/83 1244/170/83 32/171/83
f 1557/172/84 1081/118/84 1489/117/84
f 2062/173/85 2120/174/85 2109/175/85
f 2034/176/86 2110/177/86 430/178/86
f 23/179/87 315/180/87 1111/181/87
f 291/182/88 94/148/88 271/162/88
f 291/182/89 292/150/89 94/148/89
f 50/183/90 386/163/90 95/151/90
f 964/184/91 734/185/91 665/186/91
f 1616/187/92 1585/26/92 1611/188/92
f 445/189/93 1084/190/93 402/72/93
f 574/50/94 1085/49/94 1141/56/94
f 1654/31/95 341/133/95 1653/191/95
f 220/104/96 1188/105/96 1640/192/96
f 342/60/97 69/193/97 12/47/97
f 417/194/98 261/106/98 328/195/98
f 292/150/99 50/183/99 95/151/99
f 204/196/100 227/164/100 386/163/100
f 50/183/101 204/196/101 386/163/101
f 1276/197/102 1471/198/102 1311/199/102
f 1206/126/103 1196/65/103 136/67/103
f 1033/154/104 1055/10/104 1042/12/104
f 1037/21/105 1044/166/105 1130/22/105
f 1180/200/106 320/112/106 417/194/106
f 1121/131/107 202/130/107 1080/139/107
f 325/201/108 203/202/108 271/162/108
f 291/182/109 76/203/109 292/150/109
f 292/150/110 237/204/110 50/183/110
f 2159/205/111 1696/206/111 1767/207/111
f 583/208/112 929/209/112 850/210/112
f 1584/41/113 1585/26/113 1616/187/113
f 1495/68/114 1490/70/114 1188/105/114
f 1557/172/115 1489/117/115 1660/211/115
f 1078/212/116 1069/1/116 1494/213/116
f 1972/214/117 1992/215/117 1971/216/117
f 183/217/118 1226/218/118 2000/63/118
f 325/201/119 429/219/119 203/202/119
f 292/150/120 76/203/120 237/204/120
f 1152/220/121 227/164/121 1143/221/121
f 1488/222/122 1412/223/122 1489/117/122
f 1638/224/123 1646/32/123 1653/191/123
f 1947/225/124 1869/226/124 2468/227/124
f 203/202/125 306/228/125 291/182/125
f 306/228/126 76/203/126 291/182/126
f 237/204/127 248/229/127 50/183/127
f 204/196/128 1143/221/128 227/164/128
f 2395/230/129 14/231/129 429/219/129
f 1502/232/130 881/233/130 2500/234/130
f 1/20/131 1090/39/131 202/130/131
f 1652/235/132 1653/191/132 1099/132/132
f 2117/236/133 1863/237/133 2496/238/133
f 50/183/134 248/229/134 204/196/134
f 160/239/135 792/240/135 994/241/135
f 884/242/136 888/243/136 857/244/136
f 544/245/137 2117/236/137 2496/238/137
f 1090/39/138 1206/126/138 202/130/138
f 2463/246/139 879/247/139 2492/248/139
f 429/219/140 306/228/140 203/202/140
f 498/249/141 188/250/141 418/251/141
f 865/252/142 884/242/142 857/244/142
f 994/241/143 998/253/143 1014/254/143
f 884/242/144 897/255/144 888/243/144
f 1795/256/145 948/257/145 1802/258/145
f 208/82/146 1035/259/146 1071/19/146
f 1065/18/147 1/20/147 1066/260/147
f 377/261/148 435/262/148 1377/263/148
f 304/264/149 429/219/149 14/231/149
f 304/264/150 306/228/150 429/219/150
f 73/265/151 60/266/151 74/267/151
f 248/229/152 592/268/152 204/196/152
f 846/269/153 2264/270/153 829/271/153
f 897/255/154 912/272/154 906/273/154
f 1004/274/155 991/275/155 992/276/155
f 1422/277/156 1421/278/156 1233/279/156
f 980/280/157 10/281/157 303/282/157
f 1058/283/158 922/136/158 909/284/158
f 2436/285/159 2449/286/159 2418/287/159
f 394/288/160 435/262/160 377/261/160
f 435/262/161 475/289/161 446/290/161
f 475/291/162 474/292/162 446/293/162
f 336/294/163 337/295/163 361/296/163
f 338/297/164 235/298/164 372/299/164
f 624/300/165 148/301/165 129/302/165
f 812/303/166 306/228/166 596/304/166
f 1726/305/167 992/276/167 1019/306/167
f 945/307/168 1514/308/168 1511/309/168
f 1069/1/169 1627/310/169 1628/311/169
f 1812/312/170 1823/95/170 1181/111/170
f 1165/129/171 1121/131/171 169/313/171
f 447/314/172 475/289/172 435/262/172
f 2487/315/173 2458/316/173 901/317/173
f 42/318/174 59/319/174 46/320/174
f 401/321/175 7/322/175 187/323/175
f 1010/324/176 970/325/176 797/326/176
f 1513/327/177 220/104/177 1640/192/177
f 2474/328/178 2491/329/178 2462/330/178
f 594/331/179 307/332/179 1014/254/179
f 398/145/180 1513/327/180 1640/192/180
f 307/332/181 594/331/181 1026/333/181
f 545/113/182 2381/25/182 1570/24/182
f 403/66/183 421/7/183 238/9/183
f 445/189/184 402/72/184 127/334/184
f 1611/188/185 1631/335/185 1616/187/185
f 1805/120/186 1180/200/186 1148/336/186
f 394/288/187 447/314/187 435/262/187
f 2341/337/188 2413/338/188 2376/339/188
f 75/340/189 74/267/189 60/266/189
f 541/341/190 47/342/190 42/318/190
f 47/342/191 59/319/191 42/318/191
f 541/341/192 42/318/192 28/343/192
f 917/344/193 931/345/193 1103/346/193
f 897/255/194 906/273/194 883/347/194
f 2484/348/195 2068/349/195 779/350/195
f 888/243/196 883/347/196 857/244/196
f 261/106/197 1065/18/197 328/195/197
f 363/351/198 1307/352/198 349/353/198
f 377/261/199 363/351/199 394/288/199
f 444/354/200 747/355/200 464/356/200
f 323/357/201 338/297/201 362/358/201
f 92/359/202 116/360/202 74/267/202
f 592/268/203 634/361/203 97/362/203
f 982/363/204 1027/364/204 1004/274/204
f 1020/365/205 982/363/205 1004/274/205
f 1084/190/206 1054/108/206 1035/259/206
f 208/82/207 402/72/207 1084/190/207
f 421/7/208 1119/366/208 1176/8/208
f 1207/73/209 1181/111/209 1823/95/209
f 1179/367/210 1187/368/210 1160/369/210
f 263/370/211 296/371/211 1343/372/211
f 1298/373/212 296/371/212 1307/352/212
f 1307/352/213 296/371/213 349/353/213
f 405/374/214 363/351/214 349/353/214
f 405/374/215 394/288/215 363/351/215
f 405/374/216 447/314/216 394/288/216
f 362/358/217 372/299/217 384/100/217
f 338/297/218 372/299/218 362/358/218
f 983/375/219 1004/274/219 987/376/219
f 122/377/220 134/378/220 139/379/220
f 415/380/221 440/381/221 414/382/221
f 75/340/222 92/359/222 74/267/222
f 226/383/223 186/384/223 246/385/223
f 796/386/224 787/387/224 700/388/224
f 1119/366/225 1059/13/225 1176/8/225
f 122/377/226 114/389/226 91/390/226
f 624/300/227 129/302/227 116/360/227
f 641/391/228 558/392/228 631/393/228
f 1311/199/229 1318/394/229 1487/395/229
f 100/396/230 1162/397/230 1170/398/230
f 1653/191/231 341/133/231 1099/132/231
f 1316/399/232 1983/400/232 273/401/232
f 263/370/233 277/402/233 296/371/233
f 296/371/234 358/403/234 349/353/234
f 436/404/235 447/314/235 405/374/235
f 109/405/236 554/406/236 570/407/236
f 504/408/237 1385/409/237 2501/410/237
f 115/411/238 122/377/238 91/390/238
f 2068/349/239 2460/412/239 779/350/239
f 43/413/240 777/414/240 163/415/240
f 378/416/241 405/374/241 349/353/241
f 358/403/242 378/416/242 349/353/242
f 448/417/243 447/314/243 436/404/243
f 448/417/244 476/418/244 447/314/244
f 78/419/245 77/420/245 108/421/245
f 75/340/246 60/266/246 47/342/246
f 1764/422/247 2481/423/247 1795/256/247
f 717/69/248 714/424/248 1512/425/248
f 1490/70/249 717/69/249 1501/426/249
f 238/9/250 1126/14/250 168/427/250
f 1878/428/251 1866/429/251 826/430/251
f 2025/431/252 2360/432/252 2367/433/252
f 251/434/253 278/435/253 263/370/253
f 278/435/254 277/402/254 263/370/254
f 277/402/255 318/436/255 296/371/255
f 296/371/256 318/436/256 358/403/256
f 318/436/257 350/437/257 358/403/257
f 378/416/258 436/404/258 405/374/258
f 384/100/259 372/299/259 1182/101/259
f 454/438/260 440/381/260 415/380/260
f 987/376/261 1004/274/261 992/276/261
f 493/439/262 476/418/262 448/417/262
f 323/357/263 788/440/263 338/297/263
f 403/66/264 238/9/264 136/67/264
f 1565/441/265 1503/442/265 1474/443/265
f 297/444/266 277/402/266 278/435/266
f 297/444/267 318/436/267 277/402/267
f 358/403/268 350/437/268 378/416/268
f 378/416/269 388/445/269 436/404/269
f 476/418/270 493/439/270 500/446/270
f 73/265/271 105/447/271 60/266/271
f 323/357/272 337/295/272 312/448/272
f 953/449/273 1573/450/273 2358/451/273
f 142/452/274 161/453/274 119/454/274
f 454/438/275 443/455/275 440/381/275
f 1862/456/276 1871/457/276 1405/458/276
f 297/444/277 319/459/277 318/436/277
f 560/460/278 47/342/278 541/341/278
f 170/461/279 1323/462/279 111/463/279
f 357/124/280 1047/125/280 1050/464/280
f 1119/366/281 98/465/281 1059/13/281
f 1838/466/282 1877/467/282 1900/468/282
f 2359/469/283 230/470/283 251/434/283
f 350/437/284 364/471/284 378/416/284
f 449/472/285 448/417/285 436/404/285
f 449/472/286 493/439/286 448/417/286
f 185/473/287 186/384/287 226/383/287
f 443/455/288 469/474/288 479/475/288
f 874/476/289 165/477/289 2480/478/289
f 463/479/290 444/354/290 464/356/290
f 64/480/291 105/447/291 91/390/291
f 1182/101/292 440/381/292 1129/481/292
f 1958/482/293 1651/483/293 2502/28/293
f 1238/484/294 2034/176/294 191/485/294
f 251/434/295 279/486/295 278/435/295
f 278/435/296 279/486/296 297/444/296
f 364/471/297 388/445/297 378/416/297
f 483/487/298 493/439/298 449/472/298
f 134/378/299 148/301/299 139/379/299
f 244/488/300 268/489/300 259/490/300
f 910/491/301 942/492/301 930/493/301
f 105/447/302 115/411/302 91/390/302
f 24/494/303 30/16/303 18/495/303
f 1132/496/304 487/497/304 1059/13/304
f 1869/226/305 1947/225/305 2021/498/305
f 2497/499/306 2494/500/306 2463/246/306
f 2359/469/307 2385/501/307 230/470/307
f 230/470/308 280/502/308 251/434/308
f 251/434/309 280/502/309 279/486/309
f 279/486/310 308/503/310 297/444/310
f 297/444/311 308/503/311 319/459/311
f 319/459/312 364/471/312 318/436/312
f 364/471/313 350/437/313 318/436/313
f 388/445/314 395/504/314 436/404/314
f 436/404/315 395/504/315 449/472/315
f 493/439/316 472/505/316 500/446/316
f 122/377/317 129/302/317 134/378/317
f 125/506/318 142/452/318 124/507/318
f 373/508/319 400/509/319 393/510/319
f 24/494/320 557/511/320 30/16/320
f 2264/270/321 2278/512/321 2251/513/321
f 1261/17/322 30/16/322 1269/514/322
f 1730/515/323 1862/456/323 1877/467/323
f 252/516/324 280/502/324 230/470/324
f 343/517/325 364/471/325 319/459/325
f 364/471/326 343/517/326 388/445/326
f 63/518/327 64/480/327 91/390/327
f 399/519/328 393/510/328 416/520/328
f 416/520/329 444/354/329 463/479/329
f 162/521/330 189/522/330 142/452/330
f 768/523/331 373/508/331 326/524/331
f 189/522/332 661/525/332 177/526/332
f 189/522/333 199/527/333 661/525/333
f 847/528/334 887/529/334 864/530/334
f 533/531/335 747/355/335 444/354/335
f 1744/532/336 1022/533/336 1418/534/336
f 1170/398/337 524/535/337 729/536/337
f 121/537/338 1342/538/338 128/539/338
f 1236/540/339 1244/170/339 26/541/339
f 280/502/340 281/542/340 279/486/340
f 281/542/341 308/503/341 279/486/341
f 343/517/342 319/459/342 308/503/342
f 343/517/343 365/543/343 388/445/343
f 388/445/344 365/543/344 395/504/344
f 365/543/345 406/544/345 395/504/345
f 406/544/346 449/472/346 395/504/346
f 483/487/347 477/545/347 493/439/347
f 477/545/348 491/546/348 472/505/348
f 493/439/349 477/545/349 472/505/349
f 78/419/350 109/405/350 77/420/350
f 166/547/351 174/548/351 196/549/351
f 481/550/352 150/551/352 814/552/352
f 63/518/353 59/319/353 64/480/353
f 326/524/354 373/508/354 393/510/354
f 643/553/355 260/554/355 43/413/355
f 230/470/356 253/555/356 252/516/356
f 449/472/357 441/556/357 483/487/357
f 441/556/358 477/545/358 483/487/358
f 415/380/359 416/520/359 463/479/359
f 226/383/360 246/385/360 245/557/360
f 464/356/361 470/558/361 454/438/361
f 323/357/362 362/358/362 337/295/362
f 52/559/363 37/560/363 1283/561/363
f 253/555/364 281/542/364 252/516/364
f 281/542/365 280/502/365 252/516/365
f 309/562/366 308/503/366 281/542/366
f 330/563/367 343/517/367 308/503/367
f 366/564/368 365/543/368 343/517/368
f 441/556/369 449/472/369 406/544/369
f 464/356/370 814/552/370 15/565/370
f 883/347/371 906/273/371 887/529/371
f 337/295/372 362/358/372 371/566/372
f 479/475/373 498/249/373 290/567/373
f 247/568/374 746/569/374 1003/570/374
f 25/571/375 37/560/375 557/511/375
f 640/572/376 930/493/376 669/35/376
f 2486/573/377 2499/574/377 2459/575/377
f 309/562/378 330/563/378 308/503/378
f 343/517/379 330/563/379 366/564/379
f 441/556/380 437/576/380 477/545/380
f 290/567/381 498/249/381 418/251/381
f 124/507/382 119/454/382 108/421/382
f 77/420/383 124/507/383 108/421/383
f 589/577/384 125/506/384 109/405/384
f 570/407/385 589/577/385 109/405/385
f 125/506/386 162/521/386 142/452/386
f 1045/578/387 433/157/387 1034/579/387
f 1207/73/388 261/106/388 320/112/388
f 2004/580/389 2474/581/389 2495/582/389
f 1215/583/390 1228/584/390 2285/585/390
f 365/543/391 396/586/391 406/544/391
f 396/586/392 422/587/392 406/544/392
f 422/587/393 437/576/393 441/556/393
f 406/544/394 422/587/394 441/556/394
f 59/319/395 47/342/395 60/266/395
f 51/588/396 78/419/396 66/589/396
f 361/296/397 371/566/397 383/99/397
f 196/549/398 215/590/398 214/591/398
f 463/479/399 454/438/399 415/380/399
f 27/592/400 41/593/400 535/594/400
f 53/595/401 1283/561/401 37/560/401
f 84/596/402 1299/597/402 1283/561/402
f 1805/120/403 320/112/403 1180/200/403
f 254/598/404 253/555/404 222/599/404
f 254/598/405 281/542/405 253/555/405
f 309/562/406 366/564/406 330/563/406
f 396/586/407 365/543/407 366/564/407
f 456/600/408 477/545/408 437/576/408
f 484/601/409 491/546/409 477/545/409
f 2480/478/410 2485/602/410 2493/603/410
f 418/251/411 188/250/411 187/323/411
f 53/595/412 85/604/412 1283/561/412
f 85/604/413 84/596/413 1283/561/413
f 420/83/414 1071/19/414 1065/18/414
f 264/605/415 281/542/415 254/598/415
f 298/606/416 309/562/416 281/542/416
f 368/607/417 366/564/417 367/608/417
f 368/607/418 396/586/418 366/564/418
f 1639/609/419 1564/610/419 1139/611/419
f 560/460/420 48/612/420 47/342/420
f 82/613/421 471/159/421 212/158/421
f 25/571/422 38/614/422 37/560/422
f 202/130/423 1206/126/423 1080/139/423
f 264/605/424 298/606/424 281/542/424
f 298/606/425 331/615/425 309/562/425
f 309/562/426 331/615/426 366/564/426
f 331/615/427 367/608/427 366/564/427
f 396/586/428 368/607/428 422/587/428
f 422/587/429 456/600/429 437/576/429
f 491/546/430 1192/616/430 313/617/430
f 1699/618/431 2064/619/431 1710/620/431
f 462/621/432 443/455/432 479/475/432
f 371/566/433 362/358/433 384/100/433
f 2502/28/434 2476/622/434 2464/623/434
f 371/566/435 384/100/435 383/99/435
f 21/142/436 732/624/436 212/158/436
f 1571/625/437 1629/626/437 1627/310/437
f 38/614/438 39/627/438 53/595/438
f 37/560/439 38/614/439 53/595/439
f 39/627/440 85/604/440 53/595/440
f 1173/628/441 1184/42/441 404/44/441
f 1006/629/442 2142/630/442 1674/631/442
f 201/632/443 255/633/443 254/598/443
f 255/633/444 264/605/444 254/598/444
f 368/607/445 407/634/445 422/587/445
f 450/635/446 456/600/446 422/587/446
f 450/635/447 484/601/447 456/600/447
f 456/600/448 484/601/448 477/545/448
f 314/636/449 1192/616/449 491/546/449
f 2027/637/450 2501/410/450 2489/638/450
f 2475/639/451 2471/640/451 2488/641/451
f 551/642/452 492/643/452 732/624/452
f 464/356/453 481/550/453 814/552/453
f 1081/118/454 1494/213/454 1547/119/454
f 201/632/455 231/644/455 255/633/455
f 407/634/456 450/635/456 422/587/456
f 484/601/457 494/645/457 491/546/457
f 494/645/458 327/646/458 491/546/458
f 327/646/459 314/636/459 491/546/459
f 876/647/460 797/326/460 995/648/460
f 847/528/461 856/649/461 829/271/461
f 125/506/462 143/650/462 162/521/462
f 134/378/463 129/302/463 148/301/463
f 1564/610/464 1571/625/464 1627/310/464
f 417/194/465 320/112/465 261/106/465
f 328/195/466 1065/18/466 1066/260/466
f 170/461/467 156/651/467 201/632/467
f 156/651/468 231/644/468 201/632/468
f 231/644/469 282/652/469 255/633/469
f 282/652/470 264/605/470 255/633/470
f 450/635/471 485/653/471 484/601/471
f 484/601/472 485/653/472 494/645/472
f 2463/246/473 2486/573/473 2479/654/473
f 159/655/474 185/473/474 167/656/474
f 492/643/475 68/657/475 212/158/475
f 732/624/476 492/643/476 212/158/476
f 68/657/477 82/613/477 212/158/477
f 1311/199/478 1471/198/478 1296/658/478
f 101/659/479 156/651/479 111/463/479
f 332/660/480 264/605/480 282/652/480
f 332/660/481 298/606/481 264/605/481
f 332/660/482 331/615/482 298/606/482
f 331/615/483 332/660/483 367/608/483
f 407/634/484 423/661/484 450/635/484
f 450/635/485 423/661/485 485/653/485
f 804/79/486 1002/78/486 1443/662/486
f 2484/348/487 779/350/487 946/663/487
f 689/664/488 443/455/488 462/621/488
f 440/381/489 689/664/489 1129/481/489
f 166/547/490 167/656/490 174/548/490
f 38/614/491 31/665/491 39/627/491
f 112/666/492 145/667/492 101/659/492
f 101/659/493 145/667/493 156/651/493
f 156/651/494 256/668/494 231/644/494
f 332/660/495 423/661/495 368/607/495
f 367/608/496 332/660/496 368/607/496
f 368/607/497 423/661/497 407/634/497
f 946/663/498 779/350/498 920/669/498
f 1432/670/499 1261/17/499 1449/671/499
f 461/672/500 478/673/500 453/674/500
f 464/356/501 15/565/501 470/558/501
f 31/665/502 54/675/502 39/627/502
f 39/627/503 54/675/503 85/604/503
f 86/676/504 101/659/504 85/604/504
f 145/667/505 210/677/505 156/651/505
f 282/652/506 283/678/506 332/660/506
f 283/678/507 369/679/507 332/660/507
f 369/679/508 423/661/508 332/660/508
f 423/661/509 408/680/509 485/653/509
f 854/681/510 876/647/510 965/682/510
f 78/419/511 108/421/511 66/589/511
f 440/381/512 443/455/512 689/664/512
f 374/683/513 2465/684/513 961/685/513
f 929/209/514 519/686/514 979/687/514
f 54/675/515 86/676/515 85/604/515
f 156/651/516 241/688/516 256/668/516
f 256/668/517 282/652/517 231/644/517
f 256/668/518 283/678/518 282/652/518
f 389/689/519 423/661/519 369/679/519
f 389/689/520 408/680/520 423/661/520
f 408/680/521 457/690/521 485/653/521
f 457/690/522 49/691/522 485/653/522
f 485/653/523 49/691/523 494/645/523
f 494/645/524 135/692/524 327/646/524
f 175/693/525 83/694/525 314/636/525
f 1167/695/526 1140/696/526 1483/697/526
f 196/549/527 174/548/527 215/590/527
f 697/698/528 16/699/528 68/657/528
f 1038/700/529 82/613/529 16/699/529
f 140/701/530 117/702/530 141/703/530
f 1654/31/531 1653/191/531 1646/32/531
f 1234/704/532 54/675/532 31/665/532
f 86/676/533 112/666/533 101/659/533
f 210/677/534 241/688/534 156/651/534
f 923/705/535 917/344/535 911/706/535
f 697/698/536 34/707/536 16/699/536
f 145/667/537 193/708/537 210/677/537
f 256/668/538 265/709/538 283/678/538
f 265/709/539 310/710/539 283/678/539
f 283/678/540 310/710/540 369/679/540
f 310/710/541 344/711/541 369/679/541
f 344/711/542 370/712/542 369/679/542
f 370/712/543 389/689/543 369/679/543
f 409/713/544 408/680/544 389/689/544
f 409/713/545 466/714/545 408/680/545
f 466/714/546 457/690/546 408/680/546
f 466/714/547 49/691/547 457/690/547
f 49/691/548 135/692/548 494/645/548
f 174/548/549 225/715/549 215/590/549
f 1014/254/550 766/716/550 602/717/550
f 826/430/551 2220/718/551 2215/719/551
f 1078/212/552 1494/213/552 1081/118/552
f 1273/720/553 70/721/553 86/676/553
f 120/722/554 112/666/554 86/676/554
f 146/723/555 145/667/555 112/666/555
f 146/723/556 193/708/556 145/667/556
f 265/709/557 256/668/557 241/688/557
f 223/724/558 265/709/558 241/688/558
f 486/725/559 49/691/559 466/714/559
f 175/693/560 327/646/560 135/692/560
f 105/447/561 122/377/561 115/411/561
f 480/726/562 15/565/562 681/727/562
f 225/715/563 234/728/563 215/590/563
f 731/729/564 34/707/564 697/698/564
f 86/676/565 54/675/565 1273/720/565
f 70/721/566 120/722/566 86/676/566
f 193/708/567 241/688/567 210/677/567
f 299/730/568 310/710/568 265/709/568
f 310/710/569 333/731/569 344/711/569
f 344/711/570 351/732/570 370/712/570
f 424/733/571 466/714/571 409/713/571
f 135/692/572 49/691/572 175/693/572
f 214/591/573 215/590/573 234/728/573
f 48/612/574 75/340/574 47/342/574
f 34/707/575 9/734/575 1038/700/575
f 16/699/576 34/707/576 1038/700/576
f 203/202/577 291/182/577 271/162/577
f 9/734/578 558/392/578 754/735/578
f 1195/736/579 397/737/579 1120/23/579
f 120/722/580 146/723/580 112/666/580
f 146/723/581 194/738/581 193/708/581
f 266/739/582 265/709/582 223/724/582
f 266/739/583 299/730/583 265/709/583
f 299/730/584 333/731/584 310/710/584
f 333/731/585 351/732/585 344/711/585
f 382/740/586 383/99/586 392/741/586
f 399/519/587 416/520/587 415/380/587
f 266/739/588 333/731/588 299/730/588
f 351/732/589 352/742/589 370/712/589
f 424/733/590 486/725/590 466/714/590
f 487/497/591 175/693/591 49/691/591
f 7/322/592 117/702/592 187/323/592
f 1182/101/593 414/382/593 440/381/593
f 41/593/594 42/318/594 46/320/594
f 290/567/595 289/743/595 497/744/595
f 2502/28/596 2464/623/596 2473/29/596
f 372/299/597 399/519/597 414/382/597
f 1570/24/598 1585/26/598 1584/41/598
f 1066/260/599 1/20/599 1165/129/599
f 1/20/600 202/130/600 1165/129/600
f 120/722/601 70/721/601 102/745/601
f 157/746/602 146/723/602 120/722/602
f 194/738/603 223/724/603 193/708/603
f 223/724/604 241/688/604 193/708/604
f 352/742/605 379/747/605 370/712/605
f 370/712/606 379/747/606 389/689/606
f 410/748/607 409/713/607 389/689/607
f 2478/749/608 1409/750/608 1958/482/608
f 806/751/609 945/307/609 1002/78/609
f 157/746/610 194/738/610 146/723/610
f 267/752/611 266/739/611 223/724/611
f 267/752/612 333/731/612 266/739/612
f 379/747/613 410/748/613 389/689/613
f 410/748/614 438/753/614 409/713/614
f 438/753/615 424/733/615 409/713/615
f 190/754/616 205/755/616 143/650/616
f 337/295/617 371/566/617 361/296/617
f 2215/719/618 830/756/618 826/430/618
f 1631/335/619 1646/32/619 1638/224/619
f 102/745/620 157/746/620 120/722/620
f 157/746/621 195/757/621 194/738/621
f 195/757/622 223/724/622 194/738/622
f 195/757/623 211/758/623 223/724/623
f 223/724/624 211/758/624 267/752/624
f 267/752/625 300/759/625 333/731/625
f 300/759/626 334/760/626 351/732/626
f 333/731/627 300/759/627 351/732/627
f 351/732/628 334/760/628 352/742/628
f 410/748/629 411/761/629 438/753/629
f 438/753/630 486/725/630 424/733/630
f 487/497/631 49/691/631 486/725/631
f 875/762/632 594/331/632 989/763/632
f 108/421/633 581/764/633 66/589/633
f 225/715/634 245/557/634 244/488/634
f 312/448/635 336/294/635 335/765/635
f 151/766/636 754/735/636 107/767/636
f 274/768/637 1386/769/637 300/759/637
f 352/742/638 334/760/638 379/747/638
f 923/705/639 1729/770/639 1096/771/639
f 244/488/640 245/557/640 268/489/640
f 463/479/641 464/356/641 454/438/641
f 414/382/642 399/519/642 415/380/642
f 15/565/643 480/726/643 470/558/643
f 1647/2/644 1069/1/644 1078/212/644
f 909/284/645 922/136/645 833/138/645
f 387/772/646 417/194/646 328/195/646
f 133/773/647 157/746/647 102/745/647
f 1314/774/648 133/773/648 102/745/648
f 133/773/649 195/757/649 157/746/649
f 1148/336/650 1179/367/650 1160/369/650
f 1046/102/651 1167/695/651 182/109/651
f 379/747/652 411/761/652 410/748/652
f 792/240/653 339/775/653 229/776/653
f 391/777/654 7/322/654 668/778/654
f 185/473/655 226/383/655 174/548/655
f 461/672/656 290/567/656 497/744/656
f 2027/637/657 504/408/657 2501/410/657
f 1196/65/658 1054/108/658 403/66/658
f 728/779/659 1019/306/659 752/780/659
f 2459/575/660 2483/781/660 2461/782/660
f 1291/783/661 1264/784/661 55/785/661
f 133/773/662 1356/786/662 195/757/662
f 195/757/663 1356/786/663 211/758/663
f 412/787/664 438/753/664 411/761/664
f 4/788/665 486/725/665 438/753/665
f 458/789/666 4/788/666 438/753/666
f 4/788/667 487/497/667 486/725/667
f 1720/790/668 1572/791/668 1771/792/668
f 245/557/669 275/793/669 268/489/669
f 1869/226/670 2021/498/670 2059/794/670
f 235/298/671 399/519/671 372/299/671
f 64/480/672 60/266/672 105/447/672
f 836/795/673 2492/248/673 879/247/673
f 1315/796/674 133/773/674 1314/774/674
f 1331/797/675 1382/798/675 1356/786/675
f 1310/799/676 926/800/676 1128/801/676
f 7/322/677 1121/131/677 117/702/677
f 119/454/678 161/453/678 611/802/678
f 380/803/679 379/747/679 334/760/679
f 379/747/680 380/803/680 411/761/680
f 467/804/681 4/788/681 458/789/681
f 495/805/682 487/497/682 4/788/682
f 495/805/683 1126/14/683 487/497/683
f 416/520/684 400/509/684 533/531/684
f 479/475/685 469/474/685 498/249/685
f 74/267/686 116/360/686 73/265/686
f 478/673/687 461/672/687 497/744/687
f 393/510/688 400/509/688 416/520/688
f 61/806/689 1291/783/689 55/785/689
f 505/807/690 1999/808/690 2474/328/690
f 1999/808/691 2491/329/691 2474/328/691
f 199/527/692 189/522/692 36/809/692
f 1164/810/693 1165/129/693 169/313/693
f 1179/367/694 387/772/694 249/811/694
f 390/812/695 411/761/695 380/803/695
f 411/761/696 390/812/696 412/787/696
f 458/789/697 438/753/697 412/787/697
f 495/805/698 168/427/698 1126/14/698
f 480/726/699 469/474/699 470/558/699
f 116/360/700 122/377/700 105/447/700
f 418/251/701 187/323/701 140/701/701
f 185/473/702 174/548/702 167/656/702
f 166/547/703 148/301/703 167/656/703
f 470/558/704 469/474/704 443/455/704
f 40/813/705 55/785/705 32/171/705
f 61/806/706 71/814/706 1291/783/706
f 71/814/707 103/815/707 1291/783/707
f 1184/42/708 1173/628/708 1154/54/708
f 634/361/709 514/816/709 97/362/709
f 425/817/710 458/789/710 412/787/710
f 917/344/711 923/705/711 931/345/711
f 2472/818/712 2489/638/712 853/819/712
f 754/735/713 641/391/713 567/820/713
f 44/821/714 567/820/714 1163/822/714
f 454/438/715 470/558/715 443/455/715
f 40/813/716 32/171/716 1249/823/716
f 33/824/717 40/813/717 1249/823/717
f 56/825/718 55/785/718 40/813/718
f 56/825/719 61/806/719 55/785/719
f 451/826/720 1265/827/720 439/828/720
f 1180/200/721 417/194/721 1179/367/721
f 1099/132/722 301/134/722 1077/829/722
f 1189/94/723 1058/4/723 939/6/723
f 1059/13/724 221/830/724 1132/496/724
f 598/831/725 1074/832/725 1075/833/725
f 412/787/726 426/834/726 425/817/726
f 650/835/727 186/384/727 185/473/727
f 234/728/728 244/488/728 259/490/728
f 226/383/729 245/557/729 225/715/729
f 1033/154/730 1042/12/730 1030/836/730
f 2492/248/731 836/795/731 247/568/731
f 7/322/732 169/313/732 1121/131/732
f 1462/837/733 1322/838/733 1482/839/733
f 425/817/734 467/804/734 458/789/734
f 496/840/735 4/788/735 467/804/735
f 1751/841/736 2468/227/736 2480/842/736
f 290/567/737 418/251/737 140/701/737
f 326/524/738 789/843/738 762/844/738
f 142/452/739 177/526/739 161/453/739
f 165/845/740 1751/841/740 2480/842/740
f 87/846/741 103/815/741 71/814/741
f 103/815/742 87/846/742 104/847/742
f 1180/200/743 1179/367/743 1148/336/743
f 417/194/744 387/772/744 1179/367/744
f 2081/848/745 2060/849/745 2031/850/745
f 1154/54/746 1173/628/746 1141/56/746
f 181/851/747 131/852/747 197/853/747
f 442/854/748 425/817/748 426/834/748
f 614/855/749 144/856/749 143/650/749
f 876/647/750 1010/324/750 797/326/750
f 40/813/751 45/857/751 56/825/751
f 56/825/752 45/857/752 61/806/752
f 87/846/753 71/814/753 61/806/753
f 1563/858/754 1437/859/754 1590/860/754
f 1121/131/755 385/140/755 117/702/755
f 1148/336/756 1160/369/756 1137/861/756
f 1449/671/757 1459/862/757 1439/863/757
f 1028/864/758 2462/330/758 929/209/758
f 442/854/759 459/865/759 425/817/759
f 459/865/760 467/804/760 425/817/760
f 168/427/761 495/805/761 4/788/761
f 496/840/762 168/427/762 4/788/762
f 1763/866/763 1403/867/763 1444/868/763
f 140/701/764 187/323/764 117/702/764
f 244/488/765 234/728/765 225/715/765
f 246/385/766 740/869/766 269/870/766
f 372/299/767 414/382/767 1182/101/767
f 40/813/768 547/871/768 45/857/768
f 45/857/769 62/872/769 61/806/769
f 62/872/770 87/846/770 61/806/770
f 87/846/771 88/873/771 104/847/771
f 1084/190/772 517/874/772 1054/108/772
f 387/772/773 328/195/773 1064/875/773
f 2467/876/774 2497/499/774 2485/602/774
f 286/877/775 1363/878/775 302/879/775
f 205/755/776 189/522/776 162/521/776
f 290/567/777 140/701/777 289/743/777
f 214/591/778 234/728/778 224/880/778
f 393/510/779 399/519/779 809/881/779
f 315/882/780 1131/160/780 397/737/780
f 302/879/781 321/883/781 353/884/781
f 1164/810/782 169/313/782 391/777/782
f 427/885/783 459/865/783 442/854/783
f 217/886/784 496/840/784 467/804/784
f 217/886/785 168/427/785 496/840/785
f 978/887/786 969/888/786 2074/889/786
f 361/296/787 383/99/787 382/740/787
f 269/870/788 276/890/788 245/557/788
f 1440/37/789 11/891/789 305/38/789
f 62/872/790 88/873/790 87/846/790
f 328/195/791 1066/260/791 1064/875/791
f 1066/260/792 1165/129/792 1164/810/792
f 242/892/793 287/893/793 302/879/793
f 1363/878/794 242/892/794 302/879/794
f 287/893/795 321/883/795 302/879/795
f 1179/367/796 249/811/796 1187/368/796
f 983/375/797 1020/365/797 1004/274/797
f 464/356/798 747/355/798 481/550/798
f 788/440/799 323/357/799 276/890/799
f 269/870/800 245/557/800 246/385/800
f 88/873/801 89/894/801 1325/895/801
f 171/896/802 172/897/802 242/892/802
f 360/898/803 353/884/803 321/883/803
f 360/898/804 1354/899/804 353/884/804
f 1057/900/805 1064/875/805 1164/810/805
f 2184/901/806 2188/902/806 2183/903/806
f 460/904/807 459/865/807 451/826/807
f 460/904/808 467/804/808 459/865/808
f 149/905/809 168/427/809 217/886/809
f 149/905/810 136/67/810 168/427/810
f 116/360/811 129/302/811 122/377/811
f 109/405/812 124/507/812 77/420/812
f 159/655/813 167/656/813 148/301/813
f 28/343/814 42/318/814 41/593/814
f 57/906/815 88/873/815 62/872/815
f 45/857/816 57/906/816 62/872/816
f 1336/907/817 1325/895/817 89/894/817
f 89/894/818 72/908/818 1336/907/818
f 147/909/819 172/897/819 171/896/819
f 172/897/820 258/910/820 242/892/820
f 258/910/821 257/911/821 242/892/821
f 257/911/822 287/893/822 242/892/822
f 257/911/823 321/883/823 287/893/823
f 345/912/824 360/898/824 321/883/824
f 360/898/825 381/913/825 1354/899/825
f 1069/1/826 938/914/826 1655/915/826
f 387/772/827 473/916/827 249/811/827
f 270/917/828 217/886/828 467/804/828
f 130/918/829 136/67/829 149/905/829
f 851/919/830 847/528/830 829/271/830
f 983/375/831 987/376/831 975/920/831
f 189/522/832 177/526/832 142/452/832
f 88/873/833 72/908/833 89/894/833
f 184/921/834 258/910/834 172/897/834
f 257/911/835 288/922/835 321/883/835
f 1265/827/836 451/826/836 459/865/836
f 270/917/837 149/905/837 217/886/837
f 226/383/838 225/715/838 174/548/838
f 27/592/839 28/343/839 41/593/839
f 109/405/840 125/506/840 124/507/840
f 547/871/841 57/906/841 45/857/841
f 57/906/842 58/923/842 88/873/842
f 88/873/843 58/923/843 72/908/843
f 2476/622/844 2484/348/844 2458/316/844
f 147/909/845 184/921/845 172/897/845
f 184/921/846 213/924/846 258/910/846
f 258/910/847 243/925/847 257/911/847
f 243/925/848 288/922/848 257/911/848
f 345/912/849 321/883/849 288/922/849
f 391/777/850 169/313/850 7/322/850
f 468/926/851 460/904/851 451/826/851
f 468/926/852 488/927/852 460/904/852
f 270/917/853 467/804/853 460/904/853
f 488/927/854 270/917/854 460/904/854
f 1206/126/855 136/67/855 130/918/855
f 481/550/856 793/928/856 150/551/856
f 143/650/857 205/755/857 162/521/857
f 142/452/858 119/454/858 124/507/858
f 58/923/859 90/929/859 72/908/859
f 90/929/860 128/539/860 72/908/860
f 147/909/861 173/930/861 184/921/861
f 173/930/862 213/924/862 184/921/862
f 213/924/863 233/931/863 258/910/863
f 258/910/864 233/931/864 243/925/864
f 354/932/865 360/898/865 345/912/865
f 354/932/866 381/913/866 360/898/866
f 1026/333/867 991/275/867 307/332/867
f 268/489/868 312/448/868 259/490/868
f 1206/126/869 130/918/869 1080/139/869
f 116/360/870 105/447/870 73/265/870
f 139/379/871 148/301/871 166/547/871
f 275/793/872 312/448/872 268/489/872
f 188/250/873 401/321/873 187/323/873
f 2479/654/874 2459/575/874 2461/782/874
f 58/923/875 63/518/875 90/929/875
f 1064/875/876 1066/260/876 1164/810/876
f 1064/875/877 473/916/877 387/772/877
f 288/922/878 311/933/878 345/912/878
f 311/933/879 354/932/879 345/912/879
f 996/934/880 994/241/880 307/332/880
f 452/935/881 468/926/881 439/828/881
f 452/935/882 478/673/882 468/926/882
f 478/673/883 488/927/883 468/926/883
f 141/703/884 130/918/884 149/905/884
f 1564/610/885 1639/609/885 1563/858/885
f 547/871/886 41/593/886 57/906/886
f 2081/848/887 2107/936/887 2060/849/887
f 382/740/888 381/913/888 354/932/888
f 497/744/889 270/917/889 488/927/889
f 289/743/890 149/905/890 270/917/890
f 289/743/891 141/703/891 149/905/891
f 114/389/892 122/377/892 139/379/892
f 59/319/893 60/266/893 64/480/893
f 275/793/894 323/357/894 312/448/894
f 401/321/895 668/778/895 7/322/895
f 41/593/896 46/320/896 57/906/896
f 57/906/897 46/320/897 58/923/897
f 1459/862/898 1345/937/898 1269/514/898
f 1342/538/899 121/537/899 158/938/899
f 166/547/900 173/930/900 158/938/900
f 213/924/901 224/880/901 233/931/901
f 233/931/902 259/490/902 243/925/902
f 243/925/903 322/939/903 288/922/903
f 322/939/904 311/933/904 288/922/904
f 453/674/905 478/673/905 452/935/905
f 497/744/906 289/743/906 270/917/906
f 912/272/907 911/706/907 906/273/907
f 276/890/908 323/357/908 275/793/908
f 276/890/909 275/793/909 245/557/909
f 46/320/910 63/518/910 58/923/910
f 90/929/911 121/537/911 128/539/911
f 173/930/912 214/591/912 213/924/912
f 213/924/913 214/591/913 224/880/913
f 259/490/914 322/939/914 243/925/914
f 336/294/915 311/933/915 322/939/915
f 336/294/916 354/932/916 311/933/916
f 361/296/917 382/740/917 354/932/917
f 1043/940/918 439/828/918 1290/941/918
f 497/744/919 488/927/919 478/673/919
f 385/140/920 130/918/920 141/703/920
f 385/140/921 1080/139/921 130/918/921
f 144/856/922 190/754/922 143/650/922
f 535/594/923 41/593/923 547/871/923
f 121/537/924 166/547/924 158/938/924
f 335/765/925 336/294/925 322/939/925
f 354/932/926 336/294/926 361/296/926
f 2004/580/927 2481/423/927 1764/422/927
f 698/942/928 439/828/928 1043/940/928
f 289/743/929 140/701/929 141/703/929
f 923/705/930 1096/771/930 931/345/930
f 650/835/931 185/473/931 159/655/931
f 46/320/932 59/319/932 63/518/932
f 63/518/933 91/390/933 90/929/933
f 90/929/934 114/389/934 121/537/934
f 121/537/935 139/379/935 166/547/935
f 173/930/936 196/549/936 214/591/936
f 259/490/937 335/765/937 322/939/937
f 2478/749/938 2502/28/938 2434/27/938
f 312/448/939 337/295/939 336/294/939
f 90/929/940 91/390/940 114/389/940
f 114/389/941 139/379/941 121/537/941
f 166/547/942 196/549/942 173/930/942
f 224/880/943 234/728/943 233/931/943
f 234/728/944 259/490/944 233/931/944
f 259/490/945 312/448/945 335/765/945
f 1124/93/946 916/943/946 1189/94/946
f 542/944/947 541/341/947 530/945/947
f 462/621/948 479/475/948 290/567/948
f 269/870/949 783/946/949 276/890/949
f 813/947/950 567/820/950 641/391/950
f 276/890/951 783/946/951 788/440/951
f 82/613/952 1038/700/952 1333/948/952
f 816/949/953 701/950/953 703/951/953
f 672/952/954 137/953/954 603/954/954
f 625/955/955 635/956/955 624/300/955
f 2457/957/956 2439/958/956 1973/959/956
f 767/960/957 533/531/957 529/961/957
f 2468/227/958 1869/226/958 2480/842/958
f 662/962/959 190/754/959 639/963/959
f 711/964/960 720/965/960 719/966/960
f 630/967/961 639/963/961 614/855/961
f 161/453/962 654/968/962 638/969/962
f 781/970/963 991/275/963 982/363/963
f 1227/971/964 31/665/964 516/972/964
f 648/973/965 639/963/965 630/967/965
f 630/967/966 614/855/966 590/974/966
f 2098/975/967 544/245/967 1899/976/967
f 578/977/968 579/978/968 586/979/968
f 697/698/969 492/643/969 551/642/969
f 529/961/970 533/531/970 400/509/970
f 869/980/971 859/981/971 870/982/971
f 1732/983/972 924/984/972 914/985/972
f 1004/274/973 1027/364/973 991/275/973
f 801/986/974 591/987/974 603/954/974
f 636/988/975 676/989/975 651/990/975
f 876/647/976 949/991/976 965/682/976
f 2207/52/977 1789/51/977 1859/992/977
f 76/203/978 739/993/978 237/204/978
f 188/250/979 681/727/979 15/565/979
f 578/977/980 604/994/980 599/995/980
f 797/326/981 616/996/981 995/648/981
f 510/997/982 2035/998/982 1365/999/982
f 76/203/983 812/303/983 617/1000/983
f 617/1000/984 739/993/984 76/203/984
f 1468/1001/985 93/1002/985 1765/1003/985
f 596/304/986 546/1004/986 812/303/986
f 1457/1005/987 1305/1006/987 1477/1007/987
f 760/1008/988 197/853/988 150/551/988
f 671/1009/989 773/1010/989 765/1011/989
f 586/979/990 609/1012/990 604/994/990
f 591/987/991 700/388/991 632/1013/991
f 476/1014/992 2312/1015/992 474/292/992
f 2084/1016/993 2027/637/993 2489/638/993
f 582/1017/994 590/974/994 571/1018/994
f 1555/40/995 2449/286/995 1996/1019/995
f 674/1020/996 546/1004/996 596/304/996
f 812/303/997 655/1021/997 617/1000/997
f 161/453/998 177/526/998 661/525/998
f 599/995/999 604/994/999 636/988/999
f 700/388/1000 787/387/1000 576/1022/1000
f 776/1023/1001 675/1024/1001 572/1025/1001
f 776/1023/1002 674/1020/1002 675/1024/1002
f 617/1000/1003 634/361/1003 739/993/1003
f 591/987/1004 632/1013/1004 649/1026/1004
f 612/1027/1005 546/1004/1005 674/1020/1005
f 617/1000/1006 655/1021/1006 634/361/1006
f 728/779/1007 752/780/1007 706/1028/1007
f 571/1018/1008 2311/1029/1008 2305/1030/1008
f 775/1031/1009 674/1020/1009 776/1023/1009
f 775/1031/1010 612/1027/1010 674/1020/1010
f 612/1027/1011 628/1032/1011 546/1004/1011
f 546/1004/1012 628/1032/1012 812/303/1012
f 812/303/1013 628/1032/1013 655/1021/1013
f 620/1033/1014 630/967/1014 615/1034/1014
f 620/1033/1015 648/973/1015 630/967/1015
f 667/1035/1016 653/1036/1016 646/1037/1016
f 810/1038/1017 782/1039/1017 785/1040/1017
f 150/551/1018 197/853/1018 814/552/1018
f 534/1041/1019 1517/1042/1019 2000/63/1019
f 702/1043/1020 572/1025/1020 2378/1044/1020
f 748/1045/1021 776/1023/1021 572/1025/1021
f 655/1021/1022 613/1046/1022 634/361/1022
f 911/706/1023 917/344/1023 905/1047/1023
f 648/973/1024 679/1048/1024 662/962/1024
f 727/1049/1025 771/1050/1025 713/1051/1025
f 750/1052/1026 807/1053/1026 799/1054/1026
f 639/963/1027 190/754/1027 144/856/1027
f 662/962/1028 679/1048/1028 200/1055/1028
f 702/1043/1029 748/1045/1029 572/1025/1029
f 775/1031/1030 776/1023/1030 748/1045/1030
f 628/1032/1031 718/1056/1031 655/1021/1031
f 626/1057/1032 658/1058/1032 645/1059/1032
f 791/1060/1033 778/1061/1033 790/1062/1033
f 612/1027/1034 811/1063/1034 628/1032/1034
f 613/1046/1035 514/816/1035 634/361/1035
f 1380/1064/1036 1756/1065/1036 1673/1066/1036
f 570/407/1037 590/974/1037 614/855/1037
f 720/965/1038 741/1067/1038 719/966/1038
f 1074/832/1039 795/1068/1039 835/1069/1039
f 614/855/1040 639/963/1040 144/856/1040
f 612/1027/1041 775/1031/1041 811/1063/1041
f 718/1056/1042 735/1070/1042 655/1021/1042
f 655/1021/1043 735/1070/1043 613/1046/1043
f 798/1071/1044 338/297/1044 788/440/1044
f 636/988/1045 652/1072/1045 676/989/1045
f 571/1018/1046 590/974/1046 555/1073/1046
f 528/1074/1047 730/1075/1047 687/1076/1047
f 690/1077/1048 702/1043/1048 2312/1015/1048
f 476/1014/1049 690/1077/1049 2312/1015/1049
f 811/1063/1050 718/1056/1050 628/1032/1050
f 721/1078/1051 778/1061/1051 727/1049/1051
f 748/1045/1052 702/1043/1052 690/1077/1052
f 735/1070/1053 686/1079/1053 613/1046/1053
f 1517/1042/1054 2002/1080/1054 2127/1081/1054
f 654/968/1055 685/1082/1055 667/1035/1055
f 569/1083/1056 588/1084/1056 606/1085/1056
f 513/1086/1057 531/1087/1057 538/1088/1057
f 538/1088/1058 549/1089/1058 548/1090/1058
f 549/1089/1059 553/1091/1059 548/1090/1059
f 550/1092/1060 588/1084/1060 549/1089/1060
f 1903/1093/1061 869/980/1061 870/982/1061
f 691/1094/1062 775/1031/1062 748/1045/1062
f 691/1094/1063 600/1095/1063 775/1031/1063
f 600/1095/1064 811/1063/1064 775/1031/1064
f 811/1063/1065 563/1096/1065 718/1056/1065
f 563/1096/1066 736/1097/1066 718/1056/1066
f 718/1056/1067 736/1097/1067 735/1070/1067
f 736/1097/1068 647/1098/1068 735/1070/1068
f 735/1070/1069 647/1098/1069 686/1079/1069
f 686/1079/1070 745/1099/1070 613/1046/1070
f 745/1099/1071 514/816/1071 613/1046/1071
f 569/1083/1072 606/1085/1072 605/1100/1072
f 654/968/1073 667/1035/1073 638/969/1073
f 851/919/1074 857/244/1074 847/528/1074
f 588/1084/1075 569/1083/1075 549/1089/1075
f 690/1077/1076 691/1094/1076 748/1045/1076
f 680/1101/1077 514/816/1077 745/1099/1077
f 2127/1081/1078 2002/1080/1078 2094/1102/1078
f 747/355/1079 701/950/1079 481/550/1079
f 400/509/1080 373/508/1080 529/961/1080
f 600/1095/1081 536/1103/1081 811/1063/1081
f 536/1103/1082 563/1096/1082 811/1063/1082
f 1306/156/1083 227/164/1083 1152/220/1083
f 522/1104/1084 24/494/1084 18/495/1084
f 523/1105/1085 24/494/1085 522/1104/1085
f 865/252/1086 857/244/1086 851/919/1086
f 2031/850/1087 2060/849/1087 1540/1106/1087
f 767/960/1088 701/950/1088 747/355/1088
f 618/1107/1089 652/1072/1089 609/1012/1089
f 652/1072/1090 636/988/1090 609/1012/1090
f 573/1108/1091 22/1109/1091 710/1110/1091
f 642/1111/1092 699/1112/1092 730/1075/1092
f 1522/1113/1093 1518/1114/1093 2476/622/1093
f 500/1115/1094 629/1116/1094 691/1094/1094
f 690/1077/1095 500/1115/1095 691/1094/1095
f 691/1094/1096 629/1116/1096 600/1095/1096
f 780/1117/1097 644/1118/1097 641/391/1097
f 579/978/1098 578/977/1098 561/1119/1098
f 131/852/1099 668/778/1099 197/853/1099
f 197/853/1100 668/778/1100 814/552/1100
f 789/843/1101 809/881/1101 798/1071/1101
f 622/1120/1102 760/1008/1102 150/551/1102
f 621/1121/1103 563/1096/1103 536/1103/1103
f 673/1122/1104 745/1099/1104 686/1079/1104
f 673/1122/1105 818/1123/1105 745/1099/1105
f 818/1123/1106 680/1101/1106 745/1099/1106
f 680/1101/1107 96/1124/1107 514/816/1107
f 2495/1125/1108 2462/330/1108 1028/864/1108
f 1028/864/1109 583/208/1109 575/1126/1109
f 663/1127/1110 794/1128/1110 664/1129/1110
f 629/1116/1111 761/1130/1111 600/1095/1111
f 761/1130/1112 757/1131/1112 600/1095/1112
f 600/1095/1113 757/1131/1113 536/1103/1113
f 621/1121/1114 696/1132/1114 563/1096/1114
f 755/1133/1115 736/1097/1115 563/1096/1115
f 696/1132/1116 755/1133/1116 563/1096/1116
f 633/1134/1117 736/1097/1117 755/1133/1117
f 633/1134/1118 647/1098/1118 736/1097/1118
f 623/1135/1119 686/1079/1119 647/1098/1119
f 633/1134/1120 623/1135/1120 647/1098/1120
f 686/1079/1121 623/1135/1121 673/1122/1121
f 819/1136/1122 680/1101/1122 818/1123/1122
f 680/1101/1123 819/1136/1123 96/1124/1123
f 1729/770/1124 1677/1137/1124 1096/771/1124
f 2482/1138/1125 1899/976/1125 2471/640/1125
f 537/1139/1126 536/1103/1126 757/1131/1126
f 536/1103/1127 537/1139/1127 621/1121/1127
f 673/1122/1128 819/1136/1128 818/1123/1128
f 2428/1140/1129 222/599/1129 230/470/1129
f 25/571/1130 24/494/1130 523/1105/1130
f 25/571/1131 557/511/1131 24/494/1131
f 38/614/1132 25/571/1132 19/1141/1132
f 710/1110/1133 22/1109/1133 272/1142/1133
f 663/1127/1134 759/1143/1134 794/1128/1134
f 1120/23/1135 878/1144/1135 1195/736/1135
f 537/1139/1136 696/1132/1136 621/1121/1136
f 696/1132/1137 633/1134/1137 755/1133/1137
f 822/1145/1138 2215/719/1138 2220/718/1138
f 97/362/1139 96/1124/1139 1053/167/1139
f 750/1052/1140 784/1146/1140 743/1147/1140
f 887/529/1141 905/1047/1141 864/530/1141
f 768/523/1142 784/1146/1142 373/508/1142
f 512/1148/1143 513/1086/1143 548/1090/1143
f 573/1108/1144 664/1129/1144 22/1109/1144
f 696/1132/1145 715/1149/1145 633/1134/1145
f 673/1122/1146 521/1150/1146 819/1136/1146
f 2454/1151/1147 2453/1152/1147 2445/1153/1147
f 883/347/1148 887/529/1148 847/528/1148
f 306/228/1149 812/303/1149 76/203/1149
f 642/1111/1150 528/1074/1150 759/1143/1150
f 798/1071/1151 809/881/1151 235/298/1151
f 994/241/1152 792/240/1152 998/253/1152
f 587/1154/1153 626/1057/1153 586/979/1153
f 1900/468/1154 1918/1155/1154 1937/1156/1154
f 645/1059/1155 652/1072/1155 618/1107/1155
f 537/1139/1156 786/1157/1156 696/1132/1156
f 521/1150/1157 593/1158/1157 819/1136/1157
f 515/1159/1158 19/1141/1158 523/1105/1158
f 741/1067/1159 749/1160/1159 719/966/1159
f 789/843/1160 326/524/1160 809/881/1160
f 539/1161/1161 581/764/1161 550/1092/1161
f 657/1162/1162 777/414/1162 723/1163/1162
f 684/1164/1163 713/1051/1163 660/1165/1163
f 692/1166/1164 712/1167/1164 720/965/1164
f 652/1072/1165 666/1168/1165 692/1166/1165
f 507/1169/1166 761/1130/1166 629/1116/1166
f 472/1170/1167 507/1169/1167 629/1116/1167
f 507/1169/1168 757/1131/1168 761/1130/1168
f 623/1135/1169 633/1134/1169 673/1122/1169
f 724/1171/1170 521/1150/1170 673/1122/1170
f 515/1159/1171 516/972/1171 19/1141/1171
f 304/264/1172 675/1024/1172 674/1020/1172
f 178/1172/1173 778/1061/1173 721/1078/1173
f 947/1173/1174 1447/1174/1174 2358/451/1174
f 626/1057/1175 645/1059/1175 618/1107/1175
f 586/979/1176 626/1057/1176 618/1107/1176
f 784/1146/1177 768/523/1177 742/1175/1177
f 753/1176/1178 537/1139/1178 757/1131/1178
f 537/1139/1179 753/1176/1179 786/1157/1179
f 724/1171/1180 981/1177/1180 521/1150/1180
f 521/1150/1181 981/1177/1181 593/1158/1181
f 979/687/1182 559/1178/1182 850/210/1182
f 637/1179/1183 660/1165/1183 677/1180/1183
f 787/387/1184 631/393/1184 576/1022/1184
f 141/703/1185 117/702/1185 385/140/1185
f 809/881/1186 399/519/1186 235/298/1186
f 641/391/1187 754/735/1187 558/392/1187
f 542/944/1188 553/1091/1188 561/1119/1188
f 742/1175/1189 768/523/1189 762/844/1189
f 444/354/1190 416/520/1190 533/531/1190
f 528/1074/1191 687/1076/1191 796/386/1191
f 813/947/1192 598/831/1192 566/1181/1192
f 1490/70/1193 1501/426/1193 1557/172/1193
f 753/1176/1194 757/1131/1194 507/1169/1194
f 786/1157/1195 715/1149/1195 696/1132/1195
f 633/1134/1196 724/1171/1196 673/1122/1196
f 2090/1182/1197 2062/173/1197 2109/175/1197
f 646/1037/1198 653/1036/1198 660/1165/1198
f 660/1165/1199 694/1183/1199 683/1184/1199
f 677/1180/1200 660/1165/1200 683/1184/1200
f 1872/1185/1201 839/1186/1201 838/1187/1201
f 1224/1188/1202 18/495/1202 30/16/1202
f 326/524/1203 393/510/1203 809/881/1203
f 799/1054/1204 529/961/1204 373/508/1204
f 313/1189/1205 507/1169/1205 472/1170/1205
f 715/1149/1206 774/1190/1206 633/1134/1206
f 974/1191/1207 699/1112/1207 841/1192/1207
f 703/951/1208 820/1193/1208 816/949/1208
f 692/1166/1209 711/964/1209 676/989/1209
f 1014/254/1210 355/1194/1210 766/716/1210
f 875/762/1211 752/780/1211 1019/306/1211
f 627/1195/1212 646/1037/1212 660/1165/1212
f 711/964/1213 692/1166/1213 720/965/1213
f 652/1072/1214 692/1166/1214 676/989/1214
f 799/1054/1215 373/508/1215 784/1146/1215
f 813/947/1216 566/1181/1216 567/820/1216
f 2462/330/1217 2482/1138/1217 2475/639/1217
f 764/1196/1218 644/1118/1218 780/1117/1218
f 1479/1197/1219 1924/1198/1219 1916/1199/1219
f 753/1176/1220 738/1200/1220 786/1157/1220
f 738/1200/1221 607/1201/1221 786/1157/1221
f 786/1157/1222 607/1201/1222 715/1149/1222
f 715/1149/1223 524/535/1223 774/1190/1223
f 633/1134/1224 774/1190/1224 724/1171/1224
f 559/1178/1225 979/687/1225 672/952/1225
f 758/1202/1226 798/1071/1226 783/946/1226
f 683/1184/1227 694/1183/1227 705/1203/1227
f 820/1193/1228 703/951/1228 562/1204/1228
f 764/1196/1229 687/1076/1229 644/1118/1229
f 744/1205/1230 743/1147/1230 725/1206/1230
f 313/1189/1231 753/1176/1231 507/1169/1231
f 607/1201/1232 524/535/1232 715/1149/1232
f 664/1129/1233 801/986/1233 22/1109/1233
f 646/1037/1234 627/1195/1234 610/1207/1234
f 800/1208/1235 820/1193/1235 562/1204/1235
f 750/1052/1236 769/1209/1236 807/1053/1236
f 767/960/1237 747/355/1237 533/531/1237
f 578/977/1238 586/979/1238 604/994/1238
f 862/1210/1239 593/1158/1239 981/1177/1239
f 688/161/1240 2382/1211/1240 1083/144/1240
f 306/228/1241 304/264/1241 674/1020/1241
f 738/1200/1242 584/1212/1242 607/1201/1242
f 168/427/1243 136/67/1243 238/9/1243
f 773/1010/1244 552/1213/1244 765/1011/1244
f 2473/29/1245 2464/623/1245 2458/316/1245
f 773/1010/1246 793/928/1246 552/1213/1246
f 626/1057/1247 619/1214/1247 658/1058/1247
f 1007/1215/1248 1139/611/1248 1013/1216/1248
f 562/1204/1249 529/961/1249 799/1054/1249
f 744/1205/1250 750/1052/1250 743/1147/1250
f 659/1217/1251 683/1184/1251 693/1218/1251
f 677/1180/1252 683/1184/1252 659/1217/1252
f 313/1189/1253 737/1219/1253 753/1176/1253
f 753/1176/1254 737/1219/1254 738/1200/1254
f 607/1201/1255 729/536/1255 524/535/1255
f 27/592/1256 518/1220/1256 28/343/1256
f 553/1091/1257 569/1083/1257 580/1221/1257
f 657/1162/1258 163/415/1258 777/414/1258
f 580/1221/1259 569/1083/1259 605/1100/1259
f 789/843/1260 798/1071/1260 758/1202/1260
f 769/1209/1261 562/1204/1261 807/1053/1261
f 820/1193/1262 671/1009/1262 816/949/1262
f 638/969/1263 646/1037/1263 611/802/1263
f 1074/832/1264 598/831/1264 644/1118/1264
f 750/1052/1265 799/1054/1265 784/1146/1265
f 1931/1222/1266 907/1223/1266 898/1224/1266
f 2483/781/1267 2487/315/1267 2461/782/1267
f 737/1219/1268 584/1212/1268 738/1200/1268
f 1439/863/1269 1438/1225/1269 1431/1226/1269
f 2098/975/1270 1213/1227/1270 544/245/1270
f 48/612/1271 578/977/1271 75/340/1271
f 796/386/1272 631/393/1272 787/387/1272
f 815/141/1273 732/624/1273 21/142/1273
f 581/764/1274 588/1084/1274 550/1092/1274
f 625/955/1275 636/988/1275 651/990/1275
f 778/1061/1276 1011/1228/1276 810/1038/1276
f 693/1218/1277 705/1203/1277 725/1206/1277
f 693/1218/1278 683/1184/1278 705/1203/1278
f 236/1229/1279 1921/1230/1279 1966/1231/1279
f 584/1212/1280 729/536/1280 607/1201/1280
f 2237/1232/1281 1866/429/1281 2227/1233/1281
f 530/945/1282 541/341/1282 28/343/1282
f 237/204/1283 739/993/1283 248/229/1283
f 512/1148/1284 530/945/1284 28/343/1284
f 727/1049/1285 778/1061/1285 771/1050/1285
f 684/1164/1286 727/1049/1286 713/1051/1286
f 2237/1232/1287 2220/718/1287 826/430/1287
f 542/944/1288 561/1119/1288 560/460/1288
f 528/1074/1289 796/386/1289 700/388/1289
f 808/1234/1290 785/1040/1290 671/1009/1290
f 739/993/1291 592/268/1291 248/229/1291
f 895/1235/1292 905/1047/1292 896/1236/1292
f 740/869/1293 246/385/1293 186/384/1293
f 272/1142/1294 137/953/1294 979/687/1294
f 770/1237/1295 769/1209/1295 744/1205/1295
f 712/1167/1296 742/1175/1296 720/965/1296
f 1213/1227/1297 2026/1238/1297 544/245/1297
f 1888/1239/1298 1235/1240/1298 2438/1241/1298
f 555/1073/1299 554/406/1299 2311/1029/1299
f 737/1219/1300 313/1189/1300 1192/1242/1300
f 1585/26/1301 1612/1243/1301 1611/188/1301
f 695/1244/1302 721/1078/1302 685/1082/1302
f 518/1220/1303 17/1245/1303 28/343/1303
f 769/1209/1304 770/1237/1304 562/1204/1304
f 719/966/1305 749/1160/1305 740/869/1305
f 648/973/1306 669/35/1306 679/1048/1306
f 773/1010/1307 657/1162/1307 723/1163/1307
f 606/1085/1308 637/1179/1308 619/1214/1308
f 2072/1246/1309 2062/173/1309 2042/1247/1309
f 606/1085/1310 619/1214/1310 626/1057/1310
f 549/1089/1311 569/1083/1311 553/1091/1311
f 161/453/1312 638/969/1312 611/802/1312
f 910/491/1313 917/344/1313 942/492/1313
f 917/344/1314 1103/346/1314 942/492/1314
f 991/275/1315 1026/333/1315 992/276/1315
f 979/687/1316 137/953/1316 672/952/1316
f 785/1040/1317 163/415/1317 657/1162/1317
f 710/1110/1318 2488/641/1318 2472/818/1318
f 611/802/1319 581/764/1319 119/454/1319
f 808/1234/1320 671/1009/1320 820/1193/1320
f 1820/1248/1321 1900/468/1321 1870/1249/1321
f 759/1143/1322 700/388/1322 591/987/1322
f 637/1179/1323 677/1180/1323 619/1214/1323
f 2494/500/1324 2490/1250/1324 2463/246/1324
f 671/1009/1325 765/1011/1325 816/949/1325
f 687/1076/1326 764/1196/1326 780/1117/1326
f 1019/306/1327 992/276/1327 1026/333/1327
f 1726/305/1328 1719/1251/1328 987/376/1328
f 713/1051/1329 771/1050/1329 694/1183/1329
f 51/588/1330 2355/1252/1330 78/419/1330
f 510/997/1331 526/1253/1331 525/1254/1331
f 525/1254/1332 526/1253/1332 1249/823/1332
f 526/1253/1333 33/824/1333 1249/823/1333
f 2311/1029/1334 554/406/1334 2335/1255/1334
f 827/1256/1335 848/1257/1335 840/1258/1335
f 603/954/1336 591/987/1336 649/1026/1336
f 758/1202/1337 269/870/1337 740/869/1337
f 1595/81/1338 1612/1243/1338 1586/1259/1338
f 1694/1260/1339 1048/1261/1339 1699/618/1339
f 682/1262/1340 740/869/1340 186/384/1340
f 22/1109/1341 801/986/1341 603/954/1341
f 555/1073/1342 570/407/1342 554/406/1342
f 1053/167/1343 110/1263/1343 97/362/1343
f 615/1034/1344 582/1017/1344 601/1264/1344
f 814/552/1345 668/778/1345 188/250/1345
f 725/1206/1346 705/1203/1346 744/1205/1346
f 528/1074/1347 700/388/1347 759/1143/1347
f 640/572/1348 648/973/1348 620/1033/1348
f 703/951/1349 701/950/1349 562/1204/1349
f 886/1265/1350 892/1266/1350 582/1017/1350
f 631/393/1351 731/729/1351 576/1022/1351
f 1087/1267/1352 1835/1268/1352 1747/1269/1352
f 882/1270/1353 864/530/1353 895/1235/1353
f 956/1271/1354 950/1272/1354 1103/346/1354
f 1502/232/1355 2500/234/1355 2470/1273/1355
f 205/755/1356 190/754/1356 200/1055/1356
f 815/1274/1357 878/1144/1357 616/996/1357
f 616/996/1358 878/1144/1358 995/648/1358
f 1183/1275/1359 878/1144/1359 815/1274/1359
f 1601/1276/1360 1827/1277/1360 881/233/1360
f 527/1278/1361 535/594/1361 526/1253/1361
f 2184/901/1362 2183/903/1362 2175/1279/1362
f 1142/1280/1363 1125/1281/1363 1133/107/1363
f 235/298/1364 338/297/1364 798/1071/1364
f 160/239/1365 339/775/1365 792/240/1365
f 599/995/1366 92/359/1366 75/340/1366
f 598/831/1367 1116/1282/1367 566/1181/1367
f 631/393/1368 558/392/1368 731/729/1368
f 771/1050/1369 770/1237/1369 744/1205/1369
f 730/1075/1370 528/1074/1370 642/1111/1370
f 841/1192/1371 699/1112/1371 642/1111/1371
f 668/778/1372 401/321/1372 188/250/1372
f 510/997/1373 527/1278/1373 526/1253/1373
f 749/1160/1374 758/1202/1374 740/869/1374
f 706/1028/1375 721/1078/1375 695/1244/1375
f 694/1183/1376 726/1283/1376 705/1203/1376
f 694/1183/1377 744/1205/1377 726/1283/1377
f 906/273/1378 911/706/1378 905/1047/1378
f 661/525/1379 695/1244/1379 161/453/1379
f 708/1284/1380 815/141/1380 616/1285/1380
f 535/594/1381 547/871/1381 33/824/1381
f 794/1128/1382 759/1143/1382 591/987/1382
f 778/1061/1383 808/1234/1383 790/1062/1383
f 269/870/1384 758/1202/1384 783/946/1384
f 771/1050/1385 744/1205/1385 694/1183/1385
f 800/1208/1386 808/1234/1386 820/1193/1386
f 571/1018/1387 886/1265/1387 582/1017/1387
f 854/681/1388 948/257/1388 1010/324/1388
f 906/273/1378 905/1047/1378 887/529/1378
f 625/955/1389 651/990/1389 635/956/1389
f 2000/63/1390 1226/218/1390 534/1041/1390
f 2140/1286/1391 1504/1287/1391 2016/1288/1391
f 601/1264/1392 620/1033/1392 615/1034/1392
f 620/1033/1393 601/1264/1393 640/572/1393
f 648/973/1394 640/572/1394 669/35/1394
f 698/942/1395 452/935/1395 439/828/1395
f 671/1009/1396 785/1040/1396 657/1162/1396
f 1561/114/1397 2356/1289/1397 545/113/1397
f 685/1082/1398 653/1036/1398 667/1035/1398
f 685/1082/1399 727/1049/1399 684/1164/1399
f 568/1290/1400 616/1285/1400 797/1291/1400
f 708/1284/1401 732/624/1401 815/141/1401
f 93/1002/1402 229/776/1402 339/775/1402
f 865/252/1403 851/919/1403 839/1186/1403
f 942/492/1404 1103/346/1404 950/1272/1404
f 589/577/1405 614/855/1405 125/506/1405
f 606/1085/1406 610/1207/1406 627/1195/1406
f 951/1292/1407 834/1293/1407 873/1294/1407
f 92/359/1408 599/995/1408 625/955/1408
f 1878/428/1409 830/756/1409 1902/1295/1409
f 2482/1138/1410 2098/975/1410 1899/976/1410
f 568/1290/1411 708/1284/1411 616/1285/1411
f 708/1284/1412 551/642/1412 732/624/1412
f 2434/27/1413 2487/315/1413 2483/781/1413
f 160/239/1414 964/184/1414 665/186/1414
f 2316/1296/1415 2391/1297/1415 2309/1298/1415
f 762/844/1416 758/1202/1416 749/1160/1416
f 570/407/1417 614/855/1417 589/577/1417
f 888/243/1418 897/255/1418 883/347/1418
f 2000/63/1419 1517/1042/1419 1388/1299/1419
f 685/1082/1420 721/1078/1420 727/1049/1420
f 588/1084/1421 610/1207/1421 606/1085/1421
f 653/1036/1422 685/1082/1422 684/1164/1422
f 651/990/1423 650/835/1423 635/956/1423
f 760/1008/1424 1151/1300/1424 6/1301/1424
f 793/928/1425 622/1120/1425 150/551/1425
f 651/990/1426 676/989/1426 650/835/1426
f 744/1205/1427 769/1209/1427 750/1052/1427
f 541/341/1428 542/944/1428 560/460/1428
f 476/1014/1429 500/1115/1429 690/1077/1429
f 473/916/1430 1064/875/1430 1057/900/1430
f 561/1119/1431 578/977/1431 560/460/1431
f 636/988/1432 625/955/1432 599/995/1432
f 876/647/1433 995/648/1433 949/991/1433
f 829/271/1434 856/649/1434 846/269/1434
f 682/1262/1435 704/1302/1435 740/869/1435
f 791/1060/1436 790/1062/1436 770/1237/1436
f 2466/1303/1437 2500/234/1437 2460/412/1437
f 579/978/1438 587/1154/1438 586/979/1438
f 1352/1304/1439 1208/1305/1439 1095/1306/1439
f 1684/1307/1440 1479/1197/1440 1916/1199/1440
f 604/994/1441 609/1012/1441 636/988/1441
f 751/1308/1442 721/1078/1442 706/1028/1442
f 810/1038/1443 608/1309/1443 782/1039/1443
f 672/952/1444 603/954/1444 649/1026/1444
f 475/289/1445 447/314/1445 476/418/1445
f 794/1128/1446 591/987/1446 801/986/1446
f 682/1262/1447 186/384/1447 650/835/1447
f 808/1234/1448 800/1208/1448 790/1062/1448
f 644/1118/1449 598/831/1449 813/947/1449
f 704/1302/1450 719/966/1450 740/869/1450
f 1011/1228/1451 608/1309/1451 810/1038/1451
f 1192/1242/1452 584/1212/1452 737/1219/1452
f 687/1076/1453 780/1117/1453 796/386/1453
f 2337/1310/1454 474/292/1454 2312/1015/1454
f 638/969/1455 667/1035/1455 646/1037/1455
f 706/1028/1456 1186/1311/1456 728/779/1456
f 733/1312/1457 575/1126/1457 568/1290/1457
f 595/1313/1458 551/642/1458 708/1284/1458
f 595/1313/1459 540/1314/1459 551/642/1459
f 1308/1315/1460 501/1316/1460 1852/1317/1460
f 665/186/1461 339/775/1461 160/239/1461
f 527/1278/1462 2447/1318/1462 535/594/1462
f 558/392/1463 9/734/1463 731/729/1463
f 723/1163/1464 793/928/1464 773/1010/1464
f 660/1165/1465 713/1051/1465 694/1183/1465
f 693/1218/1466 725/1206/1466 666/1168/1466
f 562/1204/1467 767/960/1467 529/961/1467
f 550/1092/1468 538/1088/1468 531/1087/1468
f 2267/1319/1469 2287/1320/1469 2233/1321/1469
f 996/934/1470 964/184/1470 160/239/1470
f 2068/349/1471 2470/1273/1471 2466/1303/1471
f 704/1302/1472 711/964/1472 719/966/1472
f 741/1067/1473 762/844/1473 749/1160/1473
f 605/1100/1474 606/1085/1474 626/1057/1474
f 548/1090/1475 542/944/1475 530/945/1475
f 995/648/1476 878/1144/1476 709/1322/1476
f 1898/1323/1477 1684/1307/1477 1916/1199/1477
f 778/1061/1478 791/1060/1478 771/1050/1478
f 782/1039/1479 163/415/1479 785/1040/1479
f 789/843/1480 758/1202/1480 762/844/1480
f 857/244/1481 883/347/1481 847/528/1481
f 733/1312/1482 970/1324/1482 1028/864/1482
f 838/1187/1483 829/271/1483 825/1325/1483
f 2447/1318/1484 511/1326/1484 535/594/1484
f 22/1109/1485 603/954/1485 137/953/1485
f 705/1203/1486 726/1283/1486 744/1205/1486
f 605/1100/1487 587/1154/1487 580/1221/1487
f 512/1148/1488 548/1090/1488 530/945/1488
f 743/1147/1489 784/1146/1489 742/1175/1489
f 790/1062/1490 800/1208/1490 770/1237/1490
f 778/1061/1491 810/1038/1491 808/1234/1491
f 1014/254/1492 998/253/1492 355/1194/1492
f 708/1284/1493 568/1290/1493 595/1313/1493
f 656/1327/1494 697/698/1494 551/642/1494
f 540/1314/1495 656/1327/1495 551/642/1495
f 143/650/1496 125/506/1496 614/855/1496
f 1000/1328/1497 1020/365/1497 983/375/1497
f 778/1061/1498 178/1172/1498 1011/1228/1498
f 676/989/1499 704/1302/1499 682/1262/1499
f 637/1179/1500 627/1195/1500 660/1165/1500
f 606/1085/1501 627/1195/1501 637/1179/1501
f 701/950/1502 552/1213/1502 481/550/1502
f 808/1234/1503 810/1038/1503 785/1040/1503
f 590/974/1504 570/407/1504 555/1073/1504
f 716/1329/1505 595/1313/1505 568/1290/1505
f 2355/1252/1506 2335/1255/1506 554/406/1506
f 912/272/1507 1729/770/1507 911/706/1507
f 1076/1330/1508 1456/1331/1508 1546/1332/1508
f 697/698/1509 68/657/1509 492/643/1509
f 676/989/1510 711/964/1510 704/1302/1510
f 839/1186/1511 851/919/1511 838/1187/1511
f 1028/864/1512 575/1126/1512 733/1312/1512
f 1020/365/1513 844/1333/1513 982/363/1513
f 716/1329/1514 568/1290/1514 575/1126/1514
f 844/1333/1515 781/970/1515 982/363/1515
f 1238/484/1516 2156/1334/1516 2034/176/1516
f 553/1091/1517 580/1221/1517 561/1119/1517
f 580/1221/1518 579/978/1518 561/1119/1518
f 452/935/1519 461/672/1519 453/674/1519
f 560/460/1520 578/977/1520 48/612/1520
f 564/1335/1521 540/1314/1521 595/1313/1521
f 632/1013/1522 656/1327/1522 540/1314/1522
f 564/1335/1523 632/1013/1523 540/1314/1523
f 75/340/1524 578/977/1524 599/995/1524
f 518/1220/1525 27/592/1525 535/594/1525
f 511/1326/1526 518/1220/1526 535/594/1526
f 783/946/1527 798/1071/1527 788/440/1527
f 642/1111/1528 759/1143/1528 663/1127/1528
f 720/965/1529 742/1175/1529 741/1067/1529
f 605/1100/1530 626/1057/1530 587/1154/1530
f 580/1221/1531 587/1154/1531 579/978/1531
f 725/1206/1532 712/1167/1532 666/1168/1532
f 562/1204/1533 701/950/1533 767/960/1533
f 1729/770/1534 923/705/1534 911/706/1534
f 712/1167/1535 743/1147/1535 742/1175/1535
f 619/1214/1536 677/1180/1536 658/1058/1536
f 161/453/1537 695/1244/1537 654/968/1537
f 770/1237/1538 800/1208/1538 562/1204/1538
f 2084/1016/1539 2489/638/1539 2472/818/1539
f 575/1126/1540 559/1178/1540 716/1329/1540
f 716/1329/1541 564/1335/1541 595/1313/1541
f 654/968/1542 695/1244/1542 685/1082/1542
f 843/1336/1543 855/1337/1543 2064/619/1543
f 34/707/1544 731/729/1544 9/734/1544
f 527/1278/1545 510/997/1545 1973/959/1545
f 723/1163/1546 622/1120/1546 793/928/1546
f 992/276/1547 1726/305/1547 987/376/1547
f 693/1218/1548 666/1168/1548 652/1072/1548
f 2472/818/1549 853/819/1549 573/1108/1549
f 624/300/1550 159/655/1550 148/301/1550
f 671/1009/1551 657/1162/1551 773/1010/1551
f 681/727/1552 188/250/1552 498/249/1552
f 797/1291/1553 970/1324/1553 733/1312/1553
f 565/1338/1554 656/1327/1554 632/1013/1554
f 565/1338/1555 697/698/1555 656/1327/1555
f 565/1338/1556 731/729/1556 697/698/1556
f 1949/1339/1557 951/1292/1557 920/669/1557
f 85/604/1558 111/463/1558 84/596/1558
f 662/962/1559 200/1055/1559 190/754/1559
f 44/821/1560 324/1340/1560 754/735/1560
f 33/824/1561 547/871/1561 40/813/1561
f 658/1058/1562 693/1218/1562 652/1072/1562
f 658/1058/1563 652/1072/1563 645/1059/1563
f 664/1129/1564 794/1128/1564 801/986/1564
f 666/1168/1565 712/1167/1565 692/1166/1565
f 639/963/1566 648/973/1566 662/962/1566
f 611/802/1567 646/1037/1567 610/1207/1567
f 850/210/1568 559/1178/1568 575/1126/1568
f 1447/1174/1569 2490/1250/1569 1106/1341/1569
f 1972/214/1570 1955/1342/1570 1935/85/1570
f 582/1017/1571 615/1034/1571 590/974/1571
f 66/589/1572 581/764/1572 539/1161/1572
f 780/1117/1573 641/391/1573 631/393/1573
f 796/386/1574 780/1117/1574 631/393/1574
f 1049/1343/1575 1192/616/1575 83/694/1575
f 1348/1344/1576 13/1345/1576 1519/1346/1576
f 799/1054/1577 807/1053/1577 562/1204/1577
f 581/764/1578 611/802/1578 588/1084/1578
f 687/1076/1579 795/1068/1579 644/1118/1579
f 663/1127/1580 8/1347/1580 642/1111/1580
f 1936/1348/1581 1972/214/1581 1935/85/1581
f 650/835/1582 676/989/1582 682/1262/1582
f 615/1034/1583 630/967/1583 590/974/1583
f 730/1075/1584 795/1068/1584 687/1076/1584
f 742/1175/1585 762/844/1585 741/1067/1585
f 548/1090/1586 553/1091/1586 542/944/1586
f 1048/1261/1587 1692/1349/1587 1074/832/1587
f 658/1058/1588 659/1217/1588 693/1218/1588
f 37/560/1589 52/559/1589 30/16/1589
f 611/802/1590 610/1207/1590 588/1084/1590
f 649/1026/1591 632/1013/1591 564/1335/1591
f 565/1338/1592 576/1022/1592 731/729/1592
f 2138/1350/1593 922/136/1593 1058/283/1593
f 1204/1351/1594 854/681/1594 965/682/1594
f 725/1206/1595 743/1147/1595 712/1167/1595
f 644/1118/1596 813/947/1596 641/391/1596
f 660/1165/1597 653/1036/1597 684/1164/1597
f 771/1050/1598 791/1060/1598 770/1237/1598
f 644/1118/1599 795/1068/1599 1074/832/1599
f 469/474/1600 480/726/1600 681/727/1600
f 559/1178/1601 672/952/1601 564/1335/1601
f 716/1329/1602 559/1178/1602 564/1335/1602
f 672/952/1603 649/1026/1603 564/1335/1603
f 2161/1352/1604 1378/1353/1604 2171/1354/1604
f 474/292/1605 475/291/1605 476/1014/1605
f 816/949/1606 765/1011/1606 701/950/1606
f 765/1011/1607 552/1213/1607 701/950/1607
f 513/1086/1608 538/1088/1608 548/1090/1608
f 754/735/1609 324/1340/1609 107/767/1609
f 609/1012/1610 586/979/1610 618/1107/1610
f 25/571/1611 523/1105/1611 19/1141/1611
f 677/1180/1612 659/1217/1612 658/1058/1612
f 689/664/1613 452/935/1613 698/942/1613
f 1334/1355/1614 1115/1356/1614 1353/1357/1614
f 700/388/1615 565/1338/1615 632/1013/1615
f 700/388/1616 576/1022/1616 565/1338/1616
f 481/550/1617 552/1213/1617 793/928/1617
f 763/1358/1618 901/317/1618 2458/316/1618
f 550/1092/1619 549/1089/1619 538/1088/1619
f 781/970/1620 964/184/1620 996/934/1620
f 1596/80/1621 1634/1359/1621 1595/81/1621
f 198/1360/1622 916/943/1622 1124/93/1622
f 198/1360/1623 1124/93/1623 341/133/1623
f 842/1361/1624 973/1362/1624 1025/1363/1624
f 842/1361/1625 1025/1363/1625 836/795/1625
f 1009/1364/1626 1024/1365/1626 934/1366/1626
f 573/1108/1627 710/1110/1627 2472/818/1627
f 1100/77/1628 971/1367/1628 1002/78/1628
f 1501/426/1629 1081/118/1629 1557/172/1629
f 1225/1368/1630 1219/1369/1630 955/1370/1630
f 413/1371/1631 2138/1350/1631 284/1372/1631
f 955/1370/1632 1630/1373/1632 522/1104/1632
f 341/133/1633 1124/93/1633 301/134/1633
f 2333/1374/1634 2376/339/1634 2350/1375/1634
f 1107/1376/1635 218/1377/1635 284/1378/1635
f 398/145/1636 925/1379/1636 1513/327/1636
f 1513/327/1637 1442/1380/1637 1495/68/1637
f 1935/85/1638 1455/84/1638 1744/532/1638
f 1723/1381/1639 1935/85/1639 1744/532/1639
f 825/1325/1640 1872/1185/1640 838/1187/1640
f 1495/68/1641 1442/1380/1641 1496/1382/1641
f 963/1383/1642 1024/1365/1642 1009/1364/1642
f 1511/309/1643 1514/308/1643 966/1384/1643
f 1775/1385/1644 1729/770/1644 912/272/1644
f 688/161/1645 262/146/1645 1067/1386/1645
f 714/424/1646 1007/1215/1646 1512/425/1646
f 919/1387/1647 1732/983/1647 914/985/1647
f 2319/1388/1648 2331/1389/1648 2304/1390/1648
f 2400/1391/1649 2407/1392/1649 2391/1297/1649
f 1674/631/1650 2164/1393/1650 1780/1394/1650
f 843/1336/1651 927/1395/1651 899/1396/1651
f 1660/211/1652 988/1397/1652 1188/105/1652
f 1067/1386/1653 262/146/1653 1640/192/1653
f 1381/96/1654 1109/98/1654 1483/697/1654
f 1437/859/1655 1381/96/1655 1483/697/1655
f 2495/582/1656 1010/324/1656 948/257/1656
f 1514/308/1657 1289/1398/1657 1313/1399/1657
f 899/1396/1658 374/683/1658 961/685/1658
f 1438/1225/1659 1430/1400/1659 1422/277/1659
f 1634/1359/1660 1095/1306/1660 1632/30/1660
f 2487/315/1661 973/1362/1661 2461/782/1661
f 1003/570/1662 499/1401/1662 874/476/1662
f 849/1402/1663 848/1257/1663 827/1256/1663
f 1430/1400/1664 1462/837/1664 1453/1403/1664
f 2496/238/1665 2084/1016/1665 2471/640/1665
f 909/5/1666 10/281/1666 980/280/1666
f 730/1075/1667 927/1395/1667 835/1069/1667
f 2031/850/1668 1540/1106/1668 1536/1404/1668
f 831/1405/1669 849/1402/1669 2178/1406/1669
f 881/233/1670 834/1293/1670 951/1292/1670
f 1841/1407/1671 1722/1408/1671 1803/1409/1671
f 1005/1410/1672 670/1411/1672 1020/365/1672
f 1021/1412/1673 670/1411/1673 1005/1410/1673
f 1869/226/1674 2059/794/1674 2467/1413/1674
f 903/1414/1675 902/1415/1675 1939/1416/1675
f 2476/622/1676 2502/28/1676 1651/483/1676
f 853/819/1677 8/1347/1677 573/1108/1677
f 1850/1417/1678 831/1405/1678 2178/1406/1678
f 934/1366/1679 746/569/1679 247/568/1679
f 934/1418/1680 65/45/1680 746/1419/1680
f 301/134/1681 285/1420/1681 1077/829/1681
f 968/1421/1682 944/1422/1682 977/1423/1682
f 970/1324/1683 2495/1125/1683 1028/864/1683
f 974/1191/1684 2465/684/1684 374/683/1684
f 899/1396/1685 927/1395/1685 374/683/1685
f 1882/1424/1686 1898/1323/1686 1916/1199/1686
f 1613/1425/1687 1634/1359/1687 1596/80/1687
f 909/284/1688 833/138/1688 1396/1426/1688
f 2492/248/1689 247/568/1689 1003/570/1689
f 919/1387/1690 914/985/1690 1931/1222/1690
f 1459/862/1691 1299/597/1691 1458/1427/1691
f 1634/1359/1692 1632/30/1692 1633/1428/1692
f 844/1333/1693 670/1411/1693 228/1429/1693
f 2494/500/1694 2497/499/1694 2467/876/1694
f 901/317/1695 973/1362/1695 2487/315/1695
f 228/1429/1696 1772/1430/1696 734/185/1696
f 1701/1431/1697 1709/1432/1697 1666/1433/1697
f 963/1383/1698 574/1434/1698 1024/1365/1698
f 847/528/1699 864/530/1699 856/649/1699
f 1730/515/1700 1736/1435/1700 2239/1436/1700
f 870/982/1701 859/981/1701 848/1257/1701
f 2074/889/1702 2111/1437/1702 2103/1438/1702
f 1140/696/1703 1590/860/1703 1483/697/1703
f 927/1395/1704 730/1075/1704 974/1191/1704
f 2103/1438/1705 978/887/1705 2074/889/1705
f 756/1439/1706 1745/1440/1706 1718/1441/1706
f 848/1257/1707 859/981/1707 840/1258/1707
f 1296/1442/1708 1482/839/1708 1320/1443/1708
f 2331/1389/1709 51/588/1709 66/589/1709
f 1067/1386/1710 988/1397/1710 962/1444/1710
f 1396/1426/1711 833/138/1711 1445/1445/1711
f 1001/1446/1712 1005/1410/1712 1000/1328/1712
f 901/317/1713 1009/1364/1713 973/1362/1713
f 1099/132/1714 1077/829/1714 817/1447/1714
f 933/1448/1715 944/1422/1715 936/1449/1715
f 952/1450/1716 958/1451/1716 1828/1452/1716
f 988/1397/1717 1660/211/1717 986/1453/1717
f 833/138/1718 1067/1386/1718 1445/1445/1718
f 1067/1386/1719 1640/192/1719 988/1397/1719
f 218/1454/1720 413/1371/1720 284/1372/1720
f 1843/1455/1721 180/1456/1721 347/1457/1721
f 1846/1458/1722 1708/1459/1722 1798/1460/1722
f 2469/1461/1723 2477/1462/1723 855/1337/1723
f 1006/629/1724 1021/1412/1724 1005/1410/1724
f 381/913/1725 382/740/1725 250/1463/1725
f 2369/1464/1726 828/1465/1726 531/1087/1726
f 968/1421/1727 977/1423/1727 1001/1446/1727
f 2460/412/1728 1949/1339/1728 779/350/1728
f 1194/1466/1729 1441/1467/1729 1115/1356/1729
f 1001/1446/1730 1000/1328/1730 968/1421/1730
f 756/1439/1731 678/1468/1731 1745/1440/1731
f 963/1383/1732 1009/1364/1732 901/317/1732
f 2471/640/1733 2084/1016/1733 2472/818/1733
f 841/1192/1734 642/1111/1734 8/1347/1734
f 982/363/1735 991/275/1735 1027/364/1735
f 670/1411/1736 844/1333/1736 1020/365/1736
f 1289/1398/1737 1514/308/1737 945/307/1737
f 869/980/1738 904/1469/1738 890/1470/1738
f 1161/1471/1739 1115/1356/1739 1639/609/1739
f 823/1472/1740 2178/1406/1740 849/1402/1740
f 746/1419/1741 12/47/1741 499/1473/1741
f 263/370/1742 428/1474/1742 2366/1475/1742
f 1685/1476/1743 1075/833/1743 1692/1349/1743
f 1002/78/1744 926/800/1744 806/751/1744
f 1799/1477/1745 1755/1478/1745 216/1479/1745
f 944/1422/1746 968/1421/1746 993/1480/1746
f 943/1481/1747 944/1422/1747 993/1480/1747
f 31/665/1748 38/614/1748 19/1141/1748
f 531/1087/1749 828/1465/1749 550/1092/1749
f 1501/426/1750 1078/212/1750 1081/118/1750
f 1921/1230/1751 1149/1482/1751 431/1483/1751
f 936/1449/1752 943/1481/1752 932/1484/1752
f 1660/211/1753 1489/117/1753 1412/223/1753
f 301/134/1754 980/280/1754 285/1420/1754
f 903/1414/1755 918/1485/1755 902/1415/1755
f 869/980/1756 890/1470/1756 868/1486/1756
f 890/1470/1757 903/1414/1757 867/1487/1757
f 1003/570/1758 746/569/1758 499/1401/1758
f 951/1292/1759 1949/1339/1759 2500/234/1759
f 990/1488/1760 841/1192/1760 853/819/1760
f 1595/81/1761 1634/1359/1761 1611/188/1761
f 374/683/1762 927/1395/1762 974/1191/1762
f 836/795/1763 1025/1363/1763 247/568/1763
f 1653/191/1764 1652/235/1764 1638/224/1764
f 1303/1489/1765 1545/1490/1765 1142/1280/1765
f 1616/187/1766 1631/335/1766 1638/224/1766
f 1629/626/1767 1546/1332/1767 1628/311/1767
f 936/1449/1768 932/1484/1768 913/1491/1768
f 513/1086/1769 506/1492/1769 531/1087/1769
f 868/1486/1770 890/1470/1770 867/1487/1770
f 2330/1493/1771 2369/1464/1771 2353/1494/1771
f 924/984/1772 918/1485/1772 914/985/1772
f 907/1223/1773 914/985/1773 904/1469/1773
f 1258/1495/1774 1421/1496/1774 1267/1497/1774
f 301/134/1775 939/6/1775 980/280/1775
f 1472/1498/1776 1482/839/1776 1296/1442/1776
f 868/1486/1777 867/1487/1777 859/981/1777
f 472/505/1778 491/546/1778 313/617/1778
f 272/1142/1779 519/686/1779 2488/641/1779
f 1471/1499/1780 1472/1498/1780 1296/1442/1780
f 1025/1363/1781 934/1366/1781 247/568/1781
f 1634/1359/1782 1633/1428/1782 1611/188/1782
f 2176/1500/1783 1847/1501/1783 2177/1502/1783
f 1310/799/1784 1289/1398/1784 806/751/1784
f 924/984/1785 933/1448/1785 918/1485/1785
f 1969/1503/1786 1968/1504/1786 902/1415/1786
f 2107/936/1787 2128/1505/1787 2118/1506/1787
f 1428/1507/1788 1436/1508/1788 1287/1509/1788
f 1139/611/1789 1564/610/1789 1617/1510/1789
f 2378/1044/1790 572/1025/1790 2384/1511/1790
f 853/819/1791 841/1192/1791 8/1347/1791
f 2501/410/1792 961/685/1792 2465/684/1792
f 1221/1512/1793 1240/1513/1793 1408/1514/1793
f 1069/1/1794 1578/3/1794 1627/310/1794
f 1006/629/1795 1005/1410/1795 1001/1446/1795
f 1617/1510/1796 1564/610/1796 1578/3/1796
f 828/1465/1797 539/1161/1797 550/1092/1797
f 1791/1515/1798 2168/1516/1798 2160/1517/1798
f 1829/1518/1799 1718/1441/1799 1739/1519/1799
f 1968/1504/1800 1939/1416/1800 902/1415/1800
f 756/1439/1801 1718/1441/1801 665/186/1801
f 1998/64/1802 2000/63/1802 1388/1299/1802
f 2451/1520/1803 545/113/1803 2356/1289/1803
f 178/1172/1804 997/1521/1804 1011/1228/1804
f 1275/1522/1805 325/201/1805 1270/1523/1805
f 1709/1432/1806 872/1524/1806 1666/1433/1806
f 2176/1500/1807 1959/1525/1807 1847/1501/1807
f 944/1422/1808 943/1481/1808 936/1449/1808
f 2424/1526/1809 518/1220/1809 511/1326/1809
f 1445/1445/1810 1067/1386/1810 962/1444/1810
f 2007/1527/1811 952/1450/1811 1828/1452/1811
f 2052/1528/1812 2061/1529/1812 2081/848/1812
f 828/1465/1813 2303/1530/1813 539/1161/1813
f 835/1069/1814 1699/618/1814 1048/1261/1814
f 1709/1432/1815 1706/1531/1815 872/1524/1815
f 885/1532/1816 574/1434/1816 963/1383/1816
f 1318/1533/1708 1296/1442/1708 1320/1443/1708
f 859/981/1817 867/1487/1817 1902/1295/1817
f 1452/1534/1818 1448/1535/1818 1421/278/1818
f 943/1481/1819 993/1480/1819 976/1536/1819
f 993/1480/1820 1000/1328/1820 983/375/1820
f 854/681/1821 1010/324/1821 876/647/1821
f 988/1397/1822 986/1453/1822 962/1444/1822
f 2031/850/1823 2052/1528/1823 2081/848/1823
f 924/984/1824 1732/983/1824 1828/1452/1824
f 965/682/1825 949/991/1825 1060/1537/1825
f 781/970/1826 228/1429/1826 734/185/1826
f 1718/1441/1827 1765/1003/1827 665/186/1827
f 943/1481/1828 976/1536/1828 932/1484/1828
f 1680/1538/1829 1794/1539/1829 1783/1540/1829
f 1448/1541/1830 1471/198/1830 1276/197/1830
f 1276/197/1831 1267/1497/1831 1421/1496/1831
f 1931/1222/1832 914/985/1832 907/1223/1832
f 991/275/1833 781/970/1833 996/934/1833
f 1276/197/1834 1421/1496/1834 1448/1541/1834
f 10/1542/1835 909/284/1835 1396/1426/1835
f 831/1405/1836 860/1543/1836 849/1402/1836
f 1523/1544/1837 1762/1545/1837 1774/1546/1837
f 924/984/1838 1828/1452/1838 937/1547/1838
f 307/332/1839 994/241/1839 1014/254/1839
f 946/663/1840 963/1383/1840 901/317/1840
f 978/887/1841 2103/1438/1841 977/1423/1841
f 977/1423/1842 1006/629/1842 1001/1446/1842
f 1007/1215/1843 1161/1471/1843 1639/609/1843
f 1639/609/1844 1294/1548/1844 1437/859/1844
f 885/1532/1845 1032/1549/1845 574/1434/1845
f 1294/1548/1846 1381/96/1846 1437/859/1846
f 733/1312/1847 568/1290/1847 797/1291/1847
f 792/240/1848 229/776/1848 1112/1550/1848
f 119/454/1849 581/764/1849 108/421/1849
f 843/1336/1850 835/1069/1850 927/1395/1850
f 1889/1551/1851 860/1543/1851 831/1405/1851
f 2211/1552/1852 2216/1553/1852 2204/1554/1852
f 2400/1391/1853 2431/1555/1853 2422/1556/1853
f 2103/1438/1854 1006/629/1854 977/1423/1854
f 840/1258/1855 1902/1295/1855 830/756/1855
f 827/1256/1856 840/1258/1856 830/756/1856
f 827/1256/1857 830/756/1857 822/1145/1857
f 1003/570/1858 874/476/1858 2492/248/1858
f 1432/670/1859 1439/863/1859 1431/1226/1859
f 781/970/1860 734/185/1860 964/184/1860
f 1937/1156/1861 1936/1348/1861 1723/1381/1861
f 918/1485/1862 913/1491/1862 902/1415/1862
f 958/1451/1863 977/1423/1863 944/1422/1863
f 1850/1417/1864 2178/1406/1864 2177/1502/1864
f 1005/1410/1865 1020/365/1865 1000/1328/1865
f 991/275/1866 996/934/1866 307/332/1866
f 1396/1426/1867 1445/1445/1867 340/1557/1867
f 2179/1558/1868 1763/866/1868 889/1559/1868
f 939/6/1869 909/5/1869 980/280/1869
f 1828/1452/1870 958/1451/1870 937/1547/1870
f 978/887/1871 977/1423/1871 958/1451/1871
f 1590/860/1872 1571/625/1872 1563/858/1872
f 779/350/1873 1949/1339/1873 920/669/1873
f 1551/1560/1874 1362/1561/1874 1573/450/1874
f 2103/1438/1875 2142/630/1875 1006/629/1875
f 920/669/1876 885/1532/1876 963/1383/1876
f 946/663/1877 920/669/1877 963/1383/1877
f 1584/41/1878 1616/187/1878 1583/1562/1878
f 1453/1403/1879 1472/1498/1879 1452/1534/1879
f 1647/2/1880 1617/1510/1880 1578/3/1880
f 1578/3/1881 1564/610/1881 1627/310/1881
f 1628/311/1882 938/914/1882 1069/1/1882
f 869/980/1883 868/1486/1883 859/981/1883
f 993/1480/1884 983/375/1884 976/1536/1884
f 912/272/1885 1762/1545/1885 1775/1385/1885
f 752/780/1886 751/1308/1886 706/1028/1886
f 1628/311/1887 1546/1332/1887 938/914/1887
f 844/1333/1888 228/1429/1888 781/970/1888
f 840/1258/1889 859/981/1889 1902/1295/1889
f 898/1224/1890 907/1223/1890 904/1469/1890
f 1025/1363/1891 973/1362/1891 1009/1364/1891
f 663/1127/1892 664/1129/1892 573/1108/1892
f 763/1358/1893 946/663/1893 901/317/1893
f 898/1224/1894 904/1469/1894 869/980/1894
f 2172/1563/1895 889/1559/1895 1763/866/1895
f 1128/801/1896 926/800/1896 971/1367/1896
f 860/1543/1897 848/1257/1897 849/1402/1897
f 904/1469/1898 903/1414/1898 890/1470/1898
f 2486/573/1899 2459/575/1899 2479/654/1899
f 577/1564/1900 782/1039/1900 608/1309/1900
f 933/1448/1901 936/1449/1901 918/1485/1901
f 2177/1502/1902 1847/1501/1902 1851/1565/1902
f 665/186/1903 1765/1003/1903 339/775/1903
f 937/1547/1904 958/1451/1904 944/1422/1904
f 894/1566/1905 981/1177/1905 724/1171/1905
f 968/1421/1906 1000/1328/1906 993/1480/1906
f 2192/1567/1907 2195/1568/1907 2205/1569/1907
f 1652/235/1908 1099/132/1908 817/1447/1908
f 997/1521/1909 608/1309/1909 1011/1228/1909
f 997/1521/1910 577/1564/1910 608/1309/1910
f 577/1564/1911 163/415/1911 782/1039/1911
f 1112/1550/1912 998/253/1912 792/240/1912
f 2177/1502/1913 1851/1565/1913 1850/1417/1913
f 1257/1570/1914 1421/1496/1914 1258/1495/1914
f 951/1292/1915 873/1294/1915 920/669/1915
f 822/1145/1916 830/756/1916 2215/719/1916
f 1899/976/1917 2496/238/1917 2471/640/1917
f 1773/1571/1918 1668/1572/1918 1558/1573/1918
f 904/1469/1919 914/985/1919 903/1414/1919
f 932/1484/1920 1671/1574/1920 913/1491/1920
f 873/1294/1921 885/1532/1921 920/669/1921
f 1013/1216/1922 1617/1510/1922 1647/2/1922
f 873/1294/1923 1032/1549/1923 885/1532/1923
f 894/1566/1924 862/1210/1924 981/1177/1924
f 2469/1461/1925 855/1337/1925 961/685/1925
f 913/1491/1926 1671/1574/1926 1969/1503/1926
f 2477/1462/1927 2064/619/1927 855/1337/1927
f 918/1485/1928 936/1449/1928 913/1491/1928
f 860/1543/1929 870/982/1929 848/1257/1929
f 937/1547/1930 944/1422/1930 933/1448/1930
f 1501/426/1931 1013/1216/1931 1647/2/1931
f 824/1575/1932 178/1172/1932 751/1308/1932
f 824/1575/1933 997/1521/1933 178/1172/1933
f 824/1575/1934 577/1564/1934 997/1521/1934
f 643/553/1935 163/415/1935 577/1564/1935
f 863/1576/1936 856/649/1936 882/1270/1936
f 2128/1505/1937 2153/1577/1937 2134/1578/1937
f 722/1579/1938 774/1190/1938 880/1580/1938
f 722/1579/1939 894/1566/1939 774/1190/1939
f 864/530/1940 905/1047/1940 895/1235/1940
f 850/210/1941 575/1126/1941 583/208/1941
f 914/985/1942 918/1485/1942 903/1414/1942
f 924/984/1943 937/1547/1943 933/1448/1943
f 1501/426/1944 717/69/1944 1013/1216/1944
f 1587/1581/1945 1324/1582/1945 928/1583/1945
f 717/69/1946 1512/425/1946 1013/1216/1946
f 602/717/1947 577/1564/1947 824/1575/1947
f 766/716/1948 643/553/1948 577/1564/1948
f 894/1566/1949 709/1322/1949 862/1210/1949
f 709/1322/1950 878/1144/1950 862/1210/1950
f 976/1536/1951 975/920/1951 932/1484/1951
f 1324/1582/1952 1596/1584/1952 928/1583/1952
f 880/1580/1953 524/535/1953 1060/1537/1953
f 2434/27/1954 2459/575/1954 2499/574/1954
f 1324/1582/1955 1613/1585/1955 1596/1584/1955
f 752/780/1956 824/1575/1956 751/1308/1956
f 602/717/1957 766/716/1957 577/1564/1957
f 1014/254/1958 602/717/1958 594/331/1958
f 1387/1586/1959 1226/218/1959 2152/1587/1959
f 2153/1577/1960 1387/1586/1960 2152/1587/1960
f 669/35/1961 930/493/1961 950/1272/1961
f 1710/620/1962 1694/1260/1962 1699/618/1962
f 768/523/1963 326/524/1963 762/844/1963
f 582/1017/1964 892/1266/1964 601/1264/1964
f 974/1191/1965 990/1488/1965 2465/684/1965
f 624/300/1966 116/360/1966 625/955/1966
f 835/1069/1967 795/1068/1967 730/1075/1967
f 2458/316/1968 2484/348/1968 763/1358/1968
f 989/763/1969 602/717/1969 824/1575/1969
f 2064/619/1970 2477/1462/1970 1710/620/1970
f 976/1536/1971 983/375/1971 975/920/1971
f 949/991/1972 722/1579/1972 880/1580/1972
f 996/934/1973 160/239/1973 994/241/1973
f 2305/1030/1974 863/1576/1974 556/1588/1974
f 556/1588/1975 863/1576/1975 886/1265/1975
f 601/1264/1976 910/491/1976 640/572/1976
f 2264/270/1977 825/1325/1977 829/271/1977
f 989/763/1978 824/1575/1978 752/780/1978
f 856/649/1979 864/530/1979 882/1270/1979
f 1595/81/1980 1586/1259/1980 2381/25/1980
f 1627/310/1981 1629/626/1981 1628/311/1981
f 2174/1589/1982 2180/1590/1982 2173/1591/1982
f 2128/1505/1983 2134/1578/1983 2118/1506/1983
f 137/953/1984 272/1142/1984 22/1109/1984
f 949/991/1985 880/1580/1985 1060/1537/1985
f 995/648/1986 894/1566/1986 722/1579/1986
f 894/1566/1987 995/648/1987 709/1322/1987
f 894/1566/1988 724/1171/1988 774/1190/1988
f 886/1265/1989 895/1235/1989 892/1266/1989
f 640/572/1990 910/491/1990 930/493/1990
f 871/1592/1991 870/982/1991 860/1543/1991
f 846/269/1992 856/649/1992 863/1576/1992
f 1026/333/1993 875/762/1993 1019/306/1993
f 838/1187/1994 851/919/1994 829/271/1994
f 1024/116/1995 1171/1593/1995 934/1418/1995
f 36/809/1996 189/522/1996 205/755/1996
f 863/1576/1997 882/1270/1997 886/1265/1997
f 886/1265/1998 882/1270/1998 895/1235/1998
f 875/762/1999 1026/333/1999 594/331/1999
f 52/559/2000 1459/862/2000 1269/514/2000
f 896/1236/2001 917/344/2001 910/491/2001
f 1025/1363/2002 1009/1364/2002 934/1366/2002
f 949/991/2003 995/648/2003 722/1579/2003
f 2152/1587/2004 1226/218/2004 1636/1594/2004
f 895/1235/2005 896/1236/2005 892/1266/2005
f 892/1266/2006 910/491/2006 601/1264/2006
f 942/492/2007 950/1272/2007 930/493/2007
f 875/762/2008 989/763/2008 752/780/2008
f 594/331/2009 602/717/2009 989/763/2009
f 766/716/2010 355/1194/2010 643/553/2010
f 355/1194/2011 260/554/2011 643/553/2011
f 905/1047/2012 917/344/2012 896/1236/2012
f 965/682/2013 1060/1537/2013 1162/397/2013
f 892/1266/2014 896/1236/2014 910/491/2014
f 1101/11/2015 1052/1595/2015 1042/12/2015
f 1029/1596/2016 1031/1597/2016 834/1293/2016
f 1101/11/2017 1133/107/2017 1118/55/2017
f 342/60/2018 357/124/2018 376/1598/2018
f 516/972/2019 515/1159/2019 2454/1151/2019
f 1656/1599/2020 2494/500/2020 2467/876/2020
f 1056/1600/2021 1303/1489/2021 1133/107/2021
f 1120/23/2022 1130/22/2022 862/1210/2022
f 69/193/2023 342/60/2023 376/1598/2023
f 1055/10/2024 1056/1600/2024 1133/107/2024
f 499/1473/2025 69/193/2025 165/1601/2025
f 85/604/2026 101/659/2026 111/463/2026
f 1031/1597/2027 1032/1549/2027 834/1293/2027
f 200/1055/2028 679/1048/2028 1166/34/2028
f 1031/1602/2029 1042/12/2029 1032/48/2029
f 1171/1593/2030 65/45/2030 934/1418/2030
f 1822/1603/2031 1204/1351/2031 1177/1604/2031
f 1096/771/2032 956/1271/2032 1103/346/2032
f 514/816/2033 96/1124/2033 97/362/2033
f 956/1271/2034 1145/1605/2034 1144/33/2034
f 1185/1606/2035 1166/34/2035 1144/33/2035
f 1145/1605/2036 1185/1606/2036 1144/33/2036
f 1185/1606/2037 200/1055/2037 1166/34/2037
f 375/1607/2038 132/1608/2038 1041/1609/2038
f 1153/1610/2039 1202/36/2039 305/38/2039
f 32/171/2040 1244/170/2040 1249/823/2040
f 1096/771/2041 1087/1267/2041 956/1271/2041
f 554/406/2042 78/419/2042 2355/1252/2042
f 1191/1611/2043 138/1612/2043 110/1263/2043
f 65/45/2044 35/115/2044 432/46/2044
f 1087/1267/2045 1110/1613/2045 956/1271/2045
f 1110/1613/2046 1146/1614/2046 956/1271/2046
f 956/1271/2047 1146/1614/2047 1145/1605/2047
f 1146/1614/2048 1156/1615/2048 1145/1605/2048
f 1145/1605/2049 1156/1615/2049 1185/1606/2049
f 950/1272/2050 956/1271/2050 1144/33/2050
f 2481/423/2051 2495/582/2051 948/257/2051
f 1156/1615/2052 1193/1616/2052 1185/1606/2052
f 1050/464/2053 1047/125/2053 1051/128/2053
f 239/1617/2054 151/766/2054 107/767/2054
f 1185/1606/2055 1193/1616/2055 36/809/2055
f 1747/1269/2056 1110/1613/2056 1087/1267/2056
f 1134/1618/2057 1146/1614/2057 1110/1613/2057
f 1146/1614/2058 1157/1619/2058 1156/1615/2058
f 1156/1615/2059 1157/1619/2059 1193/1616/2059
f 1041/1609/2060 1045/578/2060 1034/579/2060
f 1397/1620/2061 1134/1618/2061 1110/1613/2061
f 1157/1619/2062 1146/1614/2062 1134/1618/2062
f 1157/1619/2063 1175/1621/2063 1193/1616/2063
f 1193/1616/2064 199/527/2064 36/809/2064
f 1090/39/2065 1035/259/2065 1196/65/2065
f 1456/1331/2066 1150/87/2066 1051/1622/2066
f 1175/1621/2067 199/527/2067 1193/1616/2067
f 1186/1311/2068 695/1244/2068 199/527/2068
f 1186/1311/2069 199/527/2069 1175/1621/2069
f 1175/1621/2070 1157/1619/2070 1134/1618/2070
f 728/779/2071 1186/1311/2071 1175/1621/2071
f 197/853/2072 760/1008/2072 6/1301/2072
f 1130/22/2073 593/1158/2073 862/1210/2073
f 1167/695/2074 1109/98/2074 182/109/2074
f 1194/1466/2075 1115/1356/2075 1161/1471/2075
f 2140/1286/2076 1928/1623/2076 1504/1287/2076
f 921/137/2077 922/136/2077 2138/1350/2077
f 1147/1624/2078 1134/1618/2078 1397/1620/2078
f 1719/1251/2079 1147/1624/2079 1397/1620/2079
f 1147/1624/2080 1175/1621/2080 1134/1618/2080
f 1175/1621/2081 1147/1624/2081 728/779/2081
f 341/133/2082 1654/31/2082 1208/1305/2082
f 754/735/2083 151/766/2083 9/734/2083
f 284/1372/2084 2138/1350/2084 1058/283/2084
f 1188/105/2085 1557/172/2085 1660/211/2085
f 1191/1611/2086 110/1263/2086 1053/167/2086
f 916/943/2087 284/1378/2087 1189/94/2087
f 284/1378/2088 1058/4/2088 1189/94/2088
f 2094/1102/2089 1465/1625/2089 2127/1081/2089
f 1726/305/2090 1019/306/2090 1147/1624/2090
f 1147/1624/2091 1019/306/2091 728/779/2091
f 593/1158/2092 1130/22/2092 96/1124/2092
f 239/1617/2093 305/38/2093 1038/700/2093
f 1036/1626/2094 1131/160/2094 315/882/2094
f 397/737/2095 1131/160/2095 1120/23/2095
f 1053/167/2096 96/1124/2096 1130/22/2096
f 2467/1413/2097 2485/1627/2097 1869/226/2097
f 517/874/2098 1089/1628/2098 421/7/2098
f 834/1293/2099 1827/1277/2099 1029/1596/2099
f 419/61/2100 1047/125/2100 1117/59/2100
f 1034/579/2101 433/157/2101 1306/156/2101
f 2239/1436/2102 1862/456/2102 1730/515/2102
f 1453/1403/2103 1462/837/2103 1472/1498/2103
f 1408/1514/2104 1422/277/2104 1399/1629/2104
f 471/159/2105 23/179/2105 1111/181/2105
f 1205/1630/2106 1150/87/2106 1456/1331/2106
f 1205/1630/2107 1040/88/2107 1150/87/2107
f 1131/160/2108 1036/1626/2108 293/1631/2108
f 293/1631/2109 1068/1632/2109 1044/166/2109
f 375/1607/2110 1041/1609/2110 138/1612/2110
f 1205/1630/2111 1140/696/2111 1046/102/2111
f 1040/88/2112 1205/1630/2112 1046/102/2112
f 1140/696/2113 1167/695/2113 1046/102/2113
f 1104/1633/2114 1049/1343/2114 83/694/2114
f 1052/1595/2115 1085/49/2115 1032/48/2115
f 1044/166/2116 1068/1632/2116 1191/1611/2116
f 1167/695/2117 1483/697/2117 1109/98/2117
f 208/82/2118 1084/190/2118 1035/259/2118
f 1040/88/2119 132/103/2119 375/1634/2119
f 1834/1635/2120 20/1636/2120 3/1637/2120
f 1050/1638/2121 1051/1622/2121 1070/1639/2121
f 1133/107/2122 1125/1281/2122 1174/43/2122
f 11/891/2123 1440/37/2123 1401/1640/2123
f 420/83/2124 208/82/2124 1071/19/2124
f 1135/1641/2125 1079/1642/2125 1094/1643/2125
f 1086/57/2126 1101/11/2126 1118/55/2126
f 1029/1644/2127 1030/836/2127 1031/1602/2127
f 1200/1645/2128 1061/1646/2128 294/1647/2128
f 1191/1611/2129 1068/1632/2129 138/1612/2129
f 1171/1593/2130 1141/56/2130 65/45/2130
f 1141/56/2131 1172/1648/2131 65/45/2131
f 1172/1648/2132 35/115/2132 65/45/2132
f 1172/1648/2133 404/44/2133 35/115/2133
f 404/44/2134 99/58/2134 35/115/2134
f 221/830/2135 1104/1633/2135 1063/1649/2135
f 802/1650/2136 398/145/2136 1083/144/2136
f 20/1636/2137 1089/1628/2137 3/1637/2137
f 2064/619/2138 1699/618/2138 835/1069/2138
f 1042/12/2139 1052/1595/2139 1032/48/2139
f 1433/1651/2140 1261/17/2140 1432/670/2140
f 1323/462/2141 2338/1652/2141 155/1653/2141
f 1076/1330/2142 1205/1630/2142 1456/1331/2142
f 1088/1654/2143 1402/1655/2143 1056/1600/2143
f 1150/87/2144 348/89/2144 1070/1639/2144
f 1200/1645/2145 1089/1628/2145 20/1636/2145
f 1097/1656/2146 1162/397/2146 100/396/2146
f 1032/1549/2147 873/1294/2147 834/1293/2147
f 21/142/2148 471/159/2148 1111/181/2148
f 294/1647/2149 1097/1657/2149 1104/1633/2149
f 1072/1658/2150 100/396/2150 584/1212/2150
f 1151/1300/2151 760/1008/2151 622/1120/2151
f 132/1608/2152 1045/578/2152 1041/1609/2152
f 1050/1638/2153 1070/1639/2153 1135/1659/2153
f 1088/1654/2154 1039/153/2154 940/152/2154
f 650/835/2155 159/655/2155 635/956/2155
f 100/396/2156 1170/398/2156 729/536/2156
f 729/536/2157 584/1212/2157 100/396/2157
f 1103/346/2158 931/345/2158 1096/771/2158
f 925/1379/2159 1443/662/2159 1513/327/2159
f 138/1612/2160 1102/1660/2160 110/1263/2160
f 1034/579/2161 1306/156/2161 1152/220/2161
f 1071/19/2162 1035/259/2162 1090/39/2162
f 100/396/2163 1072/1658/2163 1097/1656/2163
f 23/179/2164 1158/1661/2164 315/180/2164
f 1068/1632/2165 375/1607/2165 138/1612/2165
f 1586/1259/2166 1612/1243/2166 1585/26/2166
f 1819/1662/2167 1030/836/2167 1029/1644/2167
f 1041/1609/2168 1034/579/2168 1102/1660/2168
f 232/1663/2169 375/1607/2169 1068/1632/2169
f 348/89/2170 1079/1664/2170 1070/1639/2170
f 1061/1646/2171 1097/1657/2171 294/1647/2171
f 1513/327/2172 1443/662/2172 1442/1380/2172
f 1200/1645/2173 294/1647/2173 1119/366/2173
f 376/1665/2174 1050/1666/2174 1062/1667/2174
f 1094/1643/2175 1036/1626/2175 315/882/2175
f 1200/1645/2176 1119/366/2176 1089/1628/2176
f 1111/181/2177 1183/143/2177 21/142/2177
f 1044/166/2178 1191/1611/2178 1053/167/2178
f 698/942/2179 295/1668/2179 689/664/2179
f 1079/1642/2180 232/1663/2180 1036/1626/2180
f 404/44/2181 1117/59/2181 99/58/2181
f 1495/68/2182 1496/1382/2182 717/69/2182
f 1119/366/2183 294/1647/2183 98/465/2183
f 3/1637/2184 1089/1628/2184 517/874/2184
f 1132/496/2185 1063/1649/2185 83/694/2185
f 1132/496/2186 83/694/2186 175/693/2186
f 132/103/2187 1046/102/2187 182/109/2187
f 1111/1669/2188 1195/736/2188 1183/1275/2188
f 1131/160/2189 1044/166/2189 1037/21/2189
f 127/334/2190 402/72/2190 1804/71/2190
f 219/168/2191 1272/1670/2191 1047/125/2191
f 1697/1671/2192 1135/1641/2192 1094/1643/2192
f 2140/1672/2193 1854/1673/2193 2117/236/2193
f 1111/1669/2194 397/737/2194 1195/736/2194
f 1177/1604/2195 1162/397/2195 1097/1656/2195
f 1061/1674/2196 1177/1604/2196 1097/1656/2196
f 717/69/2197 1509/1675/2197 714/424/2197
f 2/1676/2198 1300/155/2198 433/157/2198
f 462/621/2199 290/567/2199 461/672/2199
f 98/465/2200 294/1647/2200 221/830/2200
f 294/1647/2201 1104/1633/2201 221/830/2201
f 714/424/2202 1161/1471/2202 1007/1215/2202
f 1073/1677/2203 1152/220/2203 1143/221/2203
f 1697/1671/2204 1094/1643/2204 1360/1678/2204
f 1223/1679/2205 1423/1680/2205 1218/1681/2205
f 836/795/2206 2479/654/2206 842/1361/2206
f 1097/1657/2207 1072/1682/2207 1049/1343/2207
f 348/89/2208 1040/88/2208 375/1634/2208
f 3/1637/2209 517/874/2209 316/1683/2209
f 180/1456/2210 1061/1646/2210 1201/1684/2210
f 348/89/2211 375/1634/2211 232/1685/2211
f 1432/670/2212 1431/1226/2212 1415/1686/2212
f 220/104/2213 1513/327/2213 1495/68/2213
f 1104/1633/2214 1097/1657/2214 1049/1343/2214
f 306/228/2215 674/1020/2215 596/304/2215
f 777/414/2216 455/1687/2216 723/1163/2216
f 2170/1688/2217 2151/1689/2217 1641/1690/2217
f 1047/125/2218 419/61/2218 219/168/2218
f 1102/1660/2219 1034/579/2219 1073/1677/2219
f 1073/1677/2220 1034/579/2220 1152/220/2220
f 1035/259/2221 1054/108/2221 1196/65/2221
f 1177/1604/2222 1204/1351/2222 1162/397/2222
f 746/1419/2223 65/45/2223 12/47/2223
f 751/1308/2224 178/1172/2224 721/1078/2224
f 1054/108/2225 517/874/2225 421/7/2225
f 1051/1622/2226 1150/87/2226 1070/1639/2226
f 1102/1660/2227 1073/1677/2227 110/1263/2227
f 998/253/2228 1136/1691/2228 355/1194/2228
f 567/820/2229 566/1181/2229 1163/822/2229
f 1111/1669/2230 315/882/2230 397/737/2230
f 1048/1261/2231 1074/832/2231 835/1069/2231
f 1158/1692/2232 1094/1643/2232 315/882/2232
f 1374/1693/2233 1107/1376/2233 1252/1694/2233
f 1112/1550/2234 1136/1691/2234 998/253/2234
f 472/1170/2235 629/1116/2235 500/1115/2235
f 355/1194/2236 1136/1691/2236 260/554/2236
f 260/554/2237 118/1695/2237 43/413/2237
f 1104/1633/2238 83/694/2238 1063/1649/2238
f 376/1598/2239 357/124/2239 1050/464/2239
f 1463/1696/2240 1142/1280/2240 1545/1490/2240
f 1036/1626/2241 232/1663/2241 293/1631/2241
f 1030/836/2242 1042/12/2242 1031/1602/2242
f 1079/1664/2243 348/89/2243 232/1685/2243
f 221/830/2244 1063/1649/2244 1132/496/2244
f 1094/1643/2245 1079/1642/2245 1036/1626/2245
f 1076/1330/2246 1629/626/2246 1205/1630/2246
f 1136/1691/2247 1197/1697/2247 260/554/2247
f 260/554/2248 1197/1697/2248 118/1695/2248
f 1204/1351/2249 965/682/2249 1162/397/2249
f 293/1631/2250 232/1663/2250 1068/1632/2250
f 1590/860/2251 1205/1630/2251 1629/626/2251
f 1205/1630/2252 1590/860/2252 1140/696/2252
f 250/1463/2253 382/740/2253 392/741/2253
f 1296/658/2254 1318/394/2254 1311/199/2254
f 347/1457/2255 1201/1684/2255 20/1636/2255
f 1201/1684/2256 1200/1645/2256 20/1636/2256
f 132/103/2257 182/109/2257 1045/1698/2257
f 1101/11/2258 1086/57/2258 1052/1595/2258
f 1033/154/2259 1039/153/2259 1055/10/2259
f 138/1612/2260 1041/1609/2260 1102/1660/2260
f 970/325/2261 1010/324/2261 2495/582/2261
f 455/1687/2262 777/414/2262 43/413/2262
f 1992/215/2263 1948/1699/2263 2023/1700/2263
f 20/1636/2264 1834/1635/2264 347/1457/2264
f 1072/1658/2265 584/1212/2265 1049/1701/2265
f 584/1212/2266 1192/1242/2266 1049/1701/2266
f 182/109/2267 2/110/2267 1045/1698/2267
f 1163/822/2268 324/1340/2268 44/821/2268
f 1360/1678/2269 1094/1643/2269 1158/1692/2269
f 1450/1702/2270 1360/1703/2270 1158/1661/2270
f 1091/1704/2271 1112/1550/2271 229/776/2271
f 509/1705/2272 723/1163/2272 455/1687/2272
f 207/1706/2273 509/1705/2273 455/1687/2273
f 1251/1707/2274 1257/1570/2274 1266/1708/2274
f 1488/222/2275 1489/117/2275 1547/119/2275
f 2157/1709/2276 1541/1710/2276 1875/1711/2276
f 305/38/2277 107/767/2277 324/1340/2277
f 1045/578/2278 2/1676/2278 433/157/2278
f 1070/1639/2279 1079/1664/2279 1135/1659/2279
f 1136/1691/2280 1168/1712/2280 1197/1697/2280
f 1197/1697/2281 359/1713/2281 118/1695/2281
f 118/1695/2282 359/1713/2282 43/413/2282
f 359/1713/2283 356/1714/2283 43/413/2283
f 356/1714/2284 455/1687/2284 43/413/2284
f 356/1714/2285 207/1706/2285 455/1687/2285
f 1240/1513/2286 1422/277/2286 1408/1514/2286
f 1163/822/2287 1153/1610/2287 324/1340/2287
f 1201/1684/2288 1061/1646/2288 1200/1645/2288
f 1052/1595/2289 1086/57/2289 1085/49/2289
f 1024/116/2290 1141/56/2290 1171/1593/2290
f 1112/1550/2291 1105/1715/2291 1136/1691/2291
f 1050/1638/2292 1135/1659/2292 1062/1716/2292
f 1105/1715/2293 1168/1712/2293 1136/1691/2293
f 1168/1712/2294 1178/1717/2294 1197/1697/2294
f 1197/1697/2295 1178/1717/2295 359/1713/2295
f 1173/628/2296 404/44/2296 1172/1648/2296
f 465/1718/2297 356/1714/2297 359/1713/2297
f 1174/43/2298 1125/1281/2298 240/135/2298
f 1240/1513/2299 1431/1226/2299 1422/277/2299
f 1098/1719/2300 1113/1720/2300 1105/1715/2300
f 1112/1550/2301 1098/1719/2301 1105/1715/2301
f 1105/1715/2302 1178/1717/2302 1168/1712/2302
f 1178/1717/2303 465/1718/2303 359/1713/2303
f 1091/1704/2304 1098/1719/2304 1112/1550/2304
f 1133/107/2305 1174/43/2305 1118/55/2305
f 98/465/2306 221/830/2306 1059/13/2306
f 487/497/2307 1132/496/2307 175/693/2307
f 980/280/2308 1017/1721/2308 285/1420/2308
f 465/1718/2309 207/1706/2309 356/1714/2309
f 180/1456/2310 1201/1684/2310 347/1457/2310
f 1060/1537/2311 524/535/2311 1170/398/2311
f 445/189/2312 127/334/2312 316/1683/2312
f 1431/1226/2313 1438/1225/2313 1422/277/2313
f 498/249/2314 469/474/2314 681/727/2314
f 940/152/2315 1807/1722/2315 1759/1723/2315
f 381/913/2316 250/1463/2316 1290/941/2316
f 1113/1720/2317 1122/1724/2317 1105/1715/2317
f 1105/1715/2318 1122/1724/2318 1178/1717/2318
f 1151/1300/2319 509/1705/2319 207/1706/2319
f 1236/540/2320 2035/998/2320 525/1254/2320
f 1131/160/2321 293/1631/2321 1044/166/2321
f 346/1725/2322 207/1706/2322 465/1718/2322
f 346/1725/2323 1151/1300/2323 207/1706/2323
f 1822/1603/2324 1796/1726/2324 1204/1351/2324
f 1143/221/2325 204/196/2325 97/362/2325
f 123/1727/2326 1128/801/2326 971/1367/2326
f 2153/1577/2327 2152/1587/2327 2134/1578/2327
f 126/1728/2328 1151/1300/2328 346/1725/2328
f 517/874/2329 445/189/2329 316/1683/2329
f 1450/1702/2330 1158/1661/2330 23/179/2330
f 1458/1427/2331 1462/837/2331 1430/1400/2331
f 1129/481/2332 152/1729/2332 1182/101/2332
f 1122/1724/2333 1159/1730/2333 1178/1717/2333
f 1178/1717/2334 1198/1731/2334 465/1718/2334
f 79/1732/2335 346/1725/2335 465/1718/2335
f 126/1728/2336 1155/1733/2336 1151/1300/2336
f 1151/1300/2337 1155/1733/2337 6/1301/2337
f 295/1668/2338 1129/481/2338 689/664/2338
f 1073/1677/2339 1143/221/2339 97/362/2339
f 1098/1719/2340 1123/1734/2340 1113/1720/2340
f 1113/1720/2341 1123/1734/2341 1122/1724/2341
f 1123/1734/2342 1169/1735/2342 1122/1724/2342
f 1178/1717/2343 1159/1730/2343 1198/1731/2343
f 1198/1731/2344 79/1732/2344 465/1718/2344
f 392/741/2345 383/99/2345 152/1729/2345
f 1822/1736/2346 1061/1646/2346 180/1456/2346
f 116/360/2347 92/359/2347 625/955/2347
f 421/7/2348 1089/1628/2348 1119/366/2348
f 1129/481/2349 295/1668/2349 152/1729/2349
f 110/1263/2350 1073/1677/2350 97/362/2350
f 1173/628/2351 1172/1648/2351 1141/56/2351
f 1122/1724/2352 1169/1735/2352 1159/1730/2352
f 79/1732/2353 126/1728/2353 346/1725/2353
f 1155/1733/2354 181/851/2354 6/1301/2354
f 971/1367/2355 926/800/2355 1002/78/2355
f 295/1668/2356 1043/940/2356 152/1729/2356
f 1039/153/2357 1088/1654/2357 1056/1600/2357
f 1428/1507/2358 1266/1708/2358 1436/1508/2358
f 404/44/2359 419/61/2359 1117/59/2359
f 836/795/2360 879/247/2360 2479/654/2360
f 2464/623/2361 2476/622/2361 2458/316/2361
f 1198/1731/2362 317/1737/2362 79/1732/2362
f 1124/93/2363 939/6/2363 301/134/2363
f 44/821/2364 754/735/2364 567/820/2364
f 1039/153/2365 1056/1600/2365 1055/10/2365
f 1439/863/2366 1459/862/2366 1458/1427/2366
f 1660/211/2367 1412/223/2367 986/1453/2367
f 1169/1735/2368 1160/369/2368 1159/1730/2368
f 179/1738/2369 1155/1733/2369 126/1728/2369
f 1155/1733/2370 131/852/2370 181/851/2370
f 1061/1674/2371 1822/1603/2371 1177/1604/2371
f 1153/1610/2372 305/38/2372 324/1340/2372
f 175/693/2373 314/636/2373 327/646/2373
f 1160/369/2374 1187/368/2374 1159/1730/2374
f 1159/1730/2375 1187/368/2375 1198/1731/2375
f 1198/1731/2376 1187/368/2376 317/1737/2376
f 79/1732/2377 179/1738/2377 126/1728/2377
f 1043/940/2378 250/1463/2378 392/741/2378
f 152/1729/2379 1043/940/2379 392/741/2379
f 96/1124/2380 819/1136/2380 593/1158/2380
f 1123/1734/2381 1127/1739/2381 1169/1735/2381
f 317/1737/2382 179/1738/2382 79/1732/2382
f 1057/900/2383 1155/1733/2383 179/1738/2383
f 1155/1733/2384 391/777/2384 131/852/2384
f 131/852/2385 391/777/2385 668/778/2385
f 2381/25/2386 1586/1259/2386 1585/26/2386
f 12/47/2387 69/193/2387 499/1473/2387
f 262/146/2388 398/145/2388 1640/192/2388
f 2107/936/2389 2118/1506/2389 2060/849/2389
f 2130/1740/2390 2094/1102/2390 2002/1080/2390
f 1187/368/2391 249/811/2391 317/1737/2391
f 1155/1733/2392 1057/900/2392 391/777/2392
f 1290/941/2393 439/828/2393 1265/827/2393
f 305/38/2394 239/1617/2394 107/767/2394
f 1127/1739/2395 1160/369/2395 1169/1735/2395
f 317/1737/2396 473/916/2396 179/1738/2396
f 473/916/2397 1057/900/2397 179/1738/2397
f 83/694/2398 1192/616/2398 314/636/2398
f 1043/940/2399 1290/941/2399 250/1463/2399
f 1807/1722/2400 940/152/2400 1030/836/2400
f 517/874/2401 1084/190/2401 445/189/2401
f 1057/900/2402 1164/810/2402 391/777/2402
f 2492/248/2403 2480/478/2403 2493/603/2403
f 163/415/2404 643/553/2404 43/413/2404
f 1056/1600/2405 1545/1490/2405 1303/1489/2405
f 1069/1/2406 1655/915/2406 1023/1741/2406
f 249/811/2407 473/916/2407 317/1737/2407
f 1162/397/2408 1060/1537/2408 1170/398/2408
f 1086/57/2409 1118/55/2409 1154/54/2409
f 82/613/2410 68/657/2410 16/699/2410
f 1989/1742/2411 1990/1743/2411 1536/1404/2411
f 1633/1428/2412 1632/30/2412 1611/188/2412
f 1487/395/2413 2372/1744/2413 1305/1006/2413
f 1494/213/2414 1069/1/2414 1023/1741/2414
f 1137/861/2415 1160/369/2415 1127/1739/2415
f 669/35/2416 1166/34/2416 679/1048/2416
f 390/812/2417 1285/1745/2417 426/834/2417
f 1955/1342/2418 1972/214/2418 1971/216/2418
f 1219/1369/2419 1223/1679/2419 2437/1746/2419
f 1254/15/2420 1261/17/2420 1223/1679/2420
f 1319/1747/2421 1545/1490/2421 1056/1600/2421
f 1320/1443/2422 1328/1748/2422 2443/1749/2422
f 1261/17/2423 1433/1651/2423 1223/1679/2423
f 1219/1369/2424 1254/15/2424 1223/1679/2424
f 254/598/2425 222/599/2425 2428/1140/2425
f 1237/1750/2426 1290/941/2426 1265/827/2426
f 1284/1751/2427 1273/720/2427 1263/1752/2427
f 1277/1753/2428 1291/783/2428 1301/1754/2428
f 1314/774/2429 102/745/2429 1301/1754/2429
f 1280/1755/2430 363/351/2430 377/261/2430
f 1313/1399/2431 1353/1357/2431 1514/308/2431
f 468/926/2432 451/826/2432 439/828/2432
f 1918/1155/2433 1964/1756/2433 1956/1757/2433
f 2026/1758/2434 29/1759/2434 2140/1286/2434
f 1354/899/2435 381/913/2435 1279/1760/2435
f 1224/1188/2436 30/16/2436 1254/15/2436
f 147/909/2437 158/938/2437 173/930/2437
f 1247/1761/2438 1253/1762/2438 274/768/2438
f 1271/1763/2439 380/803/2439 334/760/2439
f 2043/1764/2440 2072/1246/2440 2042/1247/2440
f 274/768/2441 300/759/2441 267/752/2441
f 1356/786/2442 1392/1765/2442 211/758/2442
f 13/1345/2443 240/135/2443 1142/1280/2443
f 1382/798/2444 1330/1766/2444 1392/1765/2444
f 1312/1767/2445 1323/462/2445 155/1653/2445
f 240/135/2446 1125/1281/2446 1142/1280/2446
f 2358/451/2447 1573/450/2447 1362/1561/2447
f 1236/540/2448 1249/823/2448 1244/170/2448
f 1272/1670/2449 219/168/2449 1348/1344/2449
f 1271/1763/2450 1274/1768/2450 380/803/2450
f 191/485/2451 2034/176/2451 1982/1769/2451
f 1992/215/2452 2052/1528/2452 1990/1743/2452
f 462/621/2453 452/935/2453 689/664/2453
f 2262/1770/2454 2286/1771/2454 2261/1772/2454
f 183/217/2455 489/62/2455 1642/1773/2455
f 2485/1627/2456 2480/842/2456 1869/226/2456
f 84/596/2457 111/463/2457 1323/462/2457
f 1190/1774/2458 353/884/2458 1354/899/2458
f 446/290/2459 434/1775/2459 435/262/2459
f 1336/907/2460 171/896/2460 1341/1776/2460
f 2021/498/2461 430/178/2461 2059/794/2461
f 862/1210/2462 878/1144/2462 1120/23/2462
f 1263/1752/2463 1273/720/2463 1248/1777/2463
f 1966/1231/2464 1921/1230/2464 2144/1778/2464
f 1312/1767/2465 84/596/2465 1323/462/2465
f 240/135/2466 13/1345/2466 1348/1344/2466
f 1359/1779/2467 1274/1768/2467 1271/1763/2467
f 1392/1765/2468 1330/1766/2468 1247/1761/2468
f 1520/1780/2469 1333/948/2469 11/891/2469
f 1368/1781/2470 1253/1762/2470 1247/1761/2470
f 1279/1760/2471 1285/1745/2471 1190/1774/2471
f 2465/684/2472 990/1488/2472 2489/638/2472
f 1272/1670/2473 1519/1346/2473 805/1782/2473
f 1369/1783/2474 1272/1670/2474 805/1782/2474
f 1317/149/2475 95/151/2475 1344/1784/2475
f 1242/1785/2476 1248/1777/2476 1234/704/2476
f 1368/1781/2477 242/892/2477 1363/878/2477
f 274/768/2478 1262/1786/2478 1386/769/2478
f 532/1787/2479 597/1788/2479 1886/1789/2479
f 2117/236/2480 2026/1238/2480 2140/1672/2480
f 1392/1765/2481 1247/1761/2481 274/768/2481
f 2162/1790/2482 508/1791/2482 985/1792/2482
f 1964/1756/2483 1469/1793/2483 1965/1794/2483
f 1315/796/2484 104/847/2484 1331/797/2484
f 1392/1765/2485 1356/786/2485 1382/798/2485
f 128/539/2486 1342/538/2486 1336/907/2486
f 1285/1745/2487 427/885/2487 426/834/2487
f 1219/1369/2488 1224/1188/2488 1254/15/2488
f 1320/1443/2489 1322/838/2489 1321/1795/2489
f 1320/1443/2490 1321/1795/2490 1328/1748/2490
f 153/1796/2491 2443/1749/2491 1328/1748/2491
f 1321/1795/2492 153/1796/2492 1328/1748/2492
f 1235/1240/2493 1244/170/2493 1243/1797/2493
f 1225/1368/2494 1224/1188/2494 1219/1369/2494
f 1359/1779/2495 353/884/2495 1190/1774/2495
f 1312/1767/2496 1473/1798/2496 1458/1427/2496
f 1336/907/2497 1342/538/2497 147/909/2497
f 305/38/2498 1333/948/2498 1038/700/2498
f 1336/907/2499 147/909/2499 171/896/2499
f 516/972/2500 31/665/2500 19/1141/2500
f 2479/654/2501 2461/782/2501 842/1361/2501
f 1237/1750/2502 1265/827/2502 427/885/2502
f 1263/1752/2503 1278/1799/2503 1284/1751/2503
f 881/233/2504 1827/1277/2504 834/1293/2504
f 1237/1750/2505 427/885/2505 1285/1745/2505
f 1299/597/2506 1312/1767/2506 1458/1427/2506
f 1190/1774/2507 1285/1745/2507 1274/1768/2507
f 1363/878/2508 286/877/2508 1253/1762/2508
f 2330/1493/2509 2303/1530/2509 828/1465/2509
f 427/885/2510 442/854/2510 426/834/2510
f 2493/603/2511 2463/246/2511 2492/248/2511
f 1285/1745/2512 380/803/2512 1274/1768/2512
f 522/1104/2513 18/495/2513 1225/1368/2513
f 2471/640/2514 2472/818/2514 2488/641/2514
f 2338/1652/2515 154/1800/2515 1321/1795/2515
f 1423/1680/2516 1415/1686/2516 1218/1681/2516
f 1225/1368/2517 18/495/2517 1224/1188/2517
f 1253/1762/2518 286/877/2518 1262/1786/2518
f 286/877/2519 353/884/2519 1359/1779/2519
f 171/896/2520 1368/1781/2520 1383/1801/2520
f 1273/720/2521 54/675/2521 1234/704/2521
f 1973/959/2522 2447/1318/2522 527/1278/2522
f 1322/838/2523 155/1653/2523 1321/1795/2523
f 1203/127/2524 1369/1783/2524 1413/1802/2524
f 1307/352/2525 363/351/2525 1298/373/2525
f 1364/1803/2526 1375/165/2526 1329/1804/2526
f 1329/1804/2527 227/164/2527 1306/156/2527
f 296/371/2528 1298/373/2528 1343/372/2528
f 947/1173/2529 2499/574/2529 1447/1174/2529
f 1203/127/2530 1047/125/2530 1272/1670/2530
f 1098/1719/2531 1748/1805/2531 1123/1734/2531
f 1519/1346/2532 1272/1670/2532 1348/1344/2532
f 1277/1753/2533 70/721/2533 1273/720/2533
f 1282/1806/2534 1337/1807/2534 1361/1808/2534
f 286/877/2535 302/879/2535 353/884/2535
f 103/815/2536 104/847/2536 1315/796/2536
f 1377/263/2537 435/262/2537 434/1775/2537
f 1449/671/2538 1261/17/2538 1345/937/2538
f 926/800/2539 1310/799/2539 806/751/2539
f 1263/1752/2540 1248/1777/2540 1242/1785/2540
f 985/1792/2541 508/1791/2541 597/1788/2541
f 1415/1686/2542 1222/1809/2542 1218/1681/2542
f 88/873/2543 1325/895/2543 104/847/2543
f 170/461/2544 111/463/2544 156/651/2544
f 1384/1810/2545 1282/1806/2545 1361/1808/2545
f 274/768/2546 1253/1762/2546 1262/1786/2546
f 1371/1811/2547 1317/149/2547 1344/1784/2547
f 1371/1811/2548 1366/1812/2548 1337/1807/2548
f 1345/937/2549 1459/862/2549 1449/671/2549
f 171/896/2550 1383/1801/2550 1341/1776/2550
f 2438/1241/2551 1235/1240/2551 1227/971/2551
f 2134/1578/2552 1582/1813/2552 2118/1506/2552
f 428/1474/2553 1260/1814/2553 1379/1815/2553
f 1336/907/2554 1341/1776/2554 1325/895/2554
f 1235/1240/2555 1242/1785/2555 1227/971/2555
f 1228/584/2556 1687/1816/2556 2284/1817/2556
f 1854/1673/2557 2140/1672/2557 2016/1818/2557
f 1866/429/2558 1887/1819/2558 1873/1820/2558
f 1343/372/2559 1298/373/2559 1370/1821/2559
f 1384/1810/2560 1361/1808/2560 2440/1822/2560
f 171/896/2561 242/892/2561 1368/1781/2561
f 1344/1784/2562 1309/1823/2562 1366/1812/2562
f 1371/1811/2563 1344/1784/2563 1366/1812/2563
f 1280/1755/2564 1377/263/2564 1293/1824/2564
f 200/1055/2565 1185/1606/2565 205/755/2565
f 1330/1766/2566 1383/1801/2566 1368/1781/2566
f 1255/169/2567 1264/784/2567 1263/1752/2567
f 543/1825/2568 1367/1826/2568 1876/1827/2568
f 1343/372/2569 1370/1821/2569 1260/1814/2569
f 1293/1824/2570 1326/1828/2570 1370/1821/2570
f 2440/1822/2571 1361/1808/2571 1302/1829/2571
f 1282/1806/2572 1384/1810/2572 2406/1830/2572
f 271/162/2573 1337/1807/2573 1282/1806/2573
f 170/461/2574 2338/1652/2574 1323/462/2574
f 1528/1831/2575 1503/442/2575 2470/1273/2575
f 515/1159/2576 1347/1832/2576 2453/1152/2576
f 1997/1833/2577 1705/1834/2577 1998/64/2577
f 2285/585/2578 1228/584/2578 2284/1817/2578
f 1229/1835/2579 1250/1836/2579 1228/584/2579
f 1330/1766/2580 1368/1781/2580 1247/1761/2580
f 1919/1837/2581 1619/1838/2581 2045/1839/2581
f 1344/1784/2582 1364/1803/2582 1335/1840/2582
f 1222/1809/2583 1240/1513/2583 1221/1512/2583
f 1212/1841/2584 858/1842/2584 1741/1843/2584
f 2388/1844/2585 1222/1809/2585 1221/1512/2585
f 1528/1831/2586 2470/1273/2586 2068/349/2586
f 501/1316/2587 1308/1315/2587 2171/1354/2587
f 1295/1845/2588 1311/199/2588 1487/395/2588
f 2116/1846/2589 1619/1838/2589 1655/915/2589
f 1220/1847/2590 1229/1835/2590 1228/584/2590
f 8/1347/2591 663/1127/2591 573/1108/2591
f 1343/372/2592 1260/1814/2592 428/1474/2592
f 1337/1807/2593 1366/1812/2593 1361/1808/2593
f 1298/373/2594 1280/1755/2594 1293/1824/2594
f 1269/514/2595 1345/937/2595 1261/17/2595
f 1279/1760/2596 381/913/2596 1290/941/2596
f 1230/1848/2597 1229/1835/2597 1220/1847/2597
f 1230/1848/2598 1245/1849/2598 1229/1835/2598
f 1245/1849/2599 1250/1836/2599 1229/1835/2599
f 1227/971/2600 1234/704/2600 31/665/2600
f 1302/1829/2601 1361/1808/2601 1350/1850/2601
f 1245/1849/2602 1266/1708/2602 1428/1507/2602
f 1992/215/2603 2023/1700/2603 2052/1528/2603
f 2482/1138/2604 2471/640/2604 2475/639/2604
f 452/935/2605 462/621/2605 461/672/2605
f 271/162/2606 1282/1806/2606 1275/1522/2606
f 1991/1851/2607 1989/1742/2607 1934/1852/2607
f 1366/1812/2608 1309/1823/2608 1350/1850/2608
f 1344/1784/2609 1335/1840/2609 1309/1823/2609
f 730/1075/2610 699/1112/2610 974/1191/2610
f 1374/1693/2611 1252/1694/2611 1208/1305/2611
f 597/1788/2612 508/1791/2612 1912/1853/2612
f 1363/878/2613 1253/1762/2613 1368/1781/2613
f 1386/769/2614 1271/1763/2614 300/759/2614
f 1211/1854/2615 1218/1681/2615 1222/1809/2615
f 1376/1855/2616 1377/263/2616 434/1775/2616
f 2399/1856/2617 2437/1746/2617 1211/1854/2617
f 1284/1751/2618 1291/783/2618 1277/1753/2618
f 1230/1848/2619 1251/1707/2619 1245/1849/2619
f 1251/1707/2620 1266/1708/2620 1245/1849/2620
f 1317/149/2621 1371/1811/2621 1337/1807/2621
f 1288/1857/2622 1286/1858/2622 1095/1306/2622
f 1095/1306/2623 1286/1858/2623 1352/1304/2623
f 1241/1859/2624 1208/1305/2624 1352/1304/2624
f 1241/1859/2625 1374/1693/2625 1208/1305/2625
f 1284/1751/2626 1278/1799/2626 1291/783/2626
f 211/758/2627 1392/1765/2627 267/752/2627
f 1344/1784/2628 1375/165/2628 1364/1803/2628
f 929/209/2629 583/208/2629 1028/864/2629
f 1361/1808/2630 1366/1812/2630 1350/1850/2630
f 1115/1356/2631 1294/1548/2631 1639/609/2631
f 1291/783/2632 103/815/2632 1301/1754/2632
f 1220/1847/2633 1231/1860/2633 1230/1848/2633
f 1231/1860/2634 1251/1707/2634 1230/1848/2634
f 1234/704/2635 1248/1777/2635 1273/720/2635
f 1255/169/2636 55/785/2636 1264/784/2636
f 1360/1703/2637 1450/1702/2637 1702/1861/2637
f 363/351/2638 1280/1755/2638 1298/373/2638
f 1369/1783/2639 1203/127/2639 1272/1670/2639
f 1415/1686/2640 1240/1513/2640 1222/1809/2640
f 1216/1862/2641 1231/1860/2641 1220/1847/2641
f 1243/1797/2642 1263/1752/2642 1235/1240/2642
f 1375/165/2643 227/164/2643 1329/1804/2643
f 1264/784/2644 1278/1799/2644 1263/1752/2644
f 855/1337/2645 899/1396/2645 961/685/2645
f 1286/1858/2646 1241/1859/2646 1352/1304/2646
f 2081/848/2647 2128/1505/2647 2107/936/2647
f 1223/1679/2648 1433/1651/2648 1423/1680/2648
f 1473/1798/2649 1312/1767/2649 155/1653/2649
f 154/1800/2650 153/1796/2650 1321/1795/2650
f 1377/263/2651 1376/1855/2651 1293/1824/2651
f 1392/1765/2652 274/768/2652 267/752/2652
f 334/760/2653 300/759/2653 1271/1763/2653
f 1955/1342/2654 1991/1851/2654 1934/1852/2654
f 1613/1585/2655 1327/1863/2655 1288/1864/2655
f 1327/1863/2656 1286/1865/2656 1288/1864/2656
f 1349/1866/2657 1374/1867/2657 1241/1868/2657
f 2370/1869/2658 2025/431/2658 2367/433/2658
f 1315/796/2659 1331/797/2659 133/773/2659
f 434/1775/2660 446/290/2660 1256/1870/2660
f 1232/1871/2661 1251/1707/2661 1231/1860/2661
f 1243/1797/2662 1244/170/2662 1255/169/2662
f 1286/1865/2663 1304/1872/2663 1241/1868/2663
f 1349/1866/2664 1107/1873/2664 1374/1867/2664
f 1359/1779/2665 1271/1763/2665 1386/769/2665
f 1227/971/2666 516/972/2666 2431/1555/2666
f 219/168/2667 240/135/2667 1348/1344/2667
f 1270/1523/2668 271/162/2668 1275/1522/2668
f 1255/169/2669 1263/1752/2669 1243/1797/2669
f 2026/1758/2670 1926/1874/2670 29/1759/2670
f 1683/122/2671 2157/1709/2671 1212/1841/2671
f 1326/1828/2672 1293/1824/2672 1376/1855/2672
f 1255/169/2673 32/171/2673 55/785/2673
f 104/847/2674 1325/895/2674 1341/1776/2674
f 519/686/2675 2462/330/2675 2475/639/2675
f 2154/1875/2676 2161/1352/2676 2137/1876/2676
f 1376/1855/2677 434/1775/2677 1246/1877/2677
f 1246/1877/2678 434/1775/2678 1256/1870/2678
f 1257/1570/2679 1251/1707/2679 1232/1871/2679
f 1262/1786/2680 1359/1779/2680 1386/769/2680
f 2195/1568/2681 2192/1567/2681 2186/1878/2681
f 1308/1315/2682 534/1041/2682 1226/218/2682
f 2026/1238/2683 2117/236/2683 544/245/2683
f 1327/1863/2684 1613/1585/2684 1324/1582/2684
f 1327/1863/2685 1326/1828/2685 1286/1865/2685
f 1286/1865/2686 1326/1828/2686 1304/1872/2686
f 104/847/2687 1341/1776/2687 1331/797/2687
f 774/1190/2688 524/535/2688 880/1580/2688
f 837/1879/2689 1517/1042/2689 534/1041/2689
f 1127/1739/2690 1123/1734/2690 1567/1880/2690
f 1279/1760/2691 1237/1750/2691 1285/1745/2691
f 1297/1881/2692 1381/96/2692 1294/1548/2692
f 1217/1882/2693 1232/1871/2693 1216/1862/2693
f 1142/1280/2694 1519/1346/2694 13/1345/2694
f 1436/1508/2695 1267/1497/2695 1287/1509/2695
f 1324/1582/2696 1372/1883/2696 1327/1863/2696
f 1304/1872/2697 1246/1877/2697 1241/1868/2697
f 1246/1877/2698 1349/1866/2698 1241/1868/2698
f 1246/1877/2699 1373/1884/2699 1349/1866/2699
f 286/877/2700 1359/1779/2700 1262/1786/2700
f 1382/798/2701 1383/1801/2701 1330/1766/2701
f 1284/1751/2702 1277/1753/2702 1273/720/2702
f 489/62/2703 1998/64/2703 1799/1477/2703
f 1675/1885/2704 1116/1282/2704 1075/833/2704
f 106/147/2705 1317/149/2705 1337/1807/2705
f 1311/199/2706 1295/1845/2706 1281/1886/2706
f 1292/1887/2707 1364/1803/2707 1329/1804/2707
f 1335/1840/2708 1364/1803/2708 1292/1887/2708
f 1334/1355/2709 1294/1548/2709 1115/1356/2709
f 1334/1355/2710 1297/1881/2710 1294/1548/2710
f 1300/97/2711 1381/96/2711 1297/1881/2711
f 973/1362/2712 842/1361/2712 2461/782/2712
f 1217/1882/2713 1239/1888/2713 1232/1871/2713
f 1232/1871/2714 1239/1888/2714 1257/1570/2714
f 1258/1495/2715 1267/1497/2715 1436/1508/2715
f 1359/1779/2716 1190/1774/2716 1274/1768/2716
f 1862/456/2717 1405/458/2717 1877/467/2717
f 1372/1883/2718 1339/1889/2718 1327/1863/2718
f 1339/1889/2719 1326/1828/2719 1327/1863/2719
f 1373/1884/2720 1351/1890/2720 1349/1866/2720
f 1276/197/2721 1311/199/2721 1281/1886/2721
f 1256/1891/2722 2386/1892/2722 1351/1893/2722
f 2/110/2723 1109/98/2723 1300/97/2723
f 482/1894/2724 1731/1895/2724 520/1896/2724
f 803/1897/2725 1604/1898/2725 2022/1899/2725
f 1223/1679/2726 1218/1681/2726 1211/1854/2726
f 1341/1776/2727 1383/1801/2727 1382/798/2727
f 1298/373/2728 1293/1824/2728 1370/1821/2728
f 1190/1774/2729 1354/899/2729 1279/1760/2729
f 1324/1582/2730 2398/1900/2730 1372/1883/2730
f 1714/1901/2731 1700/1902/2731 2173/1591/2731
f 183/217/2732 2000/63/2732 489/62/2732
f 1701/1431/2733 1666/1433/2733 192/1903/2733
f 1227/971/2734 1242/1785/2734 1234/704/2734
f 1332/1904/2735 1289/1398/2735 1310/799/2735
f 1517/1042/2736 2005/1905/2736 2130/1740/2736
f 1331/797/2737 1341/1776/2737 1382/798/2737
f 525/1254/2738 1249/823/2738 1236/540/2738
f 23/179/2739 1268/1906/2739 1450/1702/2739
f 1264/784/2740 1291/783/2740 1278/1799/2740
f 1281/1886/2741 1287/1509/2741 1267/1497/2741
f 1295/1845/2742 1305/1006/2742 1287/1509/2742
f 1281/1886/2743 1295/1845/2743 1287/1509/2743
f 1487/395/2744 1305/1006/2744 1295/1845/2744
f 1605/1907/2745 2097/1908/2745 2058/1909/2745
f 1326/1828/2746 1376/1855/2746 1304/1872/2746
f 1304/1872/2747 1376/1855/2747 1246/1877/2747
f 1316/399/2748 1919/1837/2748 1984/1910/2748
f 2500/234/2749 1949/1339/2749 2460/412/2749
f 1332/1904/2750 1313/1399/2750 1289/1398/2750
f 2189/1911/2751 2181/1912/2751 2177/1502/2751
f 1335/1913/2752 1334/1355/2752 1353/1357/2752
f 1292/1914/2753 1297/1881/2753 1334/1355/2753
f 1428/1507/2754 1250/1836/2754 1245/1849/2754
f 969/888/2755 958/1451/2755 952/1450/2755
f 1217/1882/2756 1233/1915/2756 1239/1888/2756
f 1233/1915/2757 1257/1570/2757 1239/1888/2757
f 1876/1827/2758 1367/1826/2758 1338/1916/2758
f 1379/1815/2759 1260/1814/2759 1372/1883/2759
f 1372/1883/2760 1260/1814/2760 1339/1889/2760
f 1128/801/2761 1302/1917/2761 1310/799/2761
f 1310/799/2762 1302/1917/2762 1332/1904/2762
f 1335/1913/2763 1353/1357/2763 1313/1399/2763
f 1292/1914/2764 1334/1355/2764 1335/1913/2764
f 1297/1881/2765 1329/1918/2765 1300/97/2765
f 1279/1760/2766 1290/941/2766 1237/1750/2766
f 1301/1754/2767 103/815/2767 1314/774/2767
f 70/721/2768 1301/1754/2768 102/745/2768
f 23/179/2769 1333/948/2769 1268/1906/2769
f 380/803/2770 1285/1745/2770 390/812/2770
f 772/1919/2771 325/201/2771 1275/1522/2771
f 1314/774/2772 103/815/2772 1315/796/2772
f 2473/29/2773 2458/316/2773 2487/315/2773
f 1276/197/2774 1281/1886/2774 1267/1497/2774
f 1344/1784/2775 95/151/2775 1375/165/2775
f 2053/1920/2776 1771/792/2776 1572/791/2776
f 1246/1877/2777 1256/1870/2777 1373/1884/2777
f 1373/1884/2778 1256/1870/2778 1351/1890/2778
f 1340/1921/2779 1302/1917/2779 1128/801/2779
f 1350/1922/2780 1313/1399/2780 1332/1904/2780
f 1329/1918/2781 1297/1881/2781 1292/1914/2781
f 2434/27/2782 2473/29/2782 2487/315/2782
f 106/147/2783 1337/1807/2783 271/162/2783
f 23/179/2784 471/159/2784 1333/948/2784
f 622/1120/2785 723/1163/2785 509/1705/2785
f 1388/1299/2786 1517/1042/2786 2127/1081/2786
f 1991/1851/2787 1990/1743/2787 1989/1742/2787
f 183/217/2788 1636/1594/2788 1226/218/2788
f 2133/1923/2789 1605/1907/2789 2151/1689/2789
f 1260/1814/2790 1370/1821/2790 1339/1889/2790
f 1339/1889/2791 1370/1821/2791 1326/1828/2791
f 867/1487/2792 1894/1924/2792 1902/1295/2792
f 390/812/2793 426/834/2793 412/787/2793
f 1235/1240/2794 1263/1752/2794 1242/1785/2794
f 1399/1629/2795 1422/277/2795 1233/279/2795
f 305/38/2796 11/891/2796 1333/948/2796
f 1300/155/2797 1329/1804/2797 1306/156/2797
f 1302/1917/2798 1350/1922/2798 1332/1904/2798
f 1350/1922/2799 1309/1925/2799 1313/1399/2799
f 1309/1925/2800 1335/1913/2800 1313/1399/2800
f 2470/1273/2801 2102/1926/2801 1502/232/2801
f 1787/1927/2802 1531/1928/2802 1599/1929/2802
f 1724/1930/2803 1725/1931/2803 1691/1932/2803
f 1827/1277/2804 1601/1276/2804 1927/1933/2804
f 1678/1934/2805 1358/1935/2805 1476/1936/2805
f 1823/95/2806 1812/312/2806 1846/1458/2806
f 1805/120/2807 1824/1937/2807 1708/1459/2807
f 1746/1938/2808 1676/1939/2808 1797/1940/2808
f 325/201/2809 2395/230/2809 429/219/2809
f 1835/1268/2810 1677/1137/2810 1826/1941/2810
f 1507/123/2811 1790/1942/2811 1722/1408/2811
f 1526/1943/2812 1672/1944/2812 858/1842/2812
f 158/938/2813 147/909/2813 1342/538/2813
f 1462/837/2814 1473/1798/2814 1322/838/2814
f 1474/443/2815 1414/1945/2815 1565/441/2815
f 1761/1946/2816 1900/468/2816 1877/467/2816
f 940/152/2817 1759/1723/2817 1008/1947/2817
f 1565/441/2818 1015/1948/2818 1008/1947/2818
f 1924/1198/2819 1533/1949/2819 1933/1950/2819
f 1878/428/2820 826/430/2820 830/756/2820
f 1565/441/2821 1414/1945/2821 1015/1948/2821
f 1402/1655/2822 1088/1654/2822 1008/1947/2822
f 1538/1951/2823 1532/1952/2823 1651/483/2823
f 1015/1948/2824 1552/1953/2824 1008/1947/2824
f 1538/1951/2825 1591/1954/2825 1474/443/2825
f 1532/1952/2826 1538/1951/2826 1474/443/2826
f 1474/443/2827 1591/1954/2827 1414/1945/2827
f 1484/1955/2828 1402/1655/2828 1008/1947/2828
f 1552/1953/2829 1484/1955/2829 1008/1947/2829
f 1414/1945/2830 1460/1956/2830 1015/1948/2830
f 1015/1948/2831 1460/1956/2831 1552/1953/2831
f 806/751/2832 1289/1398/2832 945/307/2832
f 1597/1957/2833 1538/1951/2833 1659/1958/2833
f 1484/1955/2834 1319/1747/2834 1402/1655/2834
f 1056/1600/2835 1402/1655/2835 1319/1747/2835
f 1538/1951/2836 1597/1957/2836 1591/1954/2836
f 1591/1954/2837 960/1959/2837 1414/1945/2837
f 1414/1945/2838 960/1959/2838 1460/1956/2838
f 1925/86/2839 1466/1960/2839 1455/84/2839
f 1552/1953/2840 1400/1961/2840 1484/1955/2840
f 1484/1955/2841 1400/1961/2841 1319/1747/2841
f 1400/1961/2842 113/1962/2842 1319/1747/2842
f 1597/1957/2843 1580/1963/2843 1591/1954/2843
f 1460/1956/2844 1400/1961/2844 1552/1953/2844
f 1514/308/2845 1441/1467/2845 966/1384/2845
f 1597/1957/2846 1659/1958/2846 1409/750/2846
f 1657/1964/2847 113/1962/2847 1400/1961/2847
f 1460/1956/2848 1657/1964/2848 1400/1961/2848
f 1288/1857/2849 1095/1306/2849 1634/1359/2849
f 1551/1560/2850 1597/1957/2850 1409/750/2850
f 1580/1963/2851 1598/1965/2851 1591/1954/2851
f 1591/1954/2852 1598/1965/2852 960/1959/2852
f 1536/1404/2853 1990/1743/2853 2031/850/2853
f 960/1959/2854 1657/1964/2854 1460/1956/2854
f 1809/1966/2855 1746/1938/2855 1797/1940/2855
f 1423/1680/2856 1433/1651/2856 1432/670/2856
f 2478/749/2857 1362/1561/2857 1409/750/2857
f 1463/1696/2858 1545/1490/2858 113/1962/2858
f 1657/1964/2859 1463/1696/2859 113/1962/2859
f 1457/1005/2860 1287/1509/2860 1305/1006/2860
f 1682/1967/2861 1716/1968/2861 1746/1938/2861
f 1434/1969/2862 1761/1946/2862 1885/1970/2862
f 1013/1216/2863 1139/611/2863 1617/1510/2863
f 2379/1971/2864 1362/1561/2864 2478/749/2864
f 1420/1972/2865 1597/1957/2865 1551/1560/2865
f 1420/1972/2866 1580/1963/2866 1597/1957/2866
f 1664/1973/2867 1808/1974/2867 1712/1975/2867
f 2256/1976/2868 2250/1977/2868 2231/1978/2868
f 1362/1561/2869 1551/1560/2869 1409/750/2869
f 2196/1979/2870 2214/1980/2870 2213/1981/2870
f 1691/1932/2871 1725/1931/2871 1777/1982/2871
f 1626/1983/2872 192/1903/2872 1666/1433/2872
f 1534/1984/2873 1574/1985/2873 2058/1909/2873
f 1574/1985/2874 1600/1986/2874 1605/1907/2874
f 1600/1986/2875 1606/1987/2875 1605/1907/2875
f 1606/1987/2876 1641/1690/2876 1605/1907/2876
f 1573/450/2877 1420/1972/2877 1551/1560/2877
f 1657/1964/2878 1485/1988/2878 1463/1696/2878
f 678/1468/2879 1806/1989/2879 1742/1990/2879
f 1534/1984/2880 1553/1991/2880 1574/1985/2880
f 1574/1985/2881 1575/1992/2881 1600/1986/2881
f 1810/1993/2882 2170/1688/2882 585/1994/2882
f 1623/1995/2883 1641/1690/2883 1606/1987/2883
f 1407/1996/2884 1657/1964/2884 960/1959/2884
f 1598/1965/2885 1407/1996/2885 960/1959/2885
f 1485/1988/2886 1142/1280/2886 1463/1696/2886
f 1716/1968/2887 1581/1997/2887 1676/1939/2887
f 1738/1998/2888 1743/1999/2888 1733/2000/2888
f 843/1336/2889 2064/619/2889 835/1069/2889
f 1539/2001/2890 1575/1992/2890 1574/1985/2890
f 1553/1991/2891 1539/2001/2891 1574/1985/2891
f 1575/1992/2892 1592/2002/2892 1600/1986/2892
f 1592/2002/2893 1624/2003/2893 1606/1987/2893
f 1600/1986/2894 1592/2002/2894 1606/1987/2894
f 1642/1773/2895 585/1994/2895 1641/1690/2895
f 1623/1995/2896 1642/1773/2896 1641/1690/2896
f 1485/1988/2897 164/2004/2897 1142/1280/2897
f 1738/1998/2898 1516/121/2898 1743/1999/2898
f 1809/1966/2899 1720/790/2899 1798/1460/2899
f 1533/1949/2900 1535/2005/2900 1534/1984/2900
f 1592/2002/2901 1607/2006/2901 1624/2003/2901
f 1624/2003/2902 1623/1995/2902 1606/1987/2902
f 1163/822/2903 566/1181/2903 1116/1282/2903
f 1407/1996/2904 1485/1988/2904 1657/1964/2904
f 1432/670/2905 1449/671/2905 1439/863/2905
f 1100/77/2906 802/1650/2906 2382/1211/2906
f 1743/1999/2907 1516/121/2907 1722/1408/2907
f 1746/1938/2908 1716/1968/2908 1676/1939/2908
f 1535/2005/2909 1539/2001/2909 1534/1984/2909
f 1534/1984/2910 1539/2001/2910 1553/1991/2910
f 1642/1773/2911 1623/1995/2911 1624/2003/2911
f 1095/1306/2912 1208/1305/2912 1654/31/2912
f 967/2007/2913 1407/1996/2913 1598/1965/2913
f 1580/1963/2914 967/2007/2914 1598/1965/2914
f 1809/1966/2915 1797/1940/2915 1720/790/2915
f 1924/1198/2916 1524/2008/2916 1535/2005/2916
f 1533/1949/2917 1924/1198/2917 1535/2005/2917
f 1539/2001/2918 1576/2009/2918 1575/1992/2918
f 1642/1773/2919 216/1479/2919 585/1994/2919
f 1407/1996/2920 1529/2010/2920 1485/1988/2920
f 1485/1988/2921 1529/2010/2921 164/2004/2921
f 1472/1498/2922 1462/837/2922 1482/839/2922
f 1415/1686/2923 1431/1226/2923 1240/1513/2923
f 966/1384/2924 1194/1466/2924 714/424/2924
f 383/99/2925 1182/101/2925 152/1729/2925
f 474/292/2926 2337/1310/2926 446/293/2926
f 1743/1999/2927 1841/1407/2927 1757/2011/2927
f 1486/2012/2928 1524/2008/2928 1924/1198/2928
f 1535/2005/2929 1525/2013/2929 1539/2001/2929
f 1575/1992/2930 1576/2009/2930 1592/2002/2930
f 1420/1972/2931 967/2007/2931 1580/1963/2931
f 1288/1857/2932 1634/1359/2932 1613/1425/2932
f 459/865/2933 427/885/2933 1265/827/2933
f 1404/2014/2934 2179/1558/2934 1393/2015/2934
f 1404/2014/2935 1403/867/2935 1800/2016/2935
f 1404/2014/2936 1410/2017/2936 1403/867/2936
f 1410/2017/2937 1749/2018/2937 1403/867/2937
f 1349/1866/2938 1351/1890/2938 218/2019/2938
f 1486/2012/2939 1498/2020/2939 1524/2008/2939
f 1535/2005/2940 1524/2008/2940 1525/2013/2940
f 1607/2006/2941 1636/1594/2941 1624/2003/2941
f 183/217/2942 1642/1773/2942 1624/2003/2942
f 1636/1594/2943 183/217/2943 1624/2003/2943
f 1107/1873/2944 1349/1866/2944 218/2019/2944
f 1351/1893/2945 845/2021/2945 218/1454/2945
f 164/2004/2946 1519/1346/2946 1142/1280/2946
f 845/2021/2947 413/1371/2947 218/1454/2947
f 1525/2013/2948 1576/2009/2948 1539/2001/2948
f 1576/2009/2949 1582/1813/2949 1592/2002/2949
f 1592/2002/2950 2134/1578/2950 1607/2006/2950
f 2134/1578/2951 1636/1594/2951 1607/2006/2951
f 2147/2022/2952 1491/2023/2952 1401/1640/2952
f 1407/1996/2953 1589/2024/2953 1529/2010/2953
f 1529/2010/2954 1519/1346/2954 164/2004/2954
f 1693/2025/2955 1763/866/2955 1444/868/2955
f 1924/1198/2956 1479/1197/2956 1486/2012/2956
f 1592/2002/2957 1582/1813/2957 2134/1578/2957
f 499/1401/2958 165/477/2958 874/476/2958
f 2176/1500/2959 1857/2026/2959 1959/1525/2959
f 2327/2027/2960 2368/2028/2960 2326/2029/2960
f 2358/451/2961 821/2030/2961 953/449/2961
f 953/449/2962 821/2030/2962 1573/450/2962
f 1824/1937/2963 1704/2031/2963 1464/2032/2963
f 1731/1895/2964 1358/1935/2964 1678/1934/2964
f 1394/2033/2965 1410/2017/2965 1404/2014/2965
f 1394/2033/2966 1418/534/2966 1410/2017/2966
f 1466/1960/2967 1479/1197/2967 1839/2034/2967
f 1486/2012/2968 1479/1197/2968 1498/2020/2968
f 1498/2020/2969 1525/2013/2969 1524/2008/2969
f 1576/2009/2970 2080/2035/2970 1582/1813/2970
f 1785/2036/2971 1684/1307/2971 1898/1323/2971
f 804/79/2972 398/145/2972 802/1650/2972
f 804/79/2973 925/1379/2973 398/145/2973
f 1447/1174/2974 1562/2037/2974 2358/451/2974
f 2358/451/2975 1562/2037/2975 821/2030/2975
f 821/2030/2976 1620/2038/2976 1573/450/2976
f 1620/2038/2977 1420/1972/2977 1573/450/2977
f 1420/1972/2978 1556/2039/2978 967/2007/2978
f 1393/2015/2979 1394/2033/2979 1404/2014/2979
f 1525/2013/2980 2080/2035/2980 1576/2009/2980
f 1621/2040/2981 1420/1972/2981 1620/2038/2981
f 1621/2040/2982 1556/2039/2982 1420/1972/2982
f 967/2007/2983 1589/2024/2983 1407/1996/2983
f 1505/2041/2984 5/2042/2984 1357/2043/2984
f 1266/1708/2985 1258/1495/2985 1436/1508/2985
f 1393/2015/2986 1395/2044/2986 1394/2033/2986
f 2176/1500/2987 2175/1279/2987 1848/2045/2987
f 1455/84/2988 1466/1960/2988 1839/2034/2988
f 1525/2013/2989 1540/1106/2989 2080/2035/2989
f 1582/1813/2990 2080/2035/2990 2118/1506/2990
f 1100/77/2991 804/79/2991 802/1650/2991
f 1556/2039/2992 1589/2024/2992 967/2007/2992
f 1589/2024/2993 1082/2046/2993 1529/2010/2993
f 1093/2047/2994 1685/1476/2994 1357/2048/2994
f 1504/1287/2995 1093/2047/2995 1357/2048/2995
f 1425/2049/2996 1418/534/2996 1394/2033/2996
f 1475/2050/2997 1479/1197/2997 1466/1960/2997
f 1479/1197/2998 1506/2051/2998 1498/2020/2998
f 1789/51/2999 1784/2052/2999 1730/515/2999
f 2501/410/3000 2465/684/3000 2489/638/3000
f 1438/1225/3001 1458/1427/3001 1430/1400/3001
f 1462/837/3002 1458/1427/3002 1473/1798/3002
f 1454/2053/3003 805/1782/3003 1529/2010/3003
f 1082/2046/3004 1454/2053/3004 1529/2010/3004
f 1529/2010/3005 805/1782/3005 1519/1346/3005
f 1425/2049/3006 1394/2033/3006 1395/2044/3006
f 1425/2049/3007 1744/532/3007 1418/534/3007
f 1479/1197/3008 1475/2050/3008 1506/2051/3008
f 1540/1106/3009 2060/849/3009 2080/2035/3009
f 1556/2039/3010 1082/2046/3010 1589/2024/3010
f 1443/662/3011 945/307/3011 1511/309/3011
f 1506/2051/3012 1536/1404/3012 1498/2020/3012
f 1498/2020/3013 1536/1404/3013 1525/2013/3013
f 1525/2013/3014 1536/1404/3014 1540/1106/3014
f 1670/2054/3015 852/2055/3015 1672/1944/3015
f 1998/64/3016 1388/1299/3016 1389/2056/3016
f 1511/309/3017 966/1384/3017 1509/1675/3017
f 1509/1675/3018 966/1384/3018 714/424/3018
f 1442/1380/3019 1443/662/3019 1496/1382/3019
f 1562/2037/3020 1635/2057/3020 821/2030/3020
f 155/1653/3021 1322/838/3021 1473/1798/3021
f 1439/863/3022 1458/1427/3022 1438/1225/3022
f 1426/2058/3023 1425/2049/3023 1395/2044/3023
f 1475/2050/3024 1499/2059/3024 1506/2051/3024
f 1735/2060/3025 1588/2061/3025 1776/2062/3025
f 2422/1556/3026 2454/1151/3026 2421/2063/3026
f 1423/1680/3027 1432/670/3027 1415/1686/3027
f 1559/2064/3028 2101/2065/3028 2073/2066/3028
f 845/2021/3029 866/2067/3029 413/1371/3029
f 1429/2068/3030 1620/2038/3030 821/2030/3030
f 1620/2038/3031 1429/2068/3031 1621/2040/3031
f 1228/584/3032 1250/1836/3032 1687/1816/3032
f 1002/78/3033 945/307/3033 1443/662/3033
f 2382/1211/3034 802/1650/3034 1083/144/3034
f 1859/992/3035 1411/2069/3035 1395/2044/3035
f 1411/2069/3036 1426/2058/3036 1395/2044/3036
f 1426/2058/3037 1744/532/3037 1425/2049/3037
f 1590/860/3038 1437/859/3038 1483/697/3038
f 1480/2070/3039 1475/2050/3039 1466/1960/3039
f 1480/2070/3040 1499/2059/3040 1475/2050/3040
f 1510/2071/3041 1733/2000/3041 1743/1999/3041
f 1663/2072/3042 1696/206/3042 1658/2073/3042
f 1430/1400/3043 1453/1403/3043 1452/1534/3043
f 1452/1534/3044 1472/1498/3044 1471/1499/3044
f 1452/1534/3045 1471/1499/3045 1448/1535/3045
f 1430/1400/3046 1452/1534/3046 1421/278/3046
f 1430/1400/3047 1421/278/3047 1422/277/3047
f 1429/2068/3048 1082/2046/3048 1556/2039/3048
f 1621/2040/3049 1429/2068/3049 1556/2039/3049
f 1351/1893/3050 2386/1892/3050 845/2021/3050
f 1126/14/3051 1059/13/3051 487/497/3051
f 1639/609/3052 1437/859/3052 1563/858/3052
f 1504/1287/3053 1928/1623/3053 1093/2047/3053
f 1499/2059/3054 1536/1404/3054 1506/2051/3054
f 1588/2061/3055 1770/2074/3055 1727/2075/3055
f 1110/1613/3056 1747/1269/3056 1397/1620/3056
f 1776/2062/3057 1588/2061/3057 1531/1928/3057
f 1322/838/3058 1320/1443/3058 1482/839/3058
f 1590/860/3059 1629/626/3059 1571/625/3059
f 1730/515/3060 1877/467/3060 1838/466/3060
f 1429/2068/3061 935/2076/3061 1082/2046/3061
f 1082/2046/3062 935/2076/3062 1454/2053/3062
f 804/79/3063 1443/662/3063 925/1379/3063
f 1139/611/3064 1007/1215/3064 1639/609/3064
f 1925/86/3065 1480/2070/3065 1466/1960/3065
f 1934/1852/3066 1989/1742/3066 1480/2070/3066
f 1499/2059/3067 1989/1742/3067 1536/1404/3067
f 1727/2075/3068 1526/1943/3068 1531/1928/3068
f 1593/2077/3069 1614/2078/3069 502/2079/3069
f 2455/2080/3070 2431/1555/3070 2400/1391/3070
f 1755/1478/3071 1680/1538/3071 908/2081/3071
f 1563/858/3072 1571/625/3072 1564/610/3072
f 1647/2/3073 1078/212/3073 1501/426/3073
f 2490/1250/3074 1635/2057/3074 1106/1341/3074
f 1496/1382/3075 1511/309/3075 717/69/3075
f 2454/1151/3076 2431/1555/3076 516/972/3076
f 1478/2082/3077 1153/1610/3077 1093/2047/3077
f 1870/1249/3078 1426/2058/3078 1411/2069/3078
f 1426/2058/3079 1723/1381/3079 1744/532/3079
f 962/1444/3080 986/1453/3080 1412/223/3080
f 717/69/3081 1511/309/3081 1509/1675/3081
f 1825/2083/3082 1704/2031/3082 1824/1937/3082
f 2225/2084/3083 2234/2085/3083 2253/2086/3083
f 1490/70/3084 1557/172/3084 1188/105/3084
f 1635/2057/3085 80/2087/3085 821/2030/3085
f 805/1782/3086 1454/2053/3086 935/2076/3086
f 1186/1311/3087 706/1028/3087 695/1244/3087
f 1194/1466/3088 1161/1471/3088 714/424/3088
f 1512/425/3089 1007/1215/3089 1013/1216/3089
f 592/268/3090 97/362/3090 204/196/3090
f 1258/1495/3091 1266/1708/3091 1257/1570/3091
f 82/613/3092 1333/948/3092 471/159/3092
f 1694/1260/3093 1710/620/3093 1505/2041/3093
f 1643/2088/3094 490/2089/3094 1661/2090/3094
f 1661/2090/3095 490/2089/3095 1114/2091/3095
f 1518/1114/3096 2068/349/3096 2484/348/3096
f 1750/2092/3097 1808/1974/3097 1664/1973/3097
f 1656/1599/3098 1635/2057/3098 2490/1250/3098
f 935/2076/3099 1521/2093/3099 805/1782/3099
f 1546/1332/3100 1629/626/3100 1076/1330/3100
f 1301/1754/3101 70/721/3101 1277/1753/3101
f 966/1384/3102 1441/1467/3102 1194/1466/3102
f 1148/336/3103 1825/2083/3103 1824/1937/3103
f 1614/2078/3104 1609/2094/3104 1643/2088/3104
f 1114/2091/3105 1092/2095/3105 1921/1230/3105
f 1770/2074/3106 1739/1519/3106 1670/2054/3106
f 1631/335/3107 1632/30/3107 1646/32/3107
f 821/2030/3108 1016/2096/3108 1429/2068/3108
f 1429/2068/3109 1016/2096/3109 935/2076/3109
f 1632/30/3110 1095/1306/3110 1654/31/3110
f 1083/144/3111 262/146/3111 688/161/3111
f 1724/1930/3112 1686/2097/3112 1725/1931/3112
f 1644/2098/3113 490/2089/3113 1643/2088/3113
f 1092/2095/3114 1149/1482/3114 1921/1230/3114
f 3/1637/3115 893/2099/3115 1832/2100/3115
f 988/1397/3116 1640/192/3116 1188/105/3116
f 916/943/3117 1107/1376/3117 284/1378/3117
f 1656/1599/3118 80/2087/3118 1635/2057/3118
f 1016/2096/3119 821/2030/3119 80/2087/3119
f 1016/2096/3120 1521/2093/3120 935/2076/3120
f 1478/2082/3121 1202/36/3121 1153/1610/3121
f 1401/1640/3122 1928/1623/3122 29/1759/3122
f 1440/37/3123 1478/2082/3123 1928/1623/3123
f 1849/2101/3124 1700/1902/3124 1865/2102/3124
f 1595/81/3125 1611/188/3125 1612/1243/3125
f 1208/1305/3126 198/1360/3126 341/133/3126
f 1464/2032/3127 1704/2031/3127 1746/1938/3127
f 2143/2103/3128 984/2104/3128 1721/2105/3128
f 1848/2045/3129 1849/2101/3129 1868/2106/3129
f 1662/2107/3130 1114/2091/3130 490/2089/3130
f 1669/2108/3131 1787/1927/3131 1682/1967/3131
f 1656/1599/3132 1618/2109/3132 80/2087/3132
f 198/1360/3133 1208/1305/3133 916/943/3133
f 1440/37/3134 1928/1623/3134 1401/1640/3134
f 1521/2093/3135 1369/1783/3135 805/1782/3135
f 1252/1694/3136 1107/1376/3136 916/943/3136
f 1745/1440/3137 678/1468/3137 1672/1944/3137
f 1703/2110/3138 1779/2111/3138 1721/2105/3138
f 1750/2092/3139 1465/1625/3139 1808/1974/3139
f 1609/2094/3140 1644/2098/3140 1643/2088/3140
f 1092/2095/3141 1114/2091/3141 1662/2107/3141
f 1826/1941/3142 1523/1544/3142 1793/2112/3142
f 2262/1770/3143 2261/1772/3143 2224/2113/3143
f 1696/206/3144 2166/2114/3144 1767/207/3144
f 1016/2096/3145 1648/2115/3145 1521/2093/3145
f 1208/1305/3146 1252/1694/3146 916/943/3146
f 833/138/3147 688/161/3147 1067/1386/3147
f 1794/1539/3148 1803/1409/3148 1558/1573/3148
f 28/343/3149 17/1245/3149 512/1148/3149
f 1750/2092/3150 861/2116/3150 1566/2117/3150
f 1594/2118/3151 1644/2098/3151 1609/2094/3151
f 1644/2098/3152 1645/2119/3152 490/2089/3152
f 490/2089/3153 1645/2119/3153 1662/2107/3153
f 2229/2120/3154 2262/1770/3154 2224/2113/3154
f 1602/2121/3155 861/2116/3155 1760/2122/3155
f 1530/2123/3156 1777/1982/3156 1760/2122/3156
f 872/1524/3157 1706/1531/3157 1673/1066/3157
f 1696/206/3158 1668/1572/3158 2166/2114/3158
f 1708/1459/3159 1809/1966/3159 1798/1460/3159
f 1581/1997/3160 1716/1968/3160 1814/2124/3160
f 1709/1432/3161 1794/1539/3161 1680/1538/3161
f 1233/1915/3162 1421/1496/3162 1257/1570/3162
f 1724/1930/3163 1476/1936/3163 1686/2097/3163
f 1469/1793/3164 1481/2125/3164 1965/1794/3164
f 1965/1794/3165 1481/2125/3165 1492/2126/3165
f 2073/2066/3166 1549/2127/3166 1559/2064/3166
f 1594/2118/3167 1615/2128/3167 1644/2098/3167
f 1799/1477/3168 1706/1531/3168 1755/1478/3168
f 1725/1931/3169 1686/2097/3169 1837/2129/3169
f 1720/790/3170 1797/1940/3170 1572/791/3170
f 1618/2130/3171 2467/1413/3171 2022/1899/3171
f 1618/2109/3172 1579/2131/3172 80/2087/3172
f 1648/2115/3173 1016/2096/3173 80/2087/3173
f 2134/1578/3174 2152/1587/3174 1636/1594/3174
f 1611/188/3175 1632/30/3175 1631/335/3175
f 1761/1946/3176 1434/1969/3176 1470/2132/3176
f 1559/2064/3177 1577/2133/3177 1594/2118/3177
f 1603/2134/3178 1615/2128/3178 1594/2118/3178
f 1615/2128/3179 1645/2119/3179 1644/2098/3179
f 1637/2135/3180 1662/2107/3180 1645/2119/3180
f 1662/2107/3181 1199/2136/3181 1092/2095/3181
f 1199/2136/3182 1149/1482/3182 1092/2095/3182
f 1451/2137/3183 1108/2138/3183 1149/1482/3183
f 665/186/3184 734/185/3184 756/1439/3184
f 1865/2102/3185 1700/1902/3185 1714/1901/3185
f 1709/1432/3186 1841/1407/3186 1794/1539/3186
f 1618/2130/3187 2022/1899/3187 1579/2139/3187
f 1648/2115/3188 1413/1802/3188 1369/1783/3188
f 1521/2093/3189 1648/2115/3189 1369/1783/3189
f 1520/1780/3190 11/891/3190 1401/1640/3190
f 1446/2140/3191 1470/2132/3191 1434/1969/3191
f 1798/1460/3192 1691/1932/3192 1754/2141/3192
f 2063/2142/3193 1544/2143/3193 2073/2066/3193
f 2073/2066/3194 1544/2143/3194 1549/2127/3194
f 1594/2118/3195 1577/2133/3195 1603/2134/3195
f 1615/2128/3196 1637/2135/3196 1645/2119/3196
f 1637/2135/3197 1199/2136/3197 1662/2107/3197
f 1427/2144/3198 1149/1482/3198 1199/2136/3198
f 2167/2145/3199 1108/2138/3199 1451/2137/3199
f 1997/1833/3200 1673/1066/3200 1705/1834/3200
f 1706/1531/3201 1799/1477/3201 1705/1834/3201
f 1841/1407/3202 1709/1432/3202 1757/2011/3202
f 1604/1898/3203 1579/2139/3203 2022/1899/3203
f 1579/2131/3204 707/2146/3204 80/2087/3204
f 80/2087/3205 707/2146/3205 1648/2115/3205
f 1520/1780/3206 1401/1640/3206 1491/2023/3206
f 1649/2147/3207 1520/1780/3207 1491/2023/3207
f 1435/2148/3208 1434/1969/3208 1885/1970/3208
f 1470/2132/3209 1469/1793/3209 1461/2149/3209
f 1481/2125/3210 1508/2150/3210 2024/2151/3210
f 2370/1869/3211 1544/2143/3211 2063/2142/3211
f 1549/2127/3212 1568/2152/3212 1559/2064/3212
f 1559/2064/3213 1568/2152/3213 1577/2133/3213
f 1603/2134/3214 1610/2153/3214 1615/2128/3214
f 1615/2128/3215 1610/2153/3215 1637/2135/3215
f 999/2154/3216 1199/2136/3216 1637/2135/3216
f 1451/2137/3217 1149/1482/3217 1427/2144/3217
f 1137/861/3218 1825/2083/3218 1148/336/3218
f 1706/1531/3219 1705/1834/3219 1673/1066/3219
f 1138/2155/3220 1604/1898/3220 2116/1846/3220
f 1138/2155/3221 1579/2139/3221 1604/1898/3221
f 1413/1802/3222 1648/2115/3222 707/2146/3222
f 2360/432/3223 2024/2151/3223 1508/2150/3223
f 598/831/3224 1075/833/3224 1116/1282/3224
f 229/776/3225 93/1002/3225 1468/1001/3225
f 1839/2034/3226 1479/1197/3226 1684/1307/3226
f 2216/1553/3227 2229/2120/3227 2224/2113/3227
f 1610/2153/3228 1625/2156/3228 1637/2135/3228
f 329/2157/3229 999/2154/3229 1637/2135/3229
f 1199/2136/3230 1017/1721/3230 1427/2144/3230
f 1017/1721/3231 303/282/3231 1427/2144/3231
f 303/282/3232 1451/2137/3232 1427/2144/3232
f 1792/2158/3233 1754/2141/3233 1777/1982/3233
f 2309/1298/3234 2391/1297/3234 2301/2159/3234
f 1655/915/3235 1138/2155/3235 2116/1846/3235
f 1138/2155/3236 707/2160/3236 1579/2139/3236
f 1649/2147/3237 1491/2023/3237 206/2161/3237
f 1406/2162/3238 1885/1970/3238 1398/75/3238
f 1406/2162/3239 1419/2163/3239 1885/1970/3239
f 1419/2163/3240 1435/2148/3240 1885/1970/3240
f 1434/1969/3241 1435/2148/3241 1446/2140/3241
f 1470/2132/3242 1481/2125/3242 1469/1793/3242
f 1577/2133/3243 1583/1562/3243 1603/2134/3243
f 999/2154/3244 1017/1721/3244 1199/2136/3244
f 81/2164/3245 67/2165/3245 941/2166/3245
f 67/2165/3246 1650/2167/3246 941/2166/3246
f 1259/2168/3247 1815/2169/3247 2164/1393/3247
f 1619/1838/3248 2116/1846/3248 2045/1839/3248
f 1424/2170/3249 707/2160/3249 1138/2155/3249
f 1702/1861/3250 1649/2147/3250 206/2161/3250
f 1687/1816/3251 1406/2162/3251 1398/75/3251
f 1477/1007/3252 1481/2125/3252 1470/2132/3252
f 1568/2152/3253 1569/2171/3253 1577/2133/3253
f 1577/2133/3254 1569/2171/3254 1583/1562/3254
f 1603/2134/3255 1583/1562/3255 1610/2153/3255
f 1625/2156/3256 329/2157/3256 1637/2135/3256
f 2167/2172/3257 340/1557/3257 273/401/3257
f 81/2164/3258 273/401/3258 340/1557/3258
f 81/2164/3259 962/1444/3259 67/2165/3259
f 1547/119/3260 1619/1838/3260 1488/222/3260
f 1830/2173/3261 1739/1519/3261 1770/2074/3261
f 938/914/3262 1424/2170/3262 1138/2155/3262
f 1424/2170/3263 1413/2174/3263 707/2160/3263
f 1527/2175/3264 1649/2147/3264 1702/1861/3264
f 1527/2175/3265 1520/1780/3265 1649/2147/3265
f 1527/2175/3266 1268/1906/3266 1520/1780/3266
f 1250/1836/3267 1406/2162/3267 1687/1816/3267
f 1441/1467/3268 1353/1357/3268 1115/1356/3268
f 1203/127/3269 1413/1802/3269 1051/128/3269
f 1250/1836/3270 1419/2163/3270 1406/2162/3270
f 1477/1007/3271 2372/1744/3271 1481/2125/3271
f 1481/2125/3272 2372/1744/3272 1508/2150/3272
f 2449/286/3273 1560/2176/3273 1568/2152/3273
f 1549/2127/3274 2449/286/3274 1568/2152/3274
f 1568/2152/3275 1560/2176/3275 1569/2171/3275
f 1569/2171/3276 1584/41/3276 1583/1562/3276
f 1652/235/3277 329/2157/3277 1625/2156/3277
f 329/2157/3278 817/1447/3278 999/2154/3278
f 285/1420/3279 1017/1721/3279 999/2154/3279
f 303/282/3280 10/281/3280 1451/2137/3280
f 10/281/3281 2167/2145/3281 1451/2137/3281
f 1412/223/3282 1650/2167/3282 67/2165/3282
f 1412/223/3283 1488/222/3283 1650/2167/3283
f 1547/119/3284 1023/1741/3284 1619/1838/3284
f 1023/1741/3285 1655/915/3285 1619/1838/3285
f 1655/915/3286 938/914/3286 1138/2155/3286
f 1456/1331/3287 1413/2174/3287 1424/2170/3287
f 1457/1005/3288 1470/2132/3288 1446/2140/3288
f 1457/1005/3289 1477/1007/3289 1470/2132/3289
f 329/2157/3290 1652/235/3290 817/1447/3290
f 10/1542/3291 340/1557/3291 2167/2172/3291
f 938/914/3292 1546/1332/3292 1424/2170/3292
f 1546/1332/3293 1456/1331/3293 1424/2170/3293
f 1259/2168/3294 1548/2177/3294 1779/2111/3294
f 2052/1528/3295 2031/850/3295 1990/1743/3295
f 1440/37/3296 1202/36/3296 1478/2082/3296
f 1428/1507/3297 1419/2163/3297 1250/1836/3297
f 1428/1507/3298 1435/2148/3298 1419/2163/3298
f 1428/1507/3299 1446/2140/3299 1435/2148/3299
f 1934/1852/3300 1935/85/3300 1955/1342/3300
f 1560/2176/3301 1584/41/3301 1569/2171/3301
f 1610/2153/3302 1638/224/3302 1625/2156/3302
f 1638/224/3303 1652/235/3303 1625/2156/3303
f 817/1447/3304 1077/829/3304 999/2154/3304
f 1077/829/3305 285/1420/3305 999/2154/3305
f 980/280/3306 303/282/3306 1017/1721/3306
f 962/1444/3307 1412/223/3307 67/2165/3307
f 1494/213/3308 1023/1741/3308 1547/119/3308
f 325/201/3309 271/162/3309 1270/1523/3309
f 1443/662/3310 1511/309/3310 1496/1382/3310
f 1450/1702/3311 1268/1906/3311 1527/2175/3311
f 1514/308/3312 1353/1357/3312 1441/1467/3312
f 1287/1509/3313 1446/2140/3313 1428/1507/3313
f 1446/2140/3314 1287/1509/3314 1457/1005/3314
f 1305/1006/3315 2372/1744/3315 1477/1007/3315
f 1992/215/3316 1990/1743/3316 1991/1851/3316
f 1992/215/3317 1991/1851/3317 1971/216/3317
f 1971/216/3318 1991/1851/3318 1955/1342/3318
f 2449/286/3319 1549/2127/3319 2418/287/3319
f 1583/1562/3320 1616/187/3320 1610/2153/3320
f 1610/2153/3321 1616/187/3321 1638/224/3321
f 10/1542/3322 1396/1426/3322 340/1557/3322
f 340/1557/3323 1445/1445/3323 81/2164/3323
f 1445/1445/3324 962/1444/3324 81/2164/3324
f 1790/1942/3325 984/2104/3325 1753/2178/3325
f 984/2104/3326 2148/2179/3326 1753/2178/3326
f 1588/2061/3327 1713/2180/3327 1770/2074/3327
f 969/888/3328 978/887/3328 958/1451/3328
f 1741/1843/3329 1779/2111/3329 1703/2110/3329
f 1758/2181/3330 1846/1458/3330 1754/2141/3330
f 1827/1277/3331 1819/2182/3331 1029/1596/3331
f 1818/2183/3332 1530/2123/3332 1712/1975/3332
f 1750/2092/3333 1566/2117/3333 2127/1081/3333
f 2459/575/3334 2434/27/3334 2483/781/3334
f 1798/1460/3335 1720/790/3335 1771/792/3335
f 1794/1539/3336 1841/1407/3336 1803/1409/3336
f 216/1479/3337 1755/1478/3337 1810/1993/3337
f 1098/1719/3338 1735/2060/3338 1748/1805/3338
f 1735/2060/3339 1497/2184/3339 1748/1805/3339
f 1502/232/3340 2102/1926/3340 1601/1276/3340
f 881/233/3341 1502/232/3341 1601/1276/3341
f 1455/84/3342 1839/2034/3342 1744/532/3342
f 1706/1531/3343 1709/1432/3343 1680/1538/3343
f 1212/1841/3344 1741/1843/3344 1703/2110/3344
f 1788/2185/3345 1969/1503/3345 1671/1574/3345
f 1075/833/3346 1074/832/3346 1692/1349/3346
f 951/1292/3347 2500/234/3347 881/233/3347
f 2490/1250/3348 2486/573/3348 2463/246/3348
f 1748/1805/3349 1497/2184/3349 1781/2186/3349
f 1721/2105/3350 984/2104/3350 1840/2187/3350
f 1815/2169/3351 1259/2168/3351 1741/1843/3351
f 1626/1983/3352 1756/1065/3352 1837/2129/3352
f 975/920/3353 987/376/3353 1542/2188/3353
f 2230/2189/3354 2236/2190/3354 2235/2191/3354
f 1772/1430/3355 678/1468/3355 734/185/3355
f 1542/2188/3356 1671/1574/3356 975/920/3356
f 1806/1989/3357 1772/1430/3357 1780/1394/3357
f 678/1468/3358 1772/1430/3358 1806/1989/3358
f 2218/2192/3359 2225/2084/3359 2268/2193/3359
f 1828/1452/3360 1732/983/3360 2007/1527/3360
f 1526/1943/3361 1688/2194/3361 1531/1928/3361
f 1752/2195/3362 1526/1943/3362 1554/2196/3362
f 1844/2197/3363 1818/2183/3363 1712/1975/3363
f 1823/95/3364 1846/1458/3364 1804/71/3364
f 1781/2186/3365 1669/2108/3365 1704/2031/3365
f 1721/2105/3366 1779/2111/3366 2143/2103/3366
f 1770/2074/3367 1670/2054/3367 1526/1943/3367
f 1497/2184/3368 1669/2108/3368 1781/2186/3368
f 1098/1719/3369 1713/2180/3369 1735/2060/3369
f 1742/1990/3370 1815/2169/3370 1741/1843/3370
f 1526/1943/3371 858/1842/3371 1875/1711/3371
f 1599/1929/3372 1531/1928/3372 1688/2194/3372
f 1803/1409/3373 1790/1942/3373 1558/1573/3373
f 1703/2110/3374 1721/2105/3374 1683/122/3374
f 1832/2100/3375 1766/2198/3375 957/2199/3375
f 1542/2188/3376 1679/2200/3376 1671/1574/3376
f 1679/2200/3377 1788/2185/3377 1671/1574/3377
f 1927/1933/3378 1819/2182/3378 1827/1277/3378
f 1718/1441/3379 1745/1440/3379 1739/1519/3379
f 1684/1307/3380 1022/533/3380 1839/2034/3380
f 1459/862/3381 1283/561/3381 1299/597/3381
f 1022/533/3382 1410/2017/3382 1418/534/3382
f 2368/2028/3383 2393/2201/3383 2326/2029/3383
f 1669/2108/3384 1497/2184/3384 1776/2062/3384
f 1875/1711/3385 858/1842/3385 1212/1841/3385
f 1739/1519/3386 1745/1440/3386 852/2055/3386
f 1964/1756/3387 1918/1155/3387 1461/2149/3387
f 1356/786/3388 133/773/3388 1331/797/3388
f 1765/1003/3389 1829/1518/3389 1468/1001/3389
f 858/1842/3390 1742/1990/3390 1741/1843/3390
f 1006/629/3391 1674/631/3391 1021/1412/3391
f 1723/1381/3392 1936/1348/3392 1935/85/3392
f 1468/1001/3393 1713/2180/3393 1098/1719/3393
f 1724/1930/3394 1678/1934/3394 1476/1936/3394
f 1680/1538/3395 1783/1540/3395 908/2081/3395
f 1731/1895/3396 1543/2202/3396 520/1896/3396
f 1683/122/3397 1721/2105/3397 1840/2187/3397
f 1467/2203/3398 1679/2200/3398 1542/2188/3398
f 1812/312/3399 1708/1459/3399 1846/1458/3399
f 1679/2200/3400 1975/2204/3400 1788/2185/3400
f 1713/2180/3401 1830/2173/3401 1770/2074/3401
f 1803/1409/3402 1722/1408/3402 1790/1942/3402
f 2301/2159/3403 2391/1297/3403 2349/2205/3403
f 1713/2180/3404 1588/2061/3404 1735/2060/3404
f 1836/2206/3405 1530/2123/3405 1818/2183/3405
f 1837/2129/3406 1756/1065/3406 861/2116/3406
f 886/1265/3407 571/1018/3407 556/1588/3407
f 1181/111/3408 1805/120/3408 1812/312/3408
f 1706/1531/3409 1680/1538/3409 1755/1478/3409
f 1677/1137/3410 1729/770/3410 1775/1385/3410
f 1776/2062/3411 1787/1927/3411 1669/2108/3411
f 1526/1943/3412 1670/2054/3412 1672/1944/3412
f 1727/2075/3413 1770/2074/3413 1526/1943/3413
f 987/376/3414 1467/2203/3414 1542/2188/3414
f 1567/1880/3415 1704/2031/3415 1137/861/3415
f 1693/2025/3416 1865/2102/3416 1714/1901/3416
f 897/255/3417 1762/1545/3417 912/272/3417
f 1135/1659/3418 1697/2207/3418 1062/1716/3418
f 1697/2208/3419 376/1665/3419 1062/1667/3419
f 1543/2202/3420 1731/1895/3420 1678/1934/3420
f 1793/2112/3421 1679/2200/3421 1467/2203/3421
f 1777/1982/3422 1602/2121/3422 1760/2122/3422
f 1846/1458/3423 1798/1460/3423 1754/2141/3423
f 1835/1268/3424 1096/771/3424 1677/1137/3424
f 1033/154/3425 1030/836/3425 940/152/3425
f 1450/1702/3426 1527/2175/3426 1702/1861/3426
f 1717/2209/3427 376/1665/3427 1697/2208/3427
f 1711/2210/3428 1717/2209/3428 1697/2208/3428
f 1717/2209/3429 165/845/3429 376/1665/3429
f 1840/2187/3430 984/2104/3430 1790/1942/3430
f 1669/2108/3431 1746/1938/3431 1704/2031/3431
f 1669/2108/3432 1682/1967/3432 1746/1938/3432
f 2301/2159/3433 2349/2205/3433 2308/2211/3433
f 1882/1424/3434 1444/868/3434 1898/1323/3434
f 1820/1248/3435 1789/51/3435 1730/515/3435
f 861/2116/3436 1380/1064/3436 1566/2117/3436
f 2301/2212/3437 2308/2213/3437 2266/2214/3437
f 1771/792/3438 1543/2202/3438 1691/1932/3438
f 1958/482/3439 1659/1958/3439 1651/483/3439
f 1697/1671/3440 1360/1678/3440 1711/2215/3440
f 1711/2210/3441 1737/2216/3441 1717/2209/3441
f 1717/2209/3442 1737/2216/3442 165/845/3442
f 1790/1942/3443 1753/2178/3443 1558/1573/3443
f 1668/1572/3444 1696/206/3444 1663/2072/3444
f 1360/1703/3445 1702/1861/3445 1711/2217/3445
f 1702/1861/3446 1707/2218/3446 1711/2217/3446
f 1707/2219/3447 1737/2216/3447 1711/2210/3447
f 1737/2216/3448 1751/841/3448 165/845/3448
f 1444/868/3449 1782/2220/3449 1693/2025/3449
f 1716/1968/3450 1787/1927/3450 1599/1929/3450
f 1744/532/3451 1839/2034/3451 1022/533/3451
f 1898/1323/3452 1444/868/3452 1785/2036/3452
f 206/2161/3453 1707/2218/3453 1702/1861/3453
f 1764/2221/3454 2468/227/3454 1751/841/3454
f 316/1683/3455 1844/2197/3455 893/2099/3455
f 893/2099/3456 1844/2197/3456 915/2222/3456
f 1845/2223/3457 1804/71/3457 1758/2181/3457
f 1380/1064/3458 861/2116/3458 1756/1065/3458
f 1780/1394/3459 670/1411/3459 1021/1412/3459
f 1714/1901/3460 2172/1563/3460 1763/866/3460
f 1783/1540/3461 1558/1573/3461 1663/2072/3461
f 1750/2092/3462 2127/1081/3462 1465/1625/3462
f 1798/1460/3463 1771/792/3463 1691/1932/3463
f 1691/1932/3464 1543/2202/3464 1724/1930/3464
f 1872/1185/3465 1910/2224/3465 839/1186/3465
f 1737/2216/3466 2044/2225/3466 1751/841/3466
f 1751/841/3467 2044/2225/3467 1764/2221/3467
f 1757/2011/3468 1701/1431/3468 482/1894/3468
f 1725/1931/3469 1602/2121/3469 1777/1982/3469
f 1836/2206/3470 1845/2223/3470 1530/2123/3470
f 2102/1926/3471 2470/1273/3471 1503/442/3471
f 2496/238/3472 1899/976/3472 544/245/3472
f 763/1358/3473 2484/348/3473 946/663/3473
f 987/376/3474 1719/1251/3474 1467/2203/3474
f 1845/2223/3475 1758/2181/3475 1792/2158/3475
f 1725/1931/3476 1837/2129/3476 1602/2121/3476
f 1872/1185/3477 1866/429/3477 1873/1820/3477
f 1712/1975/3478 1530/2123/3478 1760/2122/3478
f 489/62/3479 1799/1477/3479 216/1479/3479
f 1760/2122/3480 861/2116/3480 1750/2092/3480
f 2068/349/3481 2466/1303/3481 2460/412/3481
f 1696/206/3482 2159/205/3482 2168/1516/3482
f 377/261/3483 1377/263/3483 1280/1755/3483
f 1797/1940/3484 1676/1939/3484 1572/791/3484
f 1581/1997/3485 2053/1920/3485 1572/791/3485
f 1676/1939/3486 1581/1997/3486 1572/791/3486
f 1764/2221/3487 2498/2226/3487 2468/227/3487
f 2468/227/3488 2498/2226/3488 1994/2227/3488
f 1861/2228/3489 1695/2229/3489 1860/2230/3489
f 2481/423/3490 2004/580/3490 2495/582/3490
f 1826/1941/3491 1677/1137/3491 1523/1544/3491
f 1670/2054/3492 1739/1519/3492 852/2055/3492
f 2234/2085/3493 2269/2231/3493 2253/2086/3493
f 1724/1930/3494 1543/2202/3494 1678/1934/3494
f 1658/2073/3495 2168/1516/3495 1791/1515/3495
f 1397/1620/3496 1747/1269/3496 1719/1251/3496
f 1696/206/3497 2168/1516/3497 1658/2073/3497
f 979/687/3498 519/686/3498 272/1142/3498
f 1774/1546/3499 1975/2204/3499 1679/2200/3499
f 975/920/3500 1671/1574/3500 932/1484/3500
f 1787/1927/3501 1716/1968/3501 1682/1967/3501
f 1835/1268/3502 1826/1941/3502 1747/1269/3502
f 2501/410/3503 2469/1461/3503 961/685/3503
f 1810/1993/3504 908/2081/3504 1791/1515/3504
f 1982/1769/3505 1768/2232/3505 191/485/3505
f 1137/861/3506 1704/2031/3506 1825/2083/3506
f 1804/71/3507 1846/1458/3507 1758/2181/3507
f 2004/2233/3508 2044/2225/3508 1737/2216/3508
f 913/1491/3509 1969/1503/3509 902/1415/3509
f 2498/2226/3510 1795/2234/3510 1801/2235/3510
f 915/2222/3511 1844/2197/3511 1712/1975/3511
f 1689/2236/3512 915/2222/3512 1712/1975/3512
f 1740/2237/3513 1752/2195/3513 1541/1710/3513
f 695/1244/3514 661/525/3514 199/527/3514
f 1865/2102/3515 1693/2025/3515 1782/2220/3515
f 1824/1937/3516 1464/2032/3516 1809/1966/3516
f 1829/1518/3517 1765/1003/3517 1718/1441/3517
f 1816/2238/3518 1768/2232/3518 1982/1769/3518
f 1816/2239/3519 1622/2240/3519 1768/2241/3519
f 1622/2240/3520 2165/2242/3520 1681/2243/3520
f 1768/2241/3521 1622/2240/3521 1681/2243/3521
f 670/1411/3522 1772/1430/3522 228/1429/3522
f 1283/561/3523 1459/862/3523 52/559/3523
f 1785/2036/3524 1444/868/3524 1749/2018/3524
f 1675/1885/3525 1075/833/3525 1685/1476/3525
f 1567/1880/3526 1781/2186/3526 1704/2031/3526
f 1858/2244/3527 1857/2026/3527 1848/2045/3527
f 1526/1943/3528 1752/2195/3528 1688/2194/3528
f 1791/1515/3529 2160/1517/3529 1810/1993/3529
f 908/2081/3530 1658/2073/3530 1791/1515/3530
f 1813/2245/3531 1773/1571/3531 1558/1573/3531
f 1845/2223/3532 1792/2158/3532 1530/2123/3532
f 69/193/3533 376/1598/3533 165/1601/3533
f 3/1637/3534 1832/2100/3534 1834/1635/3534
f 1722/1408/3535 1516/121/3535 1507/123/3535
f 1801/2235/3536 1821/2246/3536 1994/2227/3536
f 1833/2247/3537 1982/1769/3537 2046/2248/3537
f 1821/2246/3538 1833/2247/3538 2046/2248/3538
f 1833/2247/3539 1816/2238/3539 1982/1769/3539
f 1022/533/3540 1785/2036/3540 1749/2018/3540
f 2160/1517/3541 2170/1688/3541 1810/1993/3541
f 1147/1624/3542 1719/1251/3542 1726/305/3542
f 1683/122/3543 1840/2187/3543 1507/123/3543
f 1467/2203/3544 1719/1251/3544 1793/2112/3544
f 1795/2234/3545 1802/2249/3545 1801/2235/3545
f 1802/2249/3546 1811/2250/3546 1801/2235/3546
f 1801/2235/3547 1811/2250/3547 1821/2246/3547
f 1690/2251/3548 2165/2242/3548 1622/2240/3548
f 1934/1852/3549 1480/2070/3549 1925/86/3549
f 229/776/3550 1468/1001/3550 1091/1704/3550
f 1780/1394/3551 2164/1393/3551 1742/1990/3551
f 1672/1944/3552 1742/1990/3552 858/1842/3552
f 1833/2252/3553 1417/2253/3553 1816/2239/3553
f 1417/2253/3554 1622/2240/3554 1816/2239/3554
f 1831/2254/3555 2165/2242/3555 1690/2251/3555
f 1668/1572/3556 1663/2072/3556 1558/1573/3556
f 1719/1251/3557 1747/1269/3557 1826/1941/3557
f 1760/2122/3558 1750/2092/3558 1664/1973/3558
f 1817/2255/3559 1690/2251/3559 1622/2240/3559
f 1530/2123/3560 1792/2158/3560 1777/1982/3560
f 948/257/3561 1796/1726/3561 1802/258/3561
f 1796/1726/3562 1811/2256/3562 1802/258/3562
f 1515/2257/3563 1817/2255/3563 1622/2240/3563
f 1695/2229/3564 1861/2228/3564 1831/2254/3564
f 1783/1540/3565 1663/2072/3565 1658/2073/3565
f 1749/2018/3566 1410/2017/3566 1022/533/3566
f 854/681/3567 1796/1726/3567 948/257/3567
f 1811/2258/3568 1842/2259/3568 1833/2252/3568
f 1821/2246/3569 1811/2250/3569 1833/2247/3569
f 1833/2252/3570 1842/2259/3570 1417/2253/3570
f 1622/2240/3571 1417/2253/3571 1515/2257/3571
f 127/334/3572 1804/71/3572 1845/2223/3572
f 1686/2097/3573 1626/1983/3573 1837/2129/3573
f 1608/2260/3574 1690/2251/3574 1817/2255/3574
f 1523/1544/3575 1775/1385/3575 1762/1545/3575
f 127/334/3576 1845/2223/3576 1836/2206/3576
f 1812/312/3577 1805/120/3577 1708/1459/3577
f 1523/1544/3578 1677/1137/3578 1775/1385/3578
f 1780/1394/3579 1772/1430/3579 670/1411/3579
f 1758/2181/3580 1754/2141/3580 1792/2158/3580
f 1204/1351/3581 1796/1726/3581 854/681/3581
f 1822/1736/3582 1842/2259/3582 1811/2258/3582
f 1608/2260/3583 1831/2254/3583 1690/2251/3583
f 1822/1603/3584 1811/2256/3584 1796/1726/3584
f 1842/2259/3585 1416/2261/3585 1417/2253/3585
f 1417/2253/3586 1416/2261/3586 1515/2257/3586
f 1515/2257/3587 1608/2260/3587 1817/2255/3587
f 1728/2262/3588 1831/2254/3588 1608/2260/3588
f 908/2081/3589 1783/1540/3589 1658/2073/3589
f 127/334/3590 1836/2206/3590 316/1683/3590
f 1805/120/3591 1148/336/3591 1824/1937/3591
f 852/2055/3592 1745/1440/3592 1672/1944/3592
f 1478/2082/3593 1093/2047/3593 1928/1623/3593
f 1822/1736/3594 1843/1455/3594 1842/2259/3594
f 1843/1455/3595 959/2263/3595 1842/2259/3595
f 1842/2259/3596 959/2263/3596 1416/2261/3596
f 1728/2262/3597 1695/2229/3597 1831/2254/3597
f 1728/2262/3598 1860/2230/3598 1695/2229/3598
f 2346/2264/3599 446/2265/3599 2337/2266/3599
f 1602/2121/3600 1837/2129/3600 861/2116/3600
f 1087/1267/3601 1096/771/3601 1835/1268/3601
f 1708/1459/3602 1824/1937/3602 1809/1966/3602
f 2004/2233/3603 1737/2216/3603 505/2267/3603
f 1567/1880/3604 1748/1805/3604 1781/2186/3604
f 520/1896/3605 1543/2202/3605 1883/2268/3605
f 1760/2122/3606 1664/1973/3606 1712/1975/3606
f 128/539/3607 1336/907/3607 72/908/3607
f 2053/1920/3608 1883/2268/3608 1543/2202/3608
f 1822/1736/3609 180/1456/3609 1843/1455/3609
f 1786/2269/3610 1608/2260/3610 1515/2257/3610
f 929/209/3611 2462/330/3611 519/686/3611
f 512/1148/3612 2402/2270/3612 506/1492/3612
f 1212/1841/3613 1703/2110/3613 1683/122/3613
f 1830/2173/3614 1829/1518/3614 1739/1519/3614
f 2053/1920/3615 1543/2202/3615 1771/792/3615
f 1416/2261/3616 1769/2271/3616 1515/2257/3616
f 1769/2271/3617 1786/2269/3617 1515/2257/3617
f 1786/2269/3618 1728/2262/3618 1608/2260/3618
f 1712/1975/3619 1808/1974/3619 1689/2236/3619
f 1794/1539/3620 1558/1573/3620 1783/1540/3620
f 1497/2184/3621 1735/2060/3621 1776/2062/3621
f 1127/1739/3622 1567/1880/3622 1137/861/3622
f 1123/1734/3623 1748/1805/3623 1567/1880/3623
f 36/809/3624 205/755/3624 1185/1606/3624
f 959/2263/3625 1734/2272/3625 1416/2261/3625
f 1738/1998/3626 1733/2000/3626 1541/1710/3626
f 1774/1546/3627 1762/1545/3627 1974/2273/3627
f 1752/2195/3628 1554/2196/3628 1541/1710/3628
f 1752/2195/3629 1740/2237/3629 1688/2194/3629
f 1526/1943/3630 1875/1711/3630 1554/2196/3630
f 1468/1001/3631 1829/1518/3631 1830/2173/3631
f 1755/1478/3632 908/2081/3632 1810/1993/3632
f 1716/1968/3633 1599/1929/3633 1814/2124/3633
f 1806/1989/3634 1780/1394/3634 1742/1990/3634
f 2308/2211/3635 2349/2205/3635 2340/2274/3635
f 1832/2100/3636 915/2222/3636 1689/2236/3636
f 1713/2180/3637 1468/1001/3637 1830/2173/3637
f 1814/2124/3638 1599/1929/3638 1346/2275/3638
f 1832/2100/3639 1689/2236/3639 1766/2198/3639
f 1022/533/3640 1684/1307/3640 1785/2036/3640
f 1093/2047/3641 1153/1610/3641 1116/1282/3641
f 1672/1944/3642 678/1468/3642 1742/1990/3642
f 1675/1885/3643 1685/1476/3643 1093/2047/3643
f 1841/1407/3644 1743/1999/3644 1722/1408/3644
f 1814/2124/3645 2053/1920/3645 1581/1997/3645
f 1464/2032/3646 1746/1938/3646 1809/1966/3646
f 2485/602/3647 2497/499/3647 2493/603/3647
f 1416/2261/3648 1734/2272/3648 1769/2271/3648
f 1665/2276/3649 1728/2262/3649 1786/2269/3649
f 1665/2276/3650 1951/2277/3650 1728/2262/3650
f 1951/2277/3651 1860/2230/3651 1728/2262/3651
f 1951/2277/3652 2094/1102/3652 1860/2230/3652
f 1844/2197/3653 1836/2206/3653 1818/2183/3653
f 316/1683/3654 1836/2206/3654 1844/2197/3654
f 1776/2062/3655 1531/1928/3655 1787/1927/3655
f 1719/1251/3656 1826/1941/3656 1793/2112/3656
f 2147/2022/3657 1401/1640/3657 29/1759/3657
f 2111/1437/3658 2121/2278/3658 1548/2177/3658
f 1741/1843/3659 1259/2168/3659 1779/2111/3659
f 1843/1455/3660 347/1457/3660 1834/1635/3660
f 1843/1455/3661 1734/2272/3661 959/2263/3661
f 1766/2198/3662 1769/2271/3662 1734/2272/3662
f 957/2199/3663 1766/2198/3663 1734/2272/3663
f 1766/2198/3664 1786/2269/3664 1769/2271/3664
f 1766/2198/3665 1689/2236/3665 1786/2269/3665
f 1689/2236/3666 1665/2276/3666 1786/2269/3666
f 1754/2141/3667 1691/1932/3667 1777/1982/3667
f 1507/123/3668 1840/2187/3668 1790/1942/3668
f 1761/1946/3669 1470/2132/3669 1461/2149/3669
f 1523/1544/3670 1679/2200/3670 1793/2112/3670
f 1091/1704/3671 1468/1001/3671 1098/1719/3671
f 1820/1248/3672 1730/515/3672 1838/466/3672
f 1843/1455/3673 1834/1635/3673 1734/2272/3673
f 1808/1974/3674 1951/2277/3674 1665/2276/3674
f 1588/2061/3675 1727/2075/3675 1531/1928/3675
f 893/2099/3676 915/2222/3676 1832/2100/3676
f 1523/1544/3677 1774/1546/3677 1679/2200/3677
f 272/1142/3678 2488/641/3678 710/1110/3678
f 1093/2047/3679 1116/1282/3679 1675/1885/3679
f 2340/2274/3680 2349/2205/3680 2348/2279/3680
f 1832/2100/3681 1734/2272/3681 1834/1635/3681
f 1832/2100/3682 957/2199/3682 1734/2272/3682
f 1951/2277/3683 1808/1974/3683 2094/1102/3683
f 1685/1476/3684 1692/1349/3684 1505/2280/3684
f 1043/940/3685 295/1668/3685 698/942/3685
f 2143/2103/3686 1779/2111/3686 2121/2278/3686
f 1689/2236/3687 1808/1974/3687 1665/2276/3687
f 1693/2025/3688 1714/1901/3688 1763/866/3688
f 1738/1998/3689 2157/1709/3689 1516/121/3689
f 1114/2091/3690 1921/1230/3690 236/1229/3690
f 1268/1906/3691 1333/948/3691 1520/1780/3691
f 1149/1482/3692 1108/2138/3692 431/1483/3692
f 508/1791/3693 2144/1778/3693 1912/1853/3693
f 1957/90/3694 1108/2138/3694 1537/91/3694
f 431/1483/3695 1108/2138/3695 1957/90/3695
f 1018/2281/3696 1108/2138/3696 2167/2145/3696
f 1338/1916/3697 1957/90/3697 1681/2243/3697
f 2163/2282/3698 1957/90/3698 1338/1916/3698
f 1983/400/3699 1390/2283/3699 2093/2284/3699
f 30/16/3700 557/511/3700 37/560/3700
f 1714/1901/3701 2173/1591/3701 2172/1563/3701
f 1983/400/3702 1984/1910/3702 1390/2283/3702
f 1984/1910/3703 2065/2285/3703 1390/2283/3703
f 884/242/3704 1762/1545/3704 897/255/3704
f 2065/2285/3705 1984/1910/3705 1214/2286/3705
f 1950/2287/3706 1974/2273/3706 1762/1545/3706
f 884/242/3707 1950/2287/3707 1762/1545/3707
f 2012/2288/3708 1698/2289/3708 1861/2228/3708
f 1214/2286/3709 2116/1846/3709 803/1897/3709
f 1950/2287/3710 1938/2290/3710 1974/2273/3710
f 1938/2290/3711 1967/2291/3711 1974/2273/3711
f 1900/468/3712 1761/1946/3712 1461/2149/3712
f 865/252/3713 1929/2292/3713 884/242/3713
f 884/242/3714 1929/2292/3714 1950/2287/3714
f 2062/173/3715 2071/2293/3715 2042/1247/3715
f 919/1387/3716 1985/2294/3716 1732/983/3716
f 1593/2077/3717 502/2079/3717 2146/2295/3717
f 1995/2296/3718 1213/1227/3718 2098/975/3718
f 1522/1113/3719 2476/622/3719 1651/483/3719
f 2174/1589/3720 1849/2101/3720 2175/1279/3720
f 1480/2070/3721 1989/1742/3721 1499/2059/3721
f 1929/2292/3722 1938/2290/3722 1950/2287/3722
f 1605/1907/3723 2058/1909/3723 1574/1985/3723
f 2097/1908/3724 1605/1907/3724 2133/1923/3724
f 1912/1853/3725 2014/2297/3725 1886/1789/3725
f 2092/2298/3726 2082/2299/3726 2083/2300/3726
f 206/2161/3727 1930/2301/3727 505/2302/3727
f 2101/2065/3728 2100/2303/3728 2092/2298/3728
f 2073/2066/3729 2101/2065/3729 2092/2298/3729
f 839/1186/3730 1910/2224/3730 865/252/3730
f 1910/2224/3731 1901/2304/3731 1929/2292/3731
f 865/252/3732 1910/2224/3732 1929/2292/3732
f 1967/2291/3733 1788/2185/3733 1975/2204/3733
f 2073/2066/3734 2092/2298/3734 2063/2142/3734
f 2101/2065/3735 1593/2077/3735 2100/2303/3735
f 2015/2305/3736 1876/1827/3736 1698/2289/3736
f 1853/2306/3737 1884/2307/3737 2014/2297/3737
f 1831/2254/3738 1698/2289/3738 2165/2242/3738
f 1316/399/3739 273/401/3739 81/2164/3739
f 1901/2304/3740 1920/2308/3740 1929/2292/3740
f 1929/2292/3741 1920/2308/3741 1938/2290/3741
f 1920/2308/3742 1968/1504/3742 1967/2291/3742
f 1938/2290/3743 1920/2308/3743 1967/2291/3743
f 1849/2101/3744 2174/1589/3744 1700/1902/3744
f 2173/1591/3745 1700/1902/3745 2174/1589/3745
f 2062/173/3746 2072/1246/3746 2091/2309/3746
f 803/1897/3747 2467/1413/3747 2059/794/3747
f 2239/1436/3748 1736/1435/3748 2240/2310/3748
f 1505/2280/3749 1357/2048/3749 1685/1476/3749
f 1358/1935/3750 1686/2097/3750 1476/1936/3750
f 1967/2291/3751 1968/1504/3751 1788/2185/3751
f 1968/1504/3752 1969/1503/3752 1788/2185/3752
f 2065/2285/3753 2110/177/3753 2156/1334/3753
f 2065/2285/3754 1214/2286/3754 2110/177/3754
f 2110/177/3755 1214/2286/3755 503/2311/3755
f 273/401/3756 2093/2284/3756 1018/2312/3756
f 273/401/3757 1983/400/3757 2093/2284/3757
f 532/1787/3758 1886/1789/3758 2155/2313/3758
f 2034/176/3759 2021/498/3759 1947/225/3759
f 216/1479/3760 1810/1993/3760 585/1994/3760
f 1912/1853/3761 543/1825/3761 2014/2297/3761
f 1390/2283/3762 2051/2314/3762 1537/2315/3762
f 1872/1185/3763 1873/1820/3763 1910/2224/3763
f 1984/1910/3764 2045/1839/3764 1214/2286/3764
f 597/1788/3765 1912/1853/3765 1886/1789/3765
f 1593/2077/3766 2146/2295/3766 2100/2303/3766
f 2071/2293/3767 2062/173/3767 2090/1182/3767
f 2034/176/3768 2046/2248/3768 1982/1769/3768
f 2034/176/3769 1947/225/3769 2046/2248/3769
f 1214/2286/3770 2045/1839/3770 2116/1846/3770
f 1873/1820/3771 1887/1819/3771 1910/2224/3771
f 1887/1819/3772 1901/2304/3772 1910/2224/3772
f 1562/2037/3773 1447/1174/3773 1106/1341/3773
f 2163/2282/3774 431/1483/3774 1957/90/3774
f 1948/1699/3775 1972/214/3775 1936/1348/3775
f 1972/214/3776 1948/1699/3776 1992/215/3776
f 2014/2297/3777 2015/2305/3777 2013/2316/3777
f 1853/2306/3778 2014/2297/3778 2013/2316/3778
f 1550/2317/3779 1884/2307/3779 1853/2306/3779
f 1947/225/3780 2468/227/3780 1994/2227/3780
f 1355/2318/3781 1550/2317/3781 2154/1875/3781
f 1355/2318/3782 1884/2307/3782 1550/2317/3782
f 2081/848/3783 2108/2319/3783 2128/1505/3783
f 2024/2151/3784 1965/1794/3784 1492/2126/3784
f 2024/2151/3785 2032/2320/3785 1965/1794/3785
f 2116/1846/3786 1604/1898/3786 803/1897/3786
f 1901/2304/3787 1911/2321/3787 1920/2308/3787
f 1939/1416/3788 1968/1504/3788 1920/2308/3788
f 1911/2321/3789 1939/1416/3789 1920/2308/3789
f 872/1524/3790 1626/1983/3790 1666/1433/3790
f 2062/173/3791 2091/2309/3791 2120/174/3791
f 1819/2182/3792 1927/1933/3792 1759/1723/3792
f 1021/1412/3793 1674/631/3793 1780/1394/3793
f 872/1524/3794 1673/1066/3794 1756/1065/3794
f 1550/2317/3795 501/1316/3795 2171/1354/3795
f 1378/1353/3796 1550/2317/3796 2171/1354/3796
f 2146/2295/3797 2162/1790/3797 2145/2322/3797
f 1358/1935/3798 482/1894/3798 192/1903/3798
f 2109/175/3799 2120/174/3799 2119/2323/3799
f 1866/429/3800 1872/1185/3800 2227/1233/3800
f 1391/2324/3801 2012/2288/3801 1860/2230/3801
f 2136/2325/3802 2137/1876/3802 2161/1352/3802
f 2162/1790/3803 1661/2090/3803 236/1229/3803
f 1887/1819/3804 1894/1924/3804 1901/2304/3804
f 1901/2304/3805 1894/1924/3805 1911/2321/3805
f 505/2302/3806 1707/2218/3806 206/2161/3806
f 2120/174/3807 2137/1876/3807 2136/2325/3807
f 2142/630/3808 2164/1393/3808 1674/631/3808
f 1860/2230/3809 2012/2288/3809 1861/2228/3809
f 1894/1924/3810 1939/1416/3810 1911/2321/3810
f 2080/2035/3811 2060/849/3811 2118/1506/3811
f 2162/1790/3812 236/1229/3812 508/1791/3812
f 2164/1393/3813 1815/2169/3813 1742/1990/3813
f 1018/2312/3814 2093/2284/3814 1537/2315/3814
f 2154/1875/3815 1378/1353/3815 2161/1352/3815
f 2041/2326/3816 2098/975/3816 2491/329/3816
f 2043/1764/3817 2042/1247/3817 2032/2320/3817
f 1108/2138/3818 1018/2281/3818 1537/91/3818
f 1465/1625/3819 2094/1102/3819 1808/1974/3819
f 502/2079/3820 1643/2088/3820 1661/2090/3820
f 2467/876/3821 1618/2109/3821 1656/1599/3821
f 2119/2323/3822 2136/2325/3822 2135/2327/3822
f 2119/2323/3823 2108/2319/3823 2071/2293/3823
f 878/1144/3824 1183/1275/3824 1195/736/3824
f 2101/2065/3825 1594/2118/3825 1593/2077/3825
f 2033/2328/3826 2370/1869/3826 2063/2142/3826
f 2482/1138/3827 2491/329/3827 2098/975/3827
f 1282/1806/3828 2406/1830/3828 1275/1522/3828
f 2003/2329/3829 1948/1699/3829 1956/1757/3829
f 2043/1764/3830 2032/2320/3830 2024/2151/3830
f 2025/431/3831 2043/1764/3831 2024/2151/3831
f 2154/1875/3832 1550/2317/3832 1378/1353/3832
f 1795/2234/3833 2498/2226/3833 1764/2221/3833
f 2142/630/3834 1548/2177/3834 2164/1393/3834
f 2431/1555/3835 2454/1151/3835 2422/1556/3835
f 1981/2330/3836 2011/2331/3836 1993/2332/3836
f 2349/2205/3837 2391/1297/3837 2362/2333/3837
f 502/2079/3838 2162/1790/3838 2146/2295/3838
f 2025/431/3839 2024/2151/3839 2360/432/3839
f 2129/2334/3840 2120/174/3840 2091/2309/3840
f 1732/983/3841 1985/2294/3841 2007/1527/3841
f 2171/1354/3842 1308/1315/3842 209/2335/3842
f 1930/2336/3843 1995/2296/3843 2041/2326/3843
f 1390/2283/3844 1238/484/3844 2051/2314/3844
f 1866/429/3845 1878/428/3845 1887/1819/3845
f 1878/428/3846 1894/1924/3846 1887/1819/3846
f 1965/1794/3847 2032/2320/3847 2011/2331/3847
f 874/476/3848 2480/478/3848 2492/248/3848
f 2071/2293/3849 2108/2319/3849 2069/2337/3849
f 1358/1935/3850 1731/1895/3850 482/1894/3850
f 430/178/3851 2021/498/3851 2034/176/3851
f 1965/1794/3852 2003/2329/3852 1964/1756/3852
f 1855/2338/3853 1889/1551/3853 831/1405/3853
f 1668/1572/3854 1773/1571/3854 2150/2339/3854
f 1390/2283/3855 2156/1334/3855 1238/484/3855
f 898/1224/3856 869/980/3856 1903/1093/3856
f 2391/1297/3857 2407/1392/3857 2362/2333/3857
f 2121/2278/3858 2111/1437/3858 2074/889/3858
f 1548/2177/3859 1259/2168/3859 2164/1393/3859
f 2099/2340/3860 2129/2334/3860 2091/2309/3860
f 1550/2317/3861 1853/2306/3861 501/1316/3861
f 1853/2306/3862 1852/1317/3862 501/1316/3862
f 952/1450/3863 2017/2341/3863 969/888/3863
f 2085/2342/3864 2121/2278/3864 2074/889/3864
f 2130/1740/3865 2006/2343/3865 1391/2324/3865
f 2144/1778/3866 1367/1826/3866 543/1825/3866
f 2100/2303/3867 2146/2295/3867 2099/2340/3867
f 1545/1490/3868 1319/1747/3868 113/1962/3868
f 1903/1093/3869 1922/2344/3869 898/1224/3869
f 1922/2344/3870 1931/1222/3870 898/1224/3870
f 585/1994/3871 2170/1688/3871 1641/1690/3871
f 2007/1527/3872 2017/2341/3872 952/1450/3872
f 2017/2341/3873 2074/889/3873 969/888/3873
f 1558/1573/3874 1753/2178/3874 1813/2245/3874
f 837/1879/3875 2005/1905/3875 1517/1042/3875
f 2005/1905/3876 2006/2343/3876 2130/1740/3876
f 1532/1952/3877 1474/443/3877 1528/1831/3877
f 2003/2329/3878 1981/2330/3878 1948/1699/3878
f 2070/2345/3879 2071/2293/3879 2069/2337/3879
f 1922/2344/3880 919/1387/3880 1931/1222/3880
f 2017/2341/3881 2085/2342/3881 2074/889/3881
f 2085/2342/3882 2104/2346/3882 2121/2278/3882
f 2100/2303/3883 2099/2340/3883 2082/2299/3883
f 2156/1334/3884 2110/177/3884 2034/176/3884
f 505/2347/3885 2474/581/3885 2004/580/3885
f 1903/1093/3886 871/1592/3886 1922/2344/3886
f 1922/2344/3887 1952/2348/3887 919/1387/3887
f 919/1387/3888 1952/2348/3888 1985/2294/3888
f 1985/2294/3889 2001/2349/3889 2007/1527/3889
f 2001/2349/3890 2036/2350/3890 2017/2341/3890
f 2007/1527/3891 2001/2349/3891 2017/2341/3891
f 2017/2341/3892 2036/2350/3892 2085/2342/3892
f 2036/2350/3893 2047/2351/3893 2085/2342/3893
f 2047/2351/3894 2075/2352/3894 2085/2342/3894
f 2075/2352/3895 2104/2346/3895 2085/2342/3895
f 1948/1699/3896 1993/2332/3896 2023/1700/3896
f 2400/1391/3897 2422/1556/3897 2407/1392/3897
f 2011/2331/3898 2070/2345/3898 1993/2332/3898
f 2033/2328/3899 2043/1764/3899 2025/431/3899
f 2012/2288/3900 2015/2305/3900 1698/2289/3900
f 1876/1827/3901 1338/1916/3901 2165/2242/3901
f 871/1592/3902 1940/2353/3902 1922/2344/3902
f 1985/2294/3903 1976/2354/3903 2001/2349/3903
f 2121/2278/3904 2104/2346/3904 2143/2103/3904
f 1051/1622/3905 1413/2174/3905 1456/1331/3905
f 2358/451/3906 1362/1561/3906 2379/1971/3906
f 1859/992/3907 1789/51/3907 1870/1249/3907
f 2090/1182/3908 2109/175/3908 2071/2293/3908
f 1405/458/3909 1398/75/3909 1885/1970/3909
f 1886/1789/3910 1884/2307/3910 1355/2318/3910
f 1922/2344/3911 1960/2355/3911 1952/2348/3911
f 1952/2348/3912 1960/2355/3912 1985/2294/3912
f 1960/2355/3913 1976/2354/3913 1985/2294/3913
f 1956/1757/3914 1948/1699/3914 1936/1348/3914
f 2135/2327/3915 209/2335/3915 2128/1505/3915
f 2157/1709/3916 1875/1711/3916 1212/1841/3916
f 2160/1517/3917 2168/1516/3917 2169/2356/3917
f 1900/468/3918 1461/2149/3918 1918/1155/3918
f 2001/2349/3919 2018/2357/3919 2036/2350/3919
f 2075/2352/3920 2086/2358/3920 2104/2346/3920
f 2111/1437/3921 2142/630/3921 2103/1438/3921
f 1937/1156/3922 1956/1757/3922 1936/1348/3922
f 2023/1700/3923 2070/2345/3923 2061/1529/3923
f 2135/2327/3924 2128/1505/3924 2108/2319/3924
f 2042/1247/3925 2071/2293/3925 2011/2331/3925
f 2138/1350/3926 413/1371/3926 2383/2359/3926
f 2033/2328/3927 2072/1246/3927 2043/1764/3927
f 1922/2344/3928 1940/2353/3928 1960/2355/3928
f 2070/2345/3929 2069/2337/3929 2061/1529/3929
f 2069/2337/3930 2108/2319/3930 2061/1529/3930
f 2108/2319/3931 2119/2323/3931 2135/2327/3931
f 1855/2338/3932 1904/2360/3932 1889/1551/3932
f 1889/1551/3933 1904/2360/3933 871/1592/3933
f 871/1592/3934 1904/2360/3934 1940/2353/3934
f 1976/2354/3935 2018/2357/3935 2001/2349/3935
f 2036/2350/3936 2018/2357/3936 2047/2351/3936
f 2122/2361/3937 2143/2103/3937 2104/2346/3937
f 216/1479/3938 1642/1773/3938 489/62/3938
f 2148/2179/3939 984/2104/3939 2143/2103/3939
f 1975/2204/3940 1974/2273/3940 1967/2291/3940
f 2157/1709/3941 1683/122/3941 1516/121/3941
f 1614/2078/3942 1593/2077/3942 1594/2118/3942
f 2269/2231/3943 2270/2362/3943 2276/2363/3943
f 1926/1874/3944 2147/2022/3944 29/1759/3944
f 2082/2299/3945 2091/2309/3945 2072/1246/3945
f 430/178/3946 503/2311/3946 2059/794/3946
f 1904/2360/3947 1905/2364/3947 1940/2353/3947
f 1940/2353/3948 1961/2365/3948 1960/2355/3948
f 1961/2365/3949 1976/2354/3949 1960/2355/3949
f 2087/2366/3950 2086/2358/3950 2075/2352/3950
f 2065/2285/3951 2156/1334/3951 1390/2283/3951
f 1820/1248/3952 1838/466/3952 1900/468/3952
f 534/1041/3953 1308/1315/3953 837/1879/3953
f 2167/2172/3954 273/401/3954 1018/2312/3954
f 831/1405/3955 1850/1417/3955 1855/2338/3955
f 2019/2367/3956 2037/2368/3956 2018/2357/3956
f 2018/2357/3957 2037/2368/3957 2047/2351/3957
f 2037/2368/3958 2075/2352/3958 2047/2351/3958
f 2086/2358/3959 2095/2369/3959 2104/2346/3959
f 2095/2369/3960 2122/2361/3960 2104/2346/3960
f 2122/2361/3961 2148/2179/3961 2143/2103/3961
f 1926/2370/3962 1213/1227/3962 1995/2296/3962
f 1405/458/3963 1885/1970/3963 1761/1946/3963
f 2006/2343/3964 2013/2316/3964 2012/2288/3964
f 2211/1552/3965 2233/1321/3965 2216/1553/3965
f 1855/2338/3966 1890/2371/3966 1904/2360/3966
f 1904/2360/3967 1895/2372/3967 1905/2364/3967
f 1905/2364/3968 1932/2373/3968 1940/2353/3968
f 1961/2365/3969 1977/2374/3969 1976/2354/3969
f 1976/2354/3970 1986/2375/3970 2018/2357/3970
f 2484/348/3971 2476/622/3971 1518/1114/3971
f 1870/1249/3972 1411/2069/3972 1859/992/3972
f 1548/2177/3973 2142/630/3973 2111/1437/3973
f 1904/2360/3974 1890/2371/3974 1895/2372/3974
f 1895/2372/3975 1932/2373/3975 1905/2364/3975
f 1940/2353/3976 1932/2373/3976 1961/2365/3976
f 1976/2354/3977 1977/2374/3977 1986/2375/3977
f 1986/2375/3978 2008/2376/3978 2018/2357/3978
f 2018/2357/3979 2008/2376/3979 2019/2367/3979
f 2087/2366/3980 2075/2352/3980 2037/2368/3980
f 2087/2366/3981 2095/2369/3981 2086/2358/3981
f 2094/1102/3982 1391/2324/3982 1860/2230/3982
f 1852/1317/3983 1853/2306/3983 2006/2343/3983
f 1853/2306/3984 2013/2316/3984 2006/2343/3984
f 929/209/3985 979/687/3985 850/210/3985
f 1855/2338/3986 1874/2377/3986 1890/2371/3986
f 2008/2376/3987 2028/2378/3987 2019/2367/3987
f 1993/2332/3988 2070/2345/3988 2023/1700/3988
f 1705/1834/3989 1799/1477/3989 1998/64/3989
f 1491/2023/3990 2147/2022/3990 206/2161/3990
f 1851/1565/3991 1856/2379/3991 1855/2338/3991
f 1895/2372/3992 1890/2371/3992 1874/2377/3992
f 2038/2380/3993 2019/2367/3993 2028/2378/3993
f 2038/2380/3994 2048/2381/3994 2037/2368/3994
f 2019/2367/3995 2038/2380/3995 2037/2368/3995
f 2048/2381/3996 2067/2382/3996 2087/2366/3996
f 2037/2368/3997 2048/2381/3997 2087/2366/3997
f 2087/2366/3998 2067/2382/3998 2095/2369/3998
f 2095/2369/3999 2149/2383/3999 2122/2361/3999
f 2149/2383/4000 2148/2179/4000 2122/2361/4000
f 1308/1315/4001 2005/1905/4001 837/1879/4001
f 209/2335/4002 1308/1315/4002 1387/1586/4002
f 1601/1276/4003 2102/1926/4003 1927/1933/4003
f 254/598/4004 170/461/4004 201/632/4004
f 1800/2016/4005 1403/867/4005 1763/866/4005
f 1510/2071/4006 1346/2275/4006 1740/2237/4006
f 870/982/4007 871/1592/4007 1903/1093/4007
f 1919/1837/4008 1650/2167/4008 1619/1838/4008
f 2148/2179/4009 1667/2384/4009 1753/2178/4009
f 1932/2373/4010 1923/2385/4010 1961/2365/4010
f 1977/2374/4011 1953/2386/4011 1986/2375/4011
f 2067/2382/4012 2112/2387/4012 2095/2369/4012
f 2112/2387/4013 2149/2383/4013 2095/2369/4013
f 2148/2179/4014 2149/2383/4014 1667/2384/4014
f 2422/1556/4015 2421/2063/4015 2407/1392/4015
f 1926/2370/4016 2026/1238/4016 1213/1227/4016
f 1912/1853/4017 2144/1778/4017 543/1825/4017
f 2128/1505/4018 1387/1586/4018 2153/1577/4018
f 1733/2000/4019 1510/2071/4019 1740/2237/4019
f 990/1488/4020 853/819/4020 2489/638/4020
f 503/2311/4021 1214/2286/4021 803/1897/4021
f 1921/1230/4022 431/1483/4022 2163/2282/4022
f 2146/2295/4023 2145/2322/4023 2129/2334/4023
f 2144/1778/4024 1921/1230/4024 2163/2282/4024
f 1855/2338/4025 1856/2379/4025 1874/2377/4025
f 1895/2372/4026 1923/2385/4026 1932/2373/4026
f 1923/2385/4027 1941/2388/4027 1961/2365/4027
f 1961/2365/4028 1941/2388/4028 1977/2374/4028
f 2048/2381/4029 2076/2389/4029 2067/2382/4029
f 2076/2389/4030 2113/2390/4030 2067/2382/4030
f 2067/2382/4031 2113/2390/4031 2112/2387/4031
f 1723/1381/4032 1900/468/4032 1937/1156/4032
f 1870/1249/4033 1900/468/4033 1723/1381/4033
f 1367/1826/4034 2163/2282/4034 1338/1916/4034
f 520/1896/4035 1346/2275/4035 1510/2071/4035
f 1698/2289/4036 1831/2254/4036 1861/2228/4036
f 1984/1910/4037 1919/1837/4037 2045/1839/4037
f 1895/2372/4038 1891/2391/4038 1923/2385/4038
f 2008/2376/4039 1986/2375/4039 2028/2378/4039
f 1948/1699/4040 1981/2330/4040 1993/2332/4040
f 1883/2268/4041 1346/2275/4041 520/1896/4041
f 1883/2268/4042 1814/2124/4042 1346/2275/4042
f 1930/2301/4043 206/2161/4043 2147/2022/4043
f 2499/574/4044 2486/573/4044 1447/1174/4044
f 1891/2391/4045 1906/2392/4045 1923/2385/4045
f 1923/2385/4046 1953/2386/4046 1941/2388/4046
f 1953/2386/4047 1977/2374/4047 1941/2388/4047
f 1953/2386/4048 1987/2393/4048 1986/2375/4048
f 2113/2390/4049 2123/2394/4049 2112/2387/4049
f 2123/2394/4050 2149/2383/4050 2112/2387/4050
f 1387/1586/4051 1308/1315/4051 1226/218/4051
f 1599/1929/4052 1688/2194/4052 1346/2275/4052
f 2093/2284/4053 1390/2283/4053 1537/2315/4053
f 2003/2329/4054 2011/2331/4054 1981/2330/4054
f 1987/2393/4055 2028/2378/4055 1986/2375/4055
f 2038/2380/4056 2049/2395/4056 2048/2381/4056
f 2048/2381/4057 2049/2395/4057 2076/2389/4057
f 1813/2245/4058 1667/2384/4058 2149/2383/4058
f 2123/2394/4059 1813/2245/4059 2149/2383/4059
f 1461/2149/4060 1469/1793/4060 1964/1756/4060
f 1757/2011/4061 1510/2071/4061 1743/1999/4061
f 505/807/4062 1930/2336/4062 1999/808/4062
f 2223/53/4063 1784/2052/4063 1789/51/4063
f 1532/1952/4064 1522/1113/4064 1651/483/4064
f 1906/2392/4065 1913/2396/4065 1923/2385/4065
f 1913/2396/4066 1943/2397/4066 1923/2385/4066
f 1943/2397/4067 1942/2398/4067 1923/2385/4067
f 1923/2385/4068 1942/2398/4068 1953/2386/4068
f 1942/2398/4069 1987/2393/4069 1953/2386/4069
f 1308/1315/4070 1852/1317/4070 2005/1905/4070
f 2053/1920/4071 1814/2124/4071 1883/2268/4071
f 1733/2000/4072 1740/2237/4072 1541/1710/4072
f 2154/1875/4073 1886/1789/4073 1355/2318/4073
f 1503/442/4074 1528/1831/4074 1474/443/4074
f 1874/2377/4075 1879/2399/4075 1895/2372/4075
f 1895/2372/4076 1879/2399/4076 1891/2391/4076
f 2076/2389/4077 2124/2400/4077 2113/2390/4077
f 2113/2390/4078 2124/2400/4078 2123/2394/4078
f 1896/2401/4079 1891/2391/4079 1879/2399/4079
f 1891/2391/4080 1896/2401/4080 1906/2392/4080
f 1942/2398/4081 1962/2402/4081 1987/2393/4081
f 1962/2402/4082 2009/2403/4082 2028/2378/4082
f 1987/2393/4083 1962/2402/4083 2028/2378/4083
f 2009/2403/4084 2038/2380/4084 2028/2378/4084
f 2109/175/4085 2119/2323/4085 2071/2293/4085
f 1918/1155/4086 1956/1757/4086 1937/1156/4086
f 1851/1565/4087 1864/2404/4087 1856/2379/4087
f 1896/2401/4088 1897/2405/4088 1906/2392/4088
f 1906/2392/4089 1897/2405/4089 1913/2396/4089
f 1943/2397/4090 1962/2402/4090 1942/2398/4090
f 2049/2395/4091 2077/2406/4091 2076/2389/4091
f 2124/2400/4092 2125/2407/4092 2123/2394/4092
f 1930/2301/4093 2147/2022/4093 1926/1874/4093
f 1902/1295/4094 1894/1924/4094 1878/428/4094
f 482/1894/4095 1510/2071/4095 1757/2011/4095
f 2129/2334/4096 2137/1876/4096 2120/174/4096
f 503/2311/4097 803/1897/4097 2059/794/4097
f 1847/1501/4098 1857/2026/4098 1851/1565/4098
f 1851/1565/4099 1857/2026/4099 1864/2404/4099
f 2039/2408/4100 2038/2380/4100 2009/2403/4100
f 2038/2380/4101 2039/2408/4101 2049/2395/4101
f 2076/2389/4102 2077/2406/4102 2124/2400/4102
f 2150/2339/4103 1813/2245/4103 2123/2394/4103
f 482/1894/4104 520/1896/4104 1510/2071/4104
f 1994/2227/4105 1821/2246/4105 2046/2248/4105
f 2044/2225/4106 2004/2233/4106 1764/2221/4106
f 1864/2404/4107 1867/2409/4107 1856/2379/4107
f 1867/2409/4108 1874/2377/4108 1856/2379/4108
f 1897/2405/4109 1944/2410/4109 1913/2396/4109
f 1943/2397/4110 1944/2410/4110 1962/2402/4110
f 2124/2400/4111 2126/2411/4111 2125/2407/4111
f 2150/2339/4112 2123/2394/4112 2125/2407/4112
f 2099/2340/4113 2146/2295/4113 2129/2334/4113
f 2041/2326/4114 1995/2296/4114 2098/975/4114
f 1605/1907/4115 1641/1690/4115 2151/1689/4115
f 1847/1501/4116 1959/1525/4116 1857/2026/4116
f 1874/2377/4117 1867/2409/4117 1879/2399/4117
f 1913/2396/4118 1944/2410/4118 1943/2397/4118
f 1944/2410/4119 1963/2412/4119 1962/2402/4119
f 2077/2406/4120 2096/2413/4120 2124/2400/4120
f 2096/2413/4121 2126/2411/4121 2124/2400/4121
f 2126/2411/4122 2150/2339/4122 2125/2407/4122
f 941/2166/4123 1650/2167/4123 1919/1837/4123
f 2135/2327/4124 2136/2325/4124 209/2335/4124
f 1884/2307/4125 1886/1789/4125 2014/2297/4125
f 2049/2395/4126 2029/2414/4126 2077/2406/4126
f 1388/1299/4127 2127/1081/4127 1389/2056/4127
f 1389/2056/4128 2127/1081/4128 1566/2117/4128
f 1930/2336/4129 1926/2370/4129 1995/2296/4129
f 941/2166/4130 1919/1837/4130 1316/399/4130
f 2110/177/4131 503/2311/4131 430/178/4131
f 1867/2409/4132 1880/2415/4132 1879/2399/4132
f 1879/2399/4133 1880/2415/4133 1896/2401/4133
f 1897/2405/4134 1907/2416/4134 1944/2410/4134
f 1963/2412/4135 1978/2417/4135 1962/2402/4135
f 1962/2402/4136 1978/2417/4136 2009/2403/4136
f 2039/2408/4137 2029/2414/4137 2049/2395/4137
f 2077/2406/4138 2078/2418/4138 2096/2413/4138
f 822/1145/4139 823/1472/4139 827/1256/4139
f 2166/2114/4140 1668/1572/4140 2150/2339/4140
f 81/2164/4141 941/2166/4141 1316/399/4141
f 2204/1554/4142 2216/1553/4142 2203/2419/4142
f 2011/2331/4143 2071/2293/4143 2070/2345/4143
f 1880/2415/4144 1892/2420/4144 1896/2401/4144
f 1892/2420/4145 1907/2416/4145 1897/2405/4145
f 1896/2401/4146 1892/2420/4146 1897/2405/4146
f 1907/2416/4147 1914/2421/4147 1944/2410/4147
f 1978/2417/4148 2010/2422/4148 2009/2403/4148
f 2010/2422/4149 2039/2408/4149 2009/2403/4149
f 1688/2194/4150 1740/2237/4150 1346/2275/4150
f 1789/51/4151 1820/1248/4151 1870/1249/4151
f 2130/1740/4152 1391/2324/4152 2094/1102/4152
f 1944/2410/4153 1945/2423/4153 1963/2412/4153
f 2029/2414/4154 2078/2418/4154 2077/2406/4154
f 1767/207/4155 2150/2339/4155 2126/2411/4155
f 1767/207/4156 2166/2114/4156 2150/2339/4156
f 803/1897/4157 2022/1899/4157 2467/1413/4157
f 1503/442/4158 1927/1933/4158 2102/1926/4158
f 1914/2421/4159 1954/2424/4159 1944/2410/4159
f 1944/2410/4160 1954/2424/4160 1945/2423/4160
f 1963/2412/4161 1970/2425/4161 1978/2417/4161
f 2078/2418/4162 2105/2426/4162 2096/2413/4162
f 2105/2426/4163 2126/2411/4163 2096/2413/4163
f 1965/1794/4164 2011/2331/4164 2003/2329/4164
f 192/1903/4165 1626/1983/4165 1358/1935/4165
f 2101/2065/4166 1559/2064/4166 1594/2118/4166
f 1930/2336/4167 2041/2326/4167 1999/808/4167
f 1698/2289/4168 1876/1827/4168 2165/2242/4168
f 1398/75/4169 1871/457/4169 891/76/4169
f 2165/2242/4170 1338/1916/4170 1681/2243/4170
f 1970/2425/4171 2010/2422/4171 1978/2417/4171
f 2010/2422/4172 2030/2427/4172 2029/2414/4172
f 2039/2408/4173 2010/2422/4173 2029/2414/4173
f 2030/2427/4174 2055/2428/4174 2078/2418/4174
f 2029/2414/4175 2030/2427/4175 2078/2418/4175
f 1849/2101/4176 1848/2045/4176 2175/1279/4176
f 1871/457/4177 1862/456/4177 891/76/4177
f 543/1825/4178 2015/2305/4178 2014/2297/4178
f 1857/2026/4179 1858/2244/4179 1864/2404/4179
f 1864/2404/4180 1858/2244/4180 1867/2409/4180
f 1963/2412/4181 1945/2423/4181 1970/2425/4181
f 2055/2428/4182 2088/2429/4182 2078/2418/4182
f 2078/2418/4183 2088/2429/4183 2105/2426/4183
f 2105/2426/4184 2131/2430/4184 2126/2411/4184
f 2126/2411/4185 2131/2430/4185 1767/207/4185
f 2063/2142/4186 2083/2300/4186 2033/2328/4186
f 2161/1352/4187 2171/1354/4187 209/2335/4187
f 2032/2320/4188 2042/1247/4188 2011/2331/4188
f 1813/2245/4189 2150/2339/4189 1773/1571/4189
f 1914/2421/4190 1908/2431/4190 1954/2424/4190
f 1970/2425/4191 1979/2432/4191 2010/2422/4191
f 2088/2429/4192 2131/2430/4192 2105/2426/4192
f 2015/2305/4193 543/1825/4193 1876/1827/4193
f 1694/1260/4194 1692/1349/4194 1048/1261/4194
f 1395/2044/4195 2207/52/4195 1859/992/4195
f 1395/2044/4196 1393/2015/4196 2207/52/4196
f 1730/515/4197 1784/2052/4197 1736/1435/4197
f 2500/234/4198 2466/1303/4198 2470/1273/4198
f 1709/1432/4199 1701/1431/4199 1757/2011/4199
f 1945/2423/4200 1979/2432/4200 1970/2425/4200
f 2030/2427/4201 2050/2433/4201 2055/2428/4201
f 2350/2434/4202 2317/2435/4202 2286/1771/4202
f 2154/1875/4203 2155/2313/4203 1886/1789/4203
f 871/1592/4204 860/1543/4204 1889/1551/4204
f 2161/1352/4205 209/2335/4205 2136/2325/4205
f 2497/499/4206 2463/246/4206 2493/603/4206
f 2190/2436/4207 2204/1554/4207 2203/2419/4207
f 1800/2016/4208 2179/1558/4208 1404/2014/4208
f 2477/1462/4209 2469/1461/4209 1385/409/4209
f 1385/409/4210 1715/2437/4210 2477/1462/4210
f 2128/1505/4211 209/2335/4211 1387/1586/4211
f 1858/2244/4212 1868/2106/4212 1867/2409/4212
f 1867/2409/4213 1881/2438/4213 1880/2415/4213
f 1893/2439/4214 1892/2420/4214 1880/2415/4214
f 1881/2438/4215 1893/2439/4215 1880/2415/4215
f 1893/2439/4216 1907/2416/4216 1892/2420/4216
f 1907/2416/4217 1908/2431/4217 1914/2421/4217
f 1954/2424/4218 1979/2432/4218 1945/2423/4218
f 1979/2432/4219 1980/2440/4219 2010/2422/4219
f 2131/2430/4220 2159/205/4220 1767/207/4220
f 1765/1003/4221 93/1002/4221 339/775/4221
f 1761/1946/4222 1877/467/4222 1405/458/4222
f 523/1105/4223 1347/1832/4223 515/1159/4223
f 1541/1710/4224 2157/1709/4224 1738/1998/4224
f 2144/1778/4225 2163/2282/4225 1367/1826/4225
f 1380/1064/4226 1389/2056/4226 1566/2117/4226
f 2317/2441/4227 2392/2442/4227 2316/1296/4227
f 1994/2227/4228 2498/2226/4228 1801/2235/4228
f 1867/2409/4229 1868/2106/4229 1881/2438/4229
f 1980/2440/4230 2050/2433/4230 2030/2427/4230
f 2010/2422/4231 1980/2440/4231 2030/2427/4231
f 2050/2433/4232 2089/2443/4232 2055/2428/4232
f 2055/2428/4233 2089/2443/4233 2088/2429/4233
f 2088/2429/4234 2114/2444/4234 2131/2430/4234
f 1538/1951/4235 1651/483/4235 1659/1958/4235
f 2145/2322/4236 2155/2313/4236 2129/2334/4236
f 2140/1286/4237 29/1759/4237 1928/1623/4237
f 2370/1869/4238 2033/2328/4238 2025/431/4238
f 2252/2445/4239 2239/1436/4239 2240/2310/4239
f 2239/1436/4240 2252/2445/4240 1862/456/4240
f 2392/2442/4241 2391/1297/4241 2316/1296/4241
f 2469/1461/4242 2501/410/4242 1385/409/4242
f 2477/1462/4243 1715/2437/4243 1710/620/4243
f 502/2079/4244 1614/2078/4244 1643/2088/4244
f 2438/1241/4245 1227/971/4245 2431/1555/4245
f 1915/2446/4246 1907/2416/4246 1893/2439/4246
f 1915/2446/4247 1908/2431/4247 1907/2416/4247
f 1954/2424/4248 1908/2431/4248 1979/2432/4248
f 1908/2431/4249 1988/2447/4249 1979/2432/4249
f 1979/2432/4250 1988/2447/4250 1980/2440/4250
f 2114/2444/4251 2159/205/4251 2131/2430/4251
f 2155/2313/4252 2154/1875/4252 2129/2334/4252
f 508/1791/4253 1966/1231/4253 2144/1778/4253
f 872/1524/4254 1756/1065/4254 1626/1983/4254
f 1710/620/4255 1715/2437/4255 1505/2041/4255
f 236/1229/4256 1966/1231/4256 508/1791/4256
f 2272/74/4257 2284/1817/4257 1398/75/4257
f 2325/2448/4258 2355/1252/4258 2319/1388/4258
f 1548/2177/4259 2121/2278/4259 1779/2111/4259
f 1532/1952/4260 1528/1831/4260 1522/1113/4260
f 1980/2440/4261 2056/2449/4261 2050/2433/4261
f 2050/2433/4262 2056/2449/4262 2089/2443/4262
f 2013/2316/4263 2015/2305/4263 2012/2288/4263
f 1964/1756/4264 2003/2329/4264 1956/1757/4264
f 2006/2343/4265 2012/2288/4265 1391/2324/4265
f 1565/441/4266 1927/1933/4266 1503/442/4266
f 2244/2450/4267 2243/2451/4267 2226/2452/4267
f 5/2042/4268 1715/2437/4268 1385/409/4268
f 1858/2244/4269 1848/2045/4269 1868/2106/4269
f 1915/2446/4270 1946/2453/4270 1908/2431/4270
f 1946/2453/4271 1988/2447/4271 1908/2431/4271
f 1980/2440/4272 2020/2454/4272 2056/2449/4272
f 2115/2455/4273 2159/205/4273 2114/2444/4273
f 2092/2298/4274 2083/2300/4274 2063/2142/4274
f 1398/75/4275 2284/1817/4275 1687/1816/4275
f 2162/1790/4276 2155/2313/4276 2145/2322/4276
f 519/686/4277 2475/639/4277 2488/641/4277
f 2158/2456/4278 5/2042/4278 1385/409/4278
f 5/2042/4279 1505/2041/4279 1715/2437/4279
f 1692/1349/4280 1694/1260/4280 1505/2280/4280
f 1988/2447/4281 2020/2454/4281 1980/2440/4281
f 2115/2455/4282 2169/2356/4282 2159/205/4282
f 2169/2356/4283 2168/1516/4283 2159/205/4283
f 2083/2300/4284 2082/2299/4284 2072/1246/4284
f 1316/399/4285 1984/1910/4285 1983/400/4285
f 1488/222/4286 1619/1838/4286 1650/2167/4286
f 2083/2300/4287 2072/1246/4287 2033/2328/4287
f 2361/2457/4288 1210/2458/4288 1233/279/4288
f 1933/1950/4289 1946/2453/4289 1915/2446/4289
f 2056/2449/4290 2079/2459/4290 2089/2443/4290
f 2088/2429/4291 2115/2455/4291 2114/2444/4291
f 2099/2340/4292 2091/2309/4292 2082/2299/4292
f 2162/1790/4293 532/1787/4293 2155/2313/4293
f 1852/1317/4294 2006/2343/4294 2005/1905/4294
f 2023/1700/4295 2061/1529/4295 2052/1528/4295
f 2176/1500/4296 2184/901/4296 2175/1279/4296
f 2162/1790/4297 985/1792/4297 532/1787/4297
f 1909/2460/4298 1893/2439/4298 1881/2438/4298
f 1909/2460/4299 1915/2446/4299 1893/2439/4299
f 1988/2447/4300 2040/2461/4300 2020/2454/4300
f 2040/2461/4301 2056/2449/4301 2020/2454/4301
f 2089/2443/4302 2079/2459/4302 2088/2429/4302
f 2088/2429/4303 2079/2459/4303 2115/2455/4303
f 1782/2220/4304 1444/868/4304 1882/1424/4304
f 1216/1862/4305 1215/583/4305 2320/2462/4305
f 867/1487/4306 1939/1416/4306 1894/1924/4306
f 867/1487/4307 903/1414/4307 1939/1416/4307
f 1372/1883/4308 2398/1900/4308 1379/1815/4308
f 1863/237/4309 504/408/4309 2027/637/4309
f 2158/2456/4310 1385/409/4310 504/408/4310
f 1868/2106/4311 1782/2220/4311 1881/2438/4311
f 1909/2460/4312 1933/1950/4312 1915/2446/4312
f 2040/2461/4313 1988/2447/4313 1946/2453/4313
f 1481/2125/4314 2024/2151/4314 1492/2126/4314
f 2120/174/4315 2136/2325/4315 2119/2323/4315
f 1522/1113/4316 1528/1831/4316 1518/1114/4316
f 1871/457/4317 1398/75/4317 1405/458/4317
f 1221/1512/4318 1408/1514/4318 1399/1629/4318
f 1357/2043/4319 5/2042/4319 2158/2456/4319
f 2179/1558/4320 1800/2016/4320 1763/866/4320
f 1868/2106/4321 1865/2102/4321 1782/2220/4321
f 1882/1424/4322 1881/2438/4322 1782/2220/4322
f 1882/1424/4323 1909/2460/4323 1881/2438/4323
f 2040/2461/4324 2057/2463/4324 2056/2449/4324
f 2106/2464/4325 2079/2459/4325 2056/2449/4325
f 2057/2463/4326 2106/2464/4326 2056/2449/4326
f 2106/2464/4327 2132/2465/4327 2079/2459/4327
f 2132/2465/4328 2115/2455/4328 2079/2459/4328
f 2115/2455/4329 2132/2465/4329 2169/2356/4329
f 532/1787/4330 985/1792/4330 597/1788/4330
f 2092/2298/4331 2100/2303/4331 2082/2299/4331
f 1210/2458/4332 1221/1512/4332 1399/1629/4332
f 1399/1629/4333 1233/279/4333 1210/2458/4333
f 2130/1740/4334 2002/1080/4334 1517/1042/4334
f 1849/2101/4335 1865/2102/4335 1868/2106/4335
f 1933/1950/4336 2040/2461/4336 1946/2453/4336
f 52/559/4337 1269/514/4337 30/16/4337
f 1667/2384/4338 1813/2245/4338 1753/2178/4338
f 1997/1833/4339 1380/1064/4339 1673/1066/4339
f 940/152/4340 1008/1947/4340 1088/1654/4340
f 1947/225/4341 1994/2227/4341 2046/2248/4341
f 1882/1424/4342 1916/1199/4342 1909/2460/4342
f 1924/1198/4343 1933/1950/4343 1909/2460/4343
f 1533/1949/4344 2040/2461/4344 1933/1950/4344
f 1533/1949/4345 1534/1984/4345 2040/2461/4345
f 2058/1909/4346 2040/2461/4346 1534/1984/4346
f 2058/1909/4347 2057/2463/4347 2040/2461/4347
f 1238/484/4348 191/485/4348 1768/2232/4348
f 1997/1833/4349 1389/2056/4349 1380/1064/4349
f 1875/1711/4350 1541/1710/4350 1554/2196/4350
f 1854/1673/4351 504/408/4351 1863/237/4351
f 1854/1673/4352 2158/2456/4352 504/408/4352
f 2396/2466/4353 1275/1522/4353 2406/1830/4353
f 2426/2467/4354 2443/1749/4354 153/1796/4354
f 1916/1199/4355 1924/1198/4355 1909/2460/4355
f 1925/86/4356 1935/85/4356 1934/1852/4356
f 1870/1249/4357 1723/1381/4357 1426/2058/4357
f 2058/1909/4358 2097/1908/4358 2057/2463/4358
f 2097/1908/4359 2106/2464/4359 2057/2463/4359
f 2132/2465/4360 2151/1689/4360 2169/2356/4360
f 2151/1689/4361 2160/1517/4361 2169/2356/4361
f 1106/1341/4362 1635/2057/4362 1562/2037/4362
f 1957/90/4363 1768/2241/4363 1681/2243/4363
f 1957/90/4364 2051/92/4364 1768/2241/4364
f 526/1253/4365 535/594/4365 33/824/4365
f 1614/2078/4366 1594/2118/4366 1609/2094/4366
f 2233/1321/4367 2229/2120/4367 2216/1553/4367
f 2496/238/4368 2027/637/4368 2084/1016/4368
f 2496/238/4369 1863/237/4369 2027/637/4369
f 2117/236/4370 1854/1673/4370 1863/237/4370
f 2016/1818/4371 2158/2456/4371 1854/1673/4371
f 2016/1288/4372 1504/1287/4372 1357/2048/4372
f 2158/2456/4373 2016/1818/4373 1357/2043/4373
f 1114/2091/4374 236/1229/4374 1661/2090/4374
f 2129/2334/4375 2154/1875/4375 2137/1876/4375
f 2133/1923/4376 2106/2464/4376 2097/1908/4376
f 2491/329/4377 1999/808/4377 2041/2326/4377
f 2051/2314/4378 1238/484/4378 1768/2232/4378
f 2061/1529/4379 2108/2319/4379 2081/848/4379
f 2189/1911/4380 2195/1568/4380 2186/1878/4380
f 2348/2279/4381 2349/2205/4381 2362/2333/4381
f 1701/1431/4382 192/1903/4382 482/1894/4382
f 505/2267/4383 1737/2216/4383 1707/2219/4383
f 2133/1923/4384 2132/2465/4384 2106/2464/4384
f 2132/2465/4385 2133/1923/4385 2151/1689/4385
f 2151/1689/4386 2170/1688/4386 2160/1517/4386
f 502/2079/4387 1661/2090/4387 2162/1790/4387
f 1998/64/4388 1389/2056/4388 1997/1833/4388
f 2297/2468/4389 2352/2469/4389 2329/2470/4389
f 2352/2469/4390 2364/2471/4390 2329/2470/4390
f 2394/2472/4391 2414/2473/4391 2364/2471/4391
f 2352/2469/4392 2394/2472/4392 2364/2471/4392
f 2402/2270/4393 512/1148/4393 2415/2474/4393
f 2255/2475/4394 2254/2476/4394 2243/2451/4394
f 2446/2477/4395 1365/999/4395 2456/2478/4395
f 2271/2479/4396 2282/2480/4396 2298/2481/4396
f 846/269/4397 2283/2482/4397 2264/270/4397
f 2293/2483/4398 2310/2484/4398 2318/2485/4398
f 2254/2476/4399 2295/2486/4399 2294/2487/4399
f 2283/2482/4400 2290/2488/4400 2278/512/4400
f 2270/2489/4401 2294/2487/4401 2293/2483/4401
f 2423/2490/4402 2455/2080/4402 2400/1391/4402
f 2281/2491/4403 2287/1320/4403 2267/1319/4403
f 2190/2436/4404 2191/2492/4404 2204/1554/4404
f 2271/2479/4405 2263/2493/4405 2282/2480/4405
f 2334/2494/4406 2329/2470/4406 2364/2471/4406
f 2424/1526/4407 2432/2495/4407 2409/2496/4407
f 2282/2480/4408 2263/2493/4408 2298/2481/4408
f 1409/750/4409 1659/1958/4409 1958/482/4409
f 2263/2493/4410 2302/2497/4410 2298/2481/4410
f 2297/2468/4411 2329/2470/4411 2296/2498/4411
f 1256/1891/4412 446/2265/4412 2346/2264/4412
f 1958/482/4413 2502/28/4413 2478/749/4413
f 2437/1746/4414 2399/1856/4414 2444/2499/4414
f 263/370/4415 2366/1475/4415 2359/469/4415
f 849/1402/4416 827/1256/4416 823/1472/4416
f 2311/1029/4417 2325/2448/4417 2290/2488/4417
f 2499/574/4418 2379/1971/4418 2434/27/4418
f 2446/2477/4419 2456/2478/4419 2423/2490/4419
f 947/1173/4420 2358/451/4420 2379/1971/4420
f 2499/574/4421 947/1173/4421 2379/1971/4421
f 2205/1569/4422 2195/1568/4422 2212/2500/4422
f 2245/2501/4423 2237/1232/4423 2227/1233/4423
f 2245/2501/4424 2256/2502/4424 2237/1232/4424
f 2256/1976/4425 2263/2493/4425 2271/2479/4425
f 556/1588/4426 571/1018/4426 2305/1030/4426
f 1528/1831/4427 2068/349/4427 1518/1114/4427
f 2424/1526/4428 2439/958/4428 2432/2495/4428
f 2302/2497/4429 2352/2469/4429 2297/2468/4429
f 1866/429/4430 2237/1232/4430 826/430/4430
f 2248/2503/4431 2242/2504/4431 2211/1552/4431
f 2334/2494/4432 2364/2471/4432 2363/2505/4432
f 2235/2191/4433 2244/2450/4433 2226/2452/4433
f 2255/2475/4434 2295/2486/4434 2254/2476/4434
f 2329/2470/4435 2324/2506/4435 2296/2498/4435
f 2439/958/4436 2447/1318/4436 1973/959/4436
f 2329/2470/4437 2334/2494/4437 2324/2506/4437
f 2409/2496/4438 2432/2495/4438 2414/2473/4438
f 2293/2483/4439 2318/2485/4439 2276/2507/4439
f 866/2067/4440 2425/2508/4440 2416/2509/4440
f 1487/395/4441 1493/2510/4441 2372/1744/4441
f 2237/1232/4442 2231/2511/4442 2230/2512/4442
f 2415/2474/4443 512/1148/4443 17/1245/4443
f 2035/998/4444 1236/540/4444 26/541/4444
f 921/137/4445 2138/1350/4445 688/161/4445
f 2491/329/4446 2482/1138/4446 2462/330/4446
f 6/1301/4447 181/851/4447 197/853/4447
f 2481/423/4448 948/257/4448 1795/256/4448
f 2138/1350/4449 2383/2359/4449 2382/1211/4449
f 2377/2513/4450 2394/2472/4450 2352/2469/4450
f 2377/2513/4451 506/1492/4451 2394/2472/4451
f 2394/2472/4452 506/1492/4452 2402/2270/4452
f 2401/2514/4453 2402/2270/4453 2415/2474/4453
f 2394/2472/4454 2402/2270/4454 2401/2514/4454
f 2318/2485/4455 2326/2029/4455 2276/2507/4455
f 2439/958/4456 2457/957/4456 2432/2495/4456
f 2298/2481/4457 2302/2497/4457 2297/2468/4457
f 2244/2450/4458 2249/2515/4458 2243/2451/4458
f 2404/2516/4459 1100/77/4459 2382/1211/4459
f 2238/2517/4460 2245/2501/4460 2227/1233/4460
f 2245/2518/4461 2257/2519/4461 2256/1976/4461
f 2257/2519/4462 2263/2493/4462 2256/1976/4462
f 2324/2506/4463 2334/2494/4463 2328/2520/4463
f 2257/2519/4464 2289/2521/4464 2263/2493/4464
f 2289/2521/4465 2302/2497/4465 2263/2493/4465
f 2236/2190/4466 2231/1978/4466 2250/1977/4466
f 2138/1350/4467 2382/1211/4467 688/161/4467
f 2383/2359/4468 2404/2516/4468 2382/1211/4468
f 1100/77/4469 2404/2516/4469 2343/2522/4469
f 2353/1494/4470 2352/2469/4470 2302/2497/4470
f 2353/1494/4471 2377/2513/4471 2352/2469/4471
f 2237/1232/4472 2230/2512/4472 2220/718/4472
f 2335/1255/4473 2355/1252/4473 2325/2448/4473
f 2308/2211/4474 2340/2274/4474 2315/2523/4474
f 2253/2086/4475 2269/2231/4475 2276/2363/4475
f 2311/1029/4476 2335/1255/4476 2325/2448/4476
f 2439/958/4477 2424/1526/4477 511/1326/4477
f 2268/2193/4478 2267/1319/4478 2248/2503/4478
f 2383/2359/4479 413/1371/4479 2404/2516/4479
f 123/1727/4480 971/1367/4480 832/2524/4480
f 2234/2085/4481 2243/2525/4481 2269/2231/4481
f 2225/2084/4482 2213/1981/4482 2234/2085/4482
f 2219/2526/4483 2213/1981/4483 2225/2084/4483
f 2195/1568/4484 2196/1979/4484 2212/2500/4484
f 1544/2143/4485 2418/287/4485 1549/2127/4485
f 413/1371/4486 866/2067/4486 2404/2516/4486
f 2404/2516/4487 866/2067/4487 2416/2509/4487
f 2416/2509/4488 2417/2527/4488 2404/2516/4488
f 2404/2516/4489 2417/2527/4489 2343/2522/4489
f 2415/2474/4490 2409/2496/4490 2401/2514/4490
f 2196/1979/4491 2219/2526/4491 2212/2500/4491
f 2268/2193/4492 2248/2503/4492 2218/2192/4492
f 2206/2528/4493 2214/1980/4493 2197/2529/4493
f 2417/2527/4494 2332/2530/4494 2343/2522/4494
f 2343/2522/4495 2332/2530/4495 832/2524/4495
f 2330/1493/4496 2302/2497/4496 2289/2521/4496
f 2330/1493/4497 2353/1494/4497 2302/2497/4497
f 2453/1152/4498 2454/1151/4498 515/1159/4498
f 2218/2192/4499 2248/2503/4499 2217/2531/4499
f 2218/2192/4500 2217/2531/4500 2205/1569/4500
f 2276/2363/4501 2281/2491/4501 2268/2193/4501
f 2178/1406/4502 2197/2529/4502 2177/1502/4502
f 2197/2529/4503 2189/1911/4503 2177/1502/4503
f 2332/2530/4504 2066/2532/4504 832/2524/4504
f 832/2524/4505 2066/2532/4505 123/1727/4505
f 2231/1978/4506 2236/2190/4506 2230/2189/4506
f 669/35/4507 950/1272/4507 1144/33/4507
f 2217/2531/4508 2211/1552/4508 2199/2533/4508
f 1216/1862/4509 1209/2534/4509 1217/1882/4509
f 2066/2532/4510 2365/2535/4510 123/1727/4510
f 2230/2512/4511 2226/2536/4511 2214/1980/4511
f 2290/2488/4512 2325/2448/4512 2304/1390/4512
f 2325/2448/4513 2319/1388/4513 2304/1390/4513
f 2217/2531/4514 2248/2503/4514 2211/1552/4514
f 2191/2492/4515 2192/1567/4515 2199/2533/4515
f 510/997/4516 525/1254/4516 2035/998/4516
f 2417/2527/4517 1917/2537/4517 2332/2530/4517
f 2332/2530/4518 1917/2537/4518 2066/2532/4518
f 2408/2538/4519 2413/338/4519 2341/337/4519
f 2248/2503/4520 2267/1319/4520 2242/2504/4520
f 2326/2029/4521 2333/1374/4521 2281/2539/4521
f 1340/1921/4522 2365/2535/4522 2066/2532/4522
f 2440/1822/4523 1302/1829/4523 1340/2540/4523
f 2226/2452/4524 2230/2189/4524 2235/2191/4524
f 1153/1610/4525 1163/822/4525 1116/1282/4525
f 2431/1555/4526 2455/2080/4526 2438/1241/4526
f 2416/2509/4527 2425/2508/4527 2417/2527/4527
f 2495/1125/4528 2474/328/4528 2462/330/4528
f 2290/2488/4529 2304/1390/4529 2277/2541/4529
f 825/1325/4530 2227/1233/4530 1872/1185/4530
f 151/766/4531 239/1617/4531 1038/700/4531
f 9/734/4532 151/766/4532 1038/700/4532
f 545/113/4533 928/2542/4533 2381/25/4533
f 2440/1822/4534 2406/1830/4534 1384/1810/4534
f 928/2542/4535 1596/80/4535 2381/25/4535
f 2186/1878/4536 2188/902/4536 2185/2543/4536
f 2456/2478/4537 26/541/4537 1888/1239/4537
f 2287/1320/4538 2333/2544/4538 2262/1770/4538
f 2425/2508/4539 2342/2545/4539 2417/2527/4539
f 2342/2545/4540 1917/2537/4540 2417/2527/4540
f 1917/2537/4541 877/2546/4541 2066/2532/4541
f 2336/2547/4542 1340/1921/4542 2066/2532/4542
f 2336/2548/4543 2440/1822/4543 1340/2540/4543
f 2328/2520/4544 2351/2549/4544 2327/2027/4544
f 825/1325/4545 2238/2517/4545 2227/1233/4545
f 2351/2549/4546 2368/2028/4546 2327/2027/4546
f 1222/1809/4547 2388/1844/4547 1211/1854/4547
f 678/1468/4548 756/1439/4548 734/185/4548
f 428/1474/4549 263/370/4549 1343/372/4549
f 2188/902/4550 2191/2492/4550 2190/2436/4550
f 2341/337/4551 2376/339/4551 2333/1374/4551
f 2066/2532/4552 877/2546/4552 2336/2547/4552
f 2290/2488/4553 2277/2541/4553 2278/512/4553
f 739/993/4554 634/361/4554 592/268/4554
f 675/1024/4555 304/264/4555 14/231/4555
f 2384/1511/4556 675/1024/4556 14/231/4556
f 2199/2533/4557 2211/1552/4557 2204/1554/4557
f 2191/2492/4558 2199/2533/4558 2204/1554/4558
f 2322/2550/4559 2318/2485/4559 2310/2484/4559
f 2287/1320/4560 2262/1770/4560 2233/1321/4560
f 2185/2543/4561 2188/902/4561 2184/901/4561
f 2386/1892/4562 2425/2508/4562 845/2021/4562
f 2384/1511/4563 572/1025/4563 675/1024/4563
f 1128/801/4564 123/1727/4564 2365/2535/4564
f 832/2524/4565 971/1367/4565 2343/2522/4565
f 2188/902/4566 2186/1878/4566 2191/2492/4566
f 2185/2543/4567 2184/901/4567 2176/1500/4567
f 2345/2551/4568 1917/2537/4568 2342/2545/4568
f 2345/2551/4569 877/2546/4569 1917/2537/4569
f 2336/2548/4570 2406/1830/4570 2440/1822/4570
f 971/1367/4571 1100/77/4571 2343/2522/4571
f 2299/2552/4572 2289/2521/4572 2257/2519/4572
f 2299/2552/4573 2303/1530/4573 2289/2521/4573
f 2249/2515/4574 2255/2475/4574 2243/2451/4574
f 506/1492/4575 513/1086/4575 512/1148/4575
f 2437/1746/4576 955/1370/4576 1219/1369/4576
f 1587/1581/4577 2398/1900/4577 1324/1582/4577
f 877/2546/4578 2396/2553/4578 2336/2547/4578
f 2336/2548/4579 2396/2466/4579 2406/1830/4579
f 2463/246/4580 2479/654/4580 879/247/4580
f 2376/339/4581 2412/2554/4581 2350/1375/4581
f 2281/2491/4582 2267/1319/4582 2268/2193/4582
f 2303/1530/4583 2330/1493/4583 2289/2521/4583
f 624/300/4584 635/956/4584 159/655/4584
f 1996/1019/4585 2356/1289/4585 1561/114/4585
f 2449/286/4586 2436/285/4586 1996/1019/4586
f 2356/1289/4587 2054/2555/4587 2451/1520/4587
f 928/1583/4588 2398/1900/4588 1587/1581/4588
f 2333/2544/4589 2350/2434/4589 2262/1770/4589
f 2035/998/4590 26/541/4590 2456/2478/4590
f 2346/2264/4591 2342/2545/4591 2425/2508/4591
f 2346/2264/4592 2345/2551/4592 2342/2545/4592
f 1544/2143/4593 2380/2556/4593 2418/287/4593
f 2412/2554/4594 2392/2442/4594 2350/1375/4594
f 622/1120/4595 509/1705/4595 1151/1300/4595
f 2436/285/4596 2054/2555/4596 1996/1019/4596
f 545/113/4597 2451/1520/4597 928/2542/4597
f 2326/2029/4598 2341/337/4598 2333/1374/4598
f 2346/2264/4599 2425/2508/4599 2386/1892/4599
f 1365/999/4600 2035/998/4600 2456/2478/4600
f 2369/1464/4601 2377/2513/4601 2353/1494/4601
f 2369/1464/4602 506/1492/4602 2377/2513/4602
f 2451/2557/4603 900/2558/4603 928/1583/4603
f 900/2558/4604 2398/1900/4604 928/1583/4604
f 1235/1240/4605 1888/1239/4605 1244/170/4605
f 2337/2266/4606 2345/2551/4606 2346/2264/4606
f 877/2546/4607 772/2559/4607 2396/2553/4607
f 772/1919/4608 1275/1522/4608 2396/2466/4608
f 2432/2495/4609 2446/2477/4609 2414/2473/4609
f 2294/2487/4610 2295/2486/4610 2310/2484/4610
f 2369/1464/4611 2330/1493/4611 828/1465/4611
f 2418/287/4612 2419/2560/4612 2436/285/4612
f 2450/2561/4613 2429/2562/4613 2436/285/4613
f 2436/285/4614 2429/2562/4614 2054/2555/4614
f 2490/1250/4615 2494/500/4615 1656/1599/4615
f 1321/1795/4616 155/1653/4616 2338/1652/4616
f 1256/1891/4617 2346/2264/4617 2386/1892/4617
f 2448/2563/4618 877/2546/4618 2345/2551/4618
f 877/2546/4619 2448/2563/4619 772/2559/4619
f 2446/2477/4620 2423/2490/4620 2414/2473/4620
f 2351/2549/4621 2334/2494/4621 2363/2505/4621
f 2243/2525/4622 2254/2564/4622 2269/2231/4622
f 2380/2556/4623 2419/2560/4623 2418/287/4623
f 2419/2560/4624 2450/2561/4624 2436/285/4624
f 2283/2482/4625 2278/512/4625 2264/270/4625
f 822/1145/4626 2197/2529/4626 823/1472/4626
f 1008/1947/4627 1759/1723/4627 1565/441/4627
f 2448/2563/4628 2345/2551/4628 2337/2266/4628
f 2270/2489/4629 2293/2483/4629 2276/2507/4629
f 2323/2565/4630 2324/2506/4630 2328/2520/4630
f 2429/2562/4631 1012/2566/4631 2054/2555/4631
f 2226/2536/4632 2243/2525/4632 2213/1981/4632
f 2395/230/4633 325/201/4633 772/1919/4633
f 2370/1869/4634 2367/433/4634 2380/2556/4634
f 2054/2567/4635 2435/2568/4635 2451/2557/4635
f 2435/2568/4636 2397/2569/4636 2451/2557/4636
f 2451/2557/4637 2397/2569/4637 900/2558/4637
f 1774/1546/4638 1974/2273/4638 1975/2204/4638
f 2305/1030/4639 2290/2488/4639 2283/2482/4639
f 846/269/4640 2305/1030/4640 2283/2482/4640
f 2320/2462/4641 1215/583/4641 2285/585/4641
f 2139/2570/4642 2448/2571/4642 2337/1310/4642
f 2448/2571/4643 2395/230/4643 772/1919/4643
f 1232/1871/4644 1231/1860/4644 1216/1862/4644
f 2272/74/4645 2285/585/4645 2284/1817/4645
f 2367/433/4646 2371/2572/4646 2380/2556/4646
f 2371/2572/4647 2405/2573/4647 2380/2556/4647
f 2380/2556/4648 2405/2573/4648 2419/2560/4648
f 2419/2560/4649 2429/2562/4649 2450/2561/4649
f 2429/2562/4650 176/2574/4650 1012/2566/4650
f 2397/2569/4651 2373/2575/4651 900/2558/4651
f 2373/2575/4652 2398/1900/4652 900/2558/4652
f 2373/2575/4653 1379/1815/4653 2398/1900/4653
f 2372/1744/4654 1500/2576/4654 1508/2150/4654
f 1133/107/4655 1303/1489/4655 1142/1280/4655
f 2252/2445/4656 2273/2577/4656 2272/74/4656
f 891/76/4657 2252/2445/4657 2272/74/4657
f 2419/2560/4658 2405/2573/4658 2429/2562/4658
f 2405/2573/4659 2430/2578/4659 2429/2562/4659
f 2429/2562/4660 2430/2578/4660 176/2574/4660
f 2189/1911/4661 2186/1878/4661 2181/1912/4661
f 2212/2500/4662 2219/2526/4662 2218/2192/4662
f 2312/1015/4663 2139/2570/4663 2337/1310/4663
f 2139/2570/4664 2384/1511/4664 2448/2571/4664
f 2448/2571/4665 2384/1511/4665 2395/230/4665
f 899/1396/4666 855/1337/4666 843/1336/4666
f 2272/74/4667 2273/2577/4667 2285/585/4667
f 2331/1389/4668 2303/1530/4668 2299/2552/4668
f 176/2579/4669 2435/2568/4669 2054/2567/4669
f 1012/2580/4670 176/2579/4670 2054/2567/4670
f 2177/1502/4671 2185/2543/4671 2176/1500/4671
f 2218/2192/4672 2219/2526/4672 2225/2084/4672
f 1216/1862/4673 1220/1847/4673 1215/583/4673
f 2378/1044/4674 2139/2570/4674 2312/1015/4674
f 2384/1511/4675 14/231/4675 2395/230/4675
f 2324/2506/4676 2295/2486/4676 2255/2475/4676
f 2240/2310/4677 2273/2577/4677 2252/2445/4677
f 2371/2572/4678 2387/2581/4678 2405/2573/4678
f 2410/2582/4679 2430/2578/4679 2405/2573/4679
f 2430/2578/4680 2442/2583/4680 176/2574/4680
f 2435/2568/4681 2344/2584/4681 2397/2569/4681
f 2397/2569/4682 2344/2584/4682 2373/2575/4682
f 2456/2478/4683 1888/1239/4683 2455/2080/4683
f 2242/2504/4684 2267/1319/4684 2233/1321/4684
f 2233/1321/4685 2262/1770/4685 2229/2120/4685
f 2378/1044/4686 2384/1511/4686 2139/2570/4686
f 2323/2565/4687 2310/2484/4687 2295/2486/4687
f 2323/2565/4688 2322/2550/4688 2310/2484/4688
f 2240/2310/4689 2274/2585/4689 2273/2577/4689
f 974/1191/4690 841/1192/4690 990/1488/4690
f 2490/1250/4691 1447/1174/4691 2486/573/4691
f 2387/2581/4692 2410/2582/4692 2405/2573/4692
f 2442/2586/4693 2141/2587/4693 176/2579/4693
f 2344/2584/4694 1778/2588/4694 2373/2575/4694
f 972/2589/4695 1379/1815/4695 2373/2575/4695
f 1778/2588/4696 972/2589/4696 2373/2575/4696
f 1379/1815/4697 972/2589/4697 428/1474/4697
f 1211/1854/4698 2437/1746/4698 1223/1679/4698
f 1228/584/4699 1215/583/4699 1220/1847/4699
f 702/1043/4700 2378/1044/4700 2312/1015/4700
f 17/1245/4701 518/1220/4701 2415/2474/4701
f 1888/1239/4702 26/541/4702 1244/170/4702
f 2324/2506/4703 2323/2565/4703 2295/2486/4703
f 2305/1030/4704 2311/1029/4704 2290/2488/4704
f 2307/2590/4705 2285/585/4705 2273/2577/4705
f 2274/2585/4706 2307/2590/4706 2273/2577/4706
f 2307/2590/4707 2320/2462/4707 2285/585/4707
f 2369/1464/4708 531/1087/4708 506/1492/4708
f 2435/2568/4709 2258/2591/4709 2344/2584/4709
f 2296/2498/4710 2324/2506/4710 2288/2592/4710
f 1233/279/4711 1217/2593/4711 2361/2457/4711
f 2360/432/4712 2371/2572/4712 2367/433/4712
f 2410/2582/4713 2442/2583/4713 2430/2578/4713
f 176/2579/4714 2141/2587/4714 2258/2591/4714
f 176/2579/4715 2258/2591/4715 2435/2568/4715
f 539/1161/4716 2331/1389/4716 66/589/4716
f 2350/1375/4717 2392/2442/4717 2317/2441/4717
f 2268/2193/4718 2225/2084/4718 2253/2086/4718
f 1508/2150/4719 1500/2576/4719 2371/2572/4719
f 2360/432/4720 1508/2150/4720 2371/2572/4720
f 2371/2572/4721 1500/2576/4721 2387/2581/4721
f 972/2589/4722 2366/1475/4722 428/1474/4722
f 1626/1983/4723 1686/2097/4723 1358/1935/4723
f 1759/1723/4724 1807/1722/4724 1819/1662/4724
f 2277/2541/4725 2257/2519/4725 2245/2518/4725
f 2277/2541/4726 2299/2552/4726 2257/2519/4726
f 1784/2052/4727 2228/2594/4727 1736/1435/4727
f 2265/2595/4728 2240/2310/4728 1736/1435/4728
f 2228/2594/4729 2265/2595/4729 1736/1435/4729
f 2265/2595/4730 2274/2585/4730 2240/2310/4730
f 1209/2534/4731 2320/2462/4731 2307/2590/4731
f 2320/2462/4732 1209/2534/4732 1216/1862/4732
f 1555/40/4733 1584/41/4733 1560/2176/4733
f 2387/2581/4734 1500/2576/4734 2372/1744/4734
f 2410/2582/4735 2420/2596/4735 2442/2583/4735
f 2433/2597/4736 972/2589/4736 1778/2588/4736
f 2433/2597/4737 2366/1475/4737 972/2589/4737
f 955/1370/4738 522/1104/4738 1225/1368/4738
f 2339/2598/4739 2307/2590/4739 2274/2585/4739
f 2372/1744/4740 1493/2510/4740 2387/2581/4740
f 2411/2599/4741 2420/2596/4741 2410/2582/4741
f 2420/2600/4742 954/2601/4742 2442/2586/4742
f 2442/2586/4743 954/2601/4743 2141/2587/4743
f 2344/2584/4744 2433/2597/4744 1778/2588/4744
f 2205/1569/4745 2212/2500/4745 2218/2192/4745
f 2328/2520/4746 2334/2494/4746 2351/2549/4746
f 2394/2472/4747 2401/2514/4747 2414/2473/4747
f 2250/1977/4748 2256/1976/4748 2271/2479/4748
f 2339/2598/4749 1209/2534/4749 2307/2590/4749
f 2328/2520/4750 2322/2550/4750 2323/2565/4750
f 866/2067/4751 845/2021/4751 2425/2508/4751
f 3/1637/4752 316/1683/4752 893/2099/4752
f 2387/2581/4753 2411/2599/4753 2410/2582/4753
f 2441/2602/4754 2141/2587/4754 954/2601/4754
f 2141/2587/4755 2441/2602/4755 2258/2591/4755
f 2354/2603/4756 2433/2597/4756 2344/2584/4756
f 2254/2476/4757 2294/2487/4757 2270/2489/4757
f 2269/2231/4758 2254/2564/4758 2270/2362/4758
f 863/1576/4759 2305/1030/4759 846/269/4759
f 2441/2602/4760 2354/2603/4760 2258/2591/4760
f 2258/2591/4761 2354/2603/4761 2344/2584/4761
f 2319/1388/4762 2355/1252/4762 51/588/4762
f 2223/53/4763 2228/2594/4763 1784/2052/4763
f 1493/2510/4764 2411/2599/4764 2387/2581/4764
f 1560/2176/4765 2449/286/4765 1555/40/4765
f 2288/2592/4766 2324/2506/4766 2255/2475/4766
f 825/1325/4767 2251/2604/4767 2238/2517/4767
f 2251/2604/4768 2245/2501/4768 2238/2517/4768
f 1299/597/4769 84/596/4769 1312/1767/4769
f 2246/2605/4770 2265/2595/4770 2228/2594/4770
f 2313/2606/4771 2274/2585/4771 2265/2595/4771
f 2313/2606/4772 2339/2598/4772 2274/2585/4772
f 2251/513/4773 2277/2541/4773 2245/2518/4773
f 2319/1388/4774 51/588/4774 2331/1389/4774
f 891/76/4775 1862/456/4775 2252/2445/4775
f 2443/1749/4776 954/2601/4776 2420/2600/4776
f 2443/1749/4777 2441/2602/4777 954/2601/4777
f 511/1326/4778 2447/1318/4778 2439/958/4778
f 2242/2504/4779 2233/1321/4779 2211/1552/4779
f 188/250/4780 15/565/4780 814/552/4780
f 2443/1749/4781 2426/2467/4781 2441/2602/4781
f 2426/2467/4782 2354/2603/4782 2441/2602/4782
f 2306/2607/4783 2403/2608/4783 2433/2597/4783
f 2433/2597/4784 2403/2608/4784 2366/1475/4784
f 539/1161/4785 2303/1530/4785 2331/1389/4785
f 2246/2605/4786 2228/2594/4786 2223/53/4786
f 1030/836/4787 1819/1662/4787 1807/1722/4787
f 2354/2603/4788 2306/2607/4788 2433/2597/4788
f 2413/338/4789 2412/2554/4789 2376/339/4789
f 2438/1241/4790 2455/2080/4790 1888/1239/4790
f 1848/2045/4791 1857/2026/4791 2176/1500/4791
f 2207/52/4792 2208/2609/4792 2223/53/4792
f 2208/2609/4793 2246/2605/4793 2223/53/4793
f 1209/2534/4794 2339/2598/4794 1217/1882/4794
f 2339/2610/4795 2361/2457/4795 1217/2593/4795
f 1221/1512/4796 1210/2458/4796 2388/1844/4796
f 554/406/4797 109/405/4797 78/419/4797
f 386/163/4798 1375/165/4798 95/151/4798
f 2327/2027/4799 2326/2029/4799 2318/2485/4799
f 2179/1558/4800 2182/2611/4800 1393/2015/4800
f 2182/2611/4801 2208/2609/4801 1393/2015/4801
f 1393/2015/4802 2208/2609/4802 2207/52/4802
f 2361/2457/4803 2399/1856/4803 2388/1844/4803
f 2388/1844/4804 2399/1856/4804 1211/1854/4804
f 2306/2607/4805 2354/2603/4805 2426/2467/4805
f 2403/2608/4806 2359/469/4806 2366/1475/4806
f 2214/1980/4807 2226/2536/4807 2213/1981/4807
f 2268/2193/4808 2253/2086/4808 2276/2363/4808
f 889/1559/4809 2200/2612/4809 2179/1558/4809
f 2200/2612/4810 2182/2611/4810 2179/1558/4810
f 2200/2612/4811 2221/2613/4811 2182/2611/4811
f 2221/2613/4812 2208/2609/4812 2182/2611/4812
f 2314/2614/4813 2265/2595/4813 2246/2605/4813
f 2314/2614/4814 2313/2606/4814 2265/2595/4814
f 2339/2610/4815 2374/2615/4815 2361/2457/4815
f 2478/749/4816 2434/27/4816 2379/1971/4816
f 2205/1569/4817 2217/2531/4817 2199/2533/4817
f 2208/2609/4818 2259/2616/4818 2246/2605/4818
f 2259/2616/4819 2275/2617/4819 2246/2605/4819
f 2314/2618/4820 2321/2619/4820 2313/2620/4820
f 2313/2620/4821 2347/2621/4821 2339/2610/4821
f 2347/2621/4822 2374/2615/4822 2339/2610/4822
f 2374/2615/4823 2399/1856/4823 2361/2457/4823
f 153/1796/4824 154/1800/4824 2426/2467/4824
f 154/1800/4825 2306/2607/4825 2426/2467/4825
f 2385/501/4826 2359/469/4826 2403/2608/4826
f 2221/2613/4827 2259/2616/4827 2208/2609/4827
f 2306/2607/4828 2357/2622/4828 2403/2608/4828
f 2357/2622/4829 2385/501/4829 2403/2608/4829
f 2237/1232/4830 2256/2502/4830 2231/2511/4830
f 2172/1563/4831 2180/1590/4831 889/1559/4831
f 2180/1590/4832 2200/2612/4832 889/1559/4832
f 2200/2612/4833 2201/2623/4833 2221/2613/4833
f 2246/2605/4834 2291/2624/4834 2314/2614/4834
f 2374/2615/4835 2444/2499/4835 2399/1856/4835
f 571/1018/4836 555/1073/4836 2311/1029/4836
f 2192/1567/4837 2205/1569/4837 2199/2533/4837
f 2173/1591/4838 2180/1590/4838 2172/1563/4838
f 2279/2625/4839 2246/2605/4839 2275/2617/4839
f 2279/2625/4840 2291/2624/4840 2246/2605/4840
f 2292/2626/4841 2314/2627/4841 2291/2628/4841
f 2321/2619/4842 2362/2333/4842 2313/2620/4842
f 2362/2333/4843 2347/2621/4843 2313/2620/4843
f 2347/2621/4844 2389/2629/4844 2374/2615/4844
f 2444/2499/4845 955/1370/4845 2437/1746/4845
f 2292/2626/4846 2291/2628/4846 2279/2630/4846
f 2452/2631/4847 2444/2499/4847 2374/2615/4847
f 2054/2555/4848 2356/1289/4848 1996/1019/4848
f 2338/1652/4849 2306/2607/4849 154/1800/4849
f 2186/1878/4850 2192/1567/4850 2191/2492/4850
f 2193/2632/4851 2201/2623/4851 2200/2612/4851
f 2259/2616/4852 2221/2613/4852 2201/2623/4852
f 2247/2633/4853 2259/2616/4853 2201/2623/4853
f 2452/2631/4854 955/1370/4854 2444/2499/4854
f 2278/512/4855 2277/2541/4855 2251/513/4855
f 2338/1652/4856 2357/2622/4856 2306/2607/4856
f 2181/1912/4857 2186/1878/4857 2185/2543/4857
f 2276/2507/4858 2326/2029/4858 2281/2539/4858
f 2432/2495/4859 2457/957/4859 2446/2477/4859
f 2198/2634/4860 2201/2623/4860 2193/2632/4860
f 2198/2634/4861 2232/2635/4861 2201/2623/4861
f 2232/2635/4862 2247/2633/4862 2201/2623/4862
f 2389/2629/4863 2452/2631/4863 2374/2615/4863
f 2452/2631/4864 1630/1373/4864 955/1370/4864
f 1403/867/4865 1749/2018/4865 1444/868/4865
f 1555/40/4866 1996/1019/4866 1561/114/4866
f 2357/2622/4867 2427/2636/4867 2385/501/4867
f 2385/501/4868 2428/1140/4868 230/470/4868
f 2409/2496/4869 2415/2474/4869 2424/1526/4869
f 2304/1390/4870 2331/1389/4870 2299/2552/4870
f 2193/2632/4871 2200/2612/4871 2180/1590/4871
f 2445/1153/4872 2452/2631/4872 2389/2629/4872
f 1565/441/4873 1759/1723/4873 1927/1933/4873
f 2380/2556/4874 1544/2143/4874 2370/1869/4874
f 2338/1652/4875 2427/2636/4875 2357/2622/4875
f 2427/2636/4876 2428/1140/4876 2385/501/4876
f 230/470/4877 222/599/4877 253/555/4877
f 2202/2637/4878 2198/2634/4878 2193/2632/4878
f 2202/2637/4879 2209/2638/4879 2198/2634/4879
f 2209/2638/4880 2241/2639/4880 2198/2634/4880
f 2241/2639/4881 2232/2635/4881 2198/2634/4881
f 2266/2214/4882 2275/2617/4882 2259/2616/4882
f 2365/2535/4883 1340/1921/4883 1128/801/4883
f 2415/2474/4884 518/1220/4884 2424/1526/4884
f 2338/1652/4885 170/461/4885 2427/2636/4885
f 170/461/4886 2428/1140/4886 2427/2636/4886
f 2181/1912/4887 2185/2543/4887 2177/1502/4887
f 2196/1979/4888 2195/1568/4888 2189/1911/4888
f 2183/903/4889 2193/2632/4889 2180/1590/4889
f 2453/1152/4890 1630/1373/4890 2452/2631/4890
f 2197/2529/4891 2214/1980/4891 2189/1911/4891
f 2401/2514/4892 2409/2496/4892 2414/2473/4892
f 822/1145/4893 2220/718/4893 2197/2529/4893
f 1210/2458/4894 2361/2457/4894 2388/1844/4894
f 2187/2640/4895 2193/2632/4895 2183/903/4895
f 2187/2640/4896 2202/2637/4896 2193/2632/4896
f 2266/2214/4897 2279/2625/4897 2275/2617/4897
f 2279/2630/4898 2300/2641/4898 2292/2626/4898
f 2375/2642/4899 2347/2621/4899 2362/2333/4899
f 2375/2642/4900 2390/2643/4900 2347/2621/4900
f 2390/2643/4901 2389/2629/4901 2347/2621/4901
f 2453/1152/4902 2452/2631/4902 2445/1153/4902
f 1347/1832/4903 1630/1373/4903 2453/1152/4903
f 1630/1373/4904 1347/1832/4904 522/1104/4904
f 2220/718/4905 2206/2528/4905 2197/2529/4905
f 2262/1770/4906 2350/2434/4906 2286/1771/4906
f 170/461/4907 254/598/4907 2428/1140/4907
f 2457/957/4908 1973/959/4908 2446/2477/4908
f 1973/959/4909 1365/999/4909 2446/2477/4909
f 2174/1589/4910 2183/903/4910 2180/1590/4910
f 2194/2644/4911 2202/2637/4911 2187/2640/4911
f 2222/2645/4912 2241/2639/4912 2209/2638/4912
f 2222/2645/4913 2260/2646/4913 2241/2639/4913
f 2266/2214/4914 2259/2616/4914 2247/2633/4914
f 2390/2643/4915 2445/1153/4915 2389/2629/4915
f 2264/270/4916 2251/2604/4916 825/1325/4916
f 2363/2505/4917 2368/2028/4917 2351/2549/4917
f 2326/2029/4918 2393/2201/4918 2341/337/4918
f 1855/2338/4919 1850/1417/4919 1851/1565/4919
f 2210/2647/4920 2209/2638/4920 2202/2637/4920
f 2210/2647/4921 2222/2645/4921 2209/2638/4921
f 2261/1772/4922 2260/2646/4922 2222/2645/4922
f 2280/2648/4923 2279/2625/4923 2266/2214/4923
f 2280/2649/4924 2300/2641/4924 2279/2630/4924
f 251/434/4925 263/370/4925 2359/469/4925
f 2277/2541/4926 2304/1390/4926 2299/2552/4926
f 2220/718/4927 2230/2512/4927 2206/2528/4927
f 2202/2637/4928 2194/2644/4928 2210/2647/4928
f 2213/1981/4929 2243/2525/4929 2234/2085/4929
f 2328/2520/4930 2327/2027/4930 2322/2550/4930
f 2294/2487/4931 2310/2484/4931 2293/2483/4931
f 2214/1980/4932 2196/1979/4932 2189/1911/4932
f 2196/1979/4933 2213/1981/4933 2219/2526/4933
f 2224/2113/4934 2222/2645/4934 2210/2647/4934
f 2421/2063/4935 2390/2643/4935 2375/2642/4935
f 2206/2528/4936 2230/2512/4936 2214/1980/4936
f 2194/2644/4937 2203/2419/4937 2210/2647/4937
f 2224/2113/4938 2261/1772/4938 2222/2645/4938
f 2421/2063/4939 2445/1153/4939 2390/2643/4939
f 2322/2550/4940 2327/2027/4940 2318/2485/4940
f 2393/2201/4941 2408/2538/4941 2341/337/4941
f 1365/999/4942 1973/959/4942 510/997/4942
f 2216/1553/4943 2210/2647/4943 2203/2419/4943
f 2216/1553/4944 2224/2113/4944 2210/2647/4944
f 2266/2214/4945 2308/2213/4945 2280/2648/4945
f 2280/2649/4946 2308/2211/4946 2300/2641/4946
f 2407/1392/4947 2421/2063/4947 2375/2642/4947
f 2175/1279/4948 2183/903/4948 2174/1589/4948
f 2194/2644/4949 2190/2436/4949 2203/2419/4949
f 2454/1151/4950 2445/1153/4950 2421/2063/4950
f 522/1104/4951 1347/1832/4951 523/1105/4951
f 2456/2478/4952 2455/2080/4952 2423/2490/4952
f 823/1472/4953 2197/2529/4953 2178/1406/4953
f 2281/2491/4954 2333/2544/4954 2287/1320/4954
f 2188/902/4955 2187/2640/4955 2183/903/4955
f 2188/902/4956 2190/2436/4956 2194/2644/4956
f 2187/2640/4957 2188/902/4957 2194/2644/4957
f 2308/2211/4958 2315/2523/4958 2300/2641/4958
f 2407/1392/4959 2375/2642/4959 2362/2333/4959
f 2443/1749/4960 2420/2600/4960 2503/2650/4960
f 2420/2596/4961 2411/2599/4961 2503/2651/4961
f 2411/2599/4962 1493/2510/4962 2503/2651/4962
f 1493/2510/4963 1487/395/4963 2503/2651/4963
f 1487/395/4964 1318/394/4964 2503/2651/4964
f 1318/1533/4965 1320/1443/4965 2503/2650/4965
f 1320/1443/4966 2443/1749/4966 2503/2650/4966
